user_id_orig,user_id_int
0009a79d-1d76-412e-854e-0cb636eb6687,0
0012bd9c-afde-4948-8372-a734d1d1bbdf,1
0024c0d3-68b5-4284-b8ac-c8804383d15a,2
003ee291-33f7-46b6-baf2-b898002cf97c,3
005a687d-33ac-4624-8c82-b30064441da0,4
0066ec62-63da-4c50-a90d-bf0ffd9d71c0,5
006da8ea-6784-4501-9910-a53caf922b96,6
009b6f0c-4e4f-4878-83ab-a5a86fde247a,7
00a5c01a-5053-4175-b4fe-9067d8e4fec2,8
00a6e073-3a7a-4c04-9f96-abfcb3e56bf7,9
00a985bf-baaf-4058-9569-56dcd63bfd86,10
00b283cf-4ca7-4d75-8596-33fa01397afc,11
00b34b08-69e8-4edf-a245-70996f8b0716,12
00cf1c2a-1a73-4c92-8ec0-a37e5b009cf0,13
00e95480-3cf3-4193-8fa2-2e9673931753,14
00eb15b4-2d2f-4e87-bdfd-a620079f9698,15
00f9c031-4587-4695-8bf6-635f8254ee2e,16
0101fb0b-6273-4e10-8251-cb3c41e7144e,17
0115a6bf-50fe-4877-928d-40015441e75f,18
0116c902-d428-4f9d-a3cc-23ada5534d5f,19
011bc9f4-c54e-4231-b4a3-87d4aed262aa,20
012a43f9-5da6-4db0-966b-3e5701d69a26,21
0133e752-568d-4401-b451-1e9b56553349,22
013442c0-3a70-4257-ad39-5c7005c199bf,23
013da01b-774b-48c7-b767-50222ae6aeca,24
013eeb55-1998-43e5-ba3b-8863e3a574da,25
0162f2f8-ddd3-417f-8d95-be417af26025,26
01645a19-171c-4407-b083-9fbd154e711a,27
019f3021-9d30-4e1b-b90d-59e23fdc5611,28
01a3b377-ef1d-4cfb-8f9c-89cf655481b4,29
01ad4207-2941-466a-8e2d-38d17982dd5a,30
01ba7985-6fef-4c72-8840-b1ba0fb2ae20,31
01ca4082-791e-41b1-8e5a-f079d72e65b7,32
01e1ede6-60f0-4710-a512-093e6e4609cc,33
01e7ac6c-1e56-4cba-8694-c8ac4e2b5e45,34
01f276ad-c844-45f5-a54a-619558e92513,35
01f57d09-429d-437b-ab61-b0c5ada37bbe,36
01f70e79-6570-45b6-89e8-656f2a1a3b6b,37
01ff6c7b-a368-4c44-9c6c-dfa57686cafc,38
0200bd54-d58f-4028-9ed0-60ff50d5f2bf,39
0202a135-6016-4fef-b117-4ac5fbe182fc,40
020422bd-c789-4a43-97ac-0cff921be2f3,41
0210bb4c-8fbc-4b0a-bc16-93e904c046b1,42
022079bc-0d95-4288-95c5-0cf46d6df91e,43
0224bd29-8872-41c9-a651-979fc7d2f2e9,44
022b016b-d2a2-4b60-9e2b-239415461168,45
023092ad-b2b8-4f05-8bc8-de33e10ac0cd,46
0237727e-2e5a-46cc-8464-be32139668fe,47
0239d301-5641-4973-a60c-eecd6e79b874,48
0241ce8c-9176-4390-8ea3-65820f6def55,49
024c4bc3-07d0-4031-945d-59aa28c904c2,50
02945df7-1a29-4e95-8444-0e3e21bf0dcc,51
02a201ba-9821-4c56-8c73-d86f749503dd,52
02adcfda-2b0a-4c05-a21f-9099744a5ad8,53
02b6dfcf-a2c0-4551-929b-8208a0b68eb0,54
02bbc8e3-06fb-4dcc-861f-ce37f61774de,55
02cd49fd-b746-4628-b55f-bda01163c859,56
02d5ea62-4249-49ef-b15b-12f2ad9da887,57
02f3ee65-3b43-42c7-a244-cd5e2b4a352f,58
02fbbb07-4f61-48db-8e67-ba906f71f7fa,59
0301e0a0-4a45-4db7-b7d6-5a9ba8351f6d,60
030a7b09-58e7-43cf-b3a8-5ff5fa6588df,61
031aaef5-b6eb-44a5-aa12-4972d899bf96,62
03208561-0ee1-404b-9e62-549c554e5329,63
03280a2e-781d-4cd2-8c65-27d52017bb60,64
0328932a-f612-4586-9f70-d1f1e5da2e98,65
0331e959-ef27-43ee-9955-dc29a50755e2,66
035c3e58-a209-40c7-b500-5f16be1ca051,67
038d9648-304a-4906-a93c-8333c912dba1,68
038e0a0c-bb0f-47e0-bffc-75bc77188b3b,69
039ef088-7aa9-4b1d-8280-93e5042a5b8e,70
03bb32e7-c099-4ac5-b947-fc1a74baae9d,71
03cddc25-4efb-4ac0-8a2b-25fd32f62ef7,72
03d9774b-762c-4a4b-a573-4cc9497c720e,73
03ec77c8-b45e-4774-9f00-dcec9c286e8c,74
03f0e282-e8c0-46e2-b54d-58f70a7d17c3,75
03f26608-3cbc-45b7-90be-d95059b4aeed,76
040b7f11-8540-4100-8695-62e974372654,77
04311c11-a2a6-43ea-b329-9aa86061cd5f,78
04357a69-4d83-4a2b-a4a3-1409e6b2ab46,79
04370d74-d760-4d77-8211-e263bc86a114,80
04427c0a-2871-444d-9b6f-9829ed25d94a,81
0456a473-d5a7-48d0-8cbc-45601618c36a,82
046a44e8-69dd-4311-8fed-66456ebab1a4,83
046be3ff-71f5-4e5d-b776-573145b0cb82,84
04713a92-b775-4ba2-9b2c-9c7223b8094f,85
04862f6a-fe9f-4f20-9bb1-5be30c7b2e8c,86
04875a42-be9b-4154-a516-d1ad7adcd52e,87
0497b85f-1f81-49ed-b54c-d225a0960332,88
049e24b5-8639-43d6-8622-5934b17bb4eb,89
04a2e7fa-0716-4ef3-bcc8-a65b61acb7f5,90
04b85e16-1129-4c0f-a019-d09fa53ddf70,91
04d43cb7-1a25-4ed5-92a5-55d48d9544d1,92
04e52430-c1e3-480b-a72f-2e3bae498a4f,93
04eead9c-8f90-4d38-a85c-16423e0e6e6e,94
04f784c2-2641-4aa7-aa69-cf1c23a68778,95
050a143b-ccdb-431e-8c72-933f1fd38653,96
0530e8ff-6e97-4a8b-9697-341c0a1be22c,97
055bc29c-ca50-4d7e-8db6-628c622c28f2,98
05635e12-9ffc-4c47-9733-eb97c3734db9,99
05688e09-def2-4ebb-adaf-bba2189aeeae,100
05768b53-70b9-4775-b9d4-62437486ff5c,101
05891966-f27f-4fa4-ad78-a309cbc070a6,102
05985022-9ba2-4451-b99e-0620747f291f,103
059c34e4-3660-432e-8341-6c8e455d63e4,104
05ae9c1d-e67a-477e-b8cf-33c12d13f25d,105
05ca1080-5e33-4072-90e4-d95d2cd4faed,106
05cfa788-8e0b-4770-bddc-0032cd721ddb,107
05cff39a-4da2-4c8f-85be-f863eed707d4,108
05dfb2ea-3593-4ebf-b844-b77e034e3f5d,109
05e28af4-eb55-419d-817b-96347db1f315,110
05e925ff-4423-469a-99c2-9564726ba7de,111
05f22da8-26ca-4a0b-92eb-c12df3d10e76,112
06009ab4-686e-4690-bc77-00800ddc4393,113
06018489-d4b7-4388-aff4-76c32c9ed50b,114
0601d20d-f89b-421a-b274-c10bbaa5fa44,115
060663f9-ac63-4251-b2f0-29257c6f994a,116
0621ec57-27e9-46de-a925-5d2b9b6d458a,117
063194be-c7ee-4b0a-95da-c6d74b1f226c,118
063bb1d5-9761-4955-a48d-a596b1977b9c,119
0640fdec-22fb-499e-bea8-51eccfe9d725,120
06421c91-8210-44bf-95b7-f3c2e20bff45,121
0647811d-ed87-4453-bbd3-bda4b07e0727,122
066143cb-c0bc-4782-976e-dc1181a7cb46,123
067ceff9-ae90-4267-8ad2-9c671e776f5e,124
067e75a7-8b41-4eb4-b0f3-acc691b6fe0f,125
067e7779-5a61-4efb-8e27-dd1338f6913d,126
067f8640-bfdd-494c-8273-cc9d7099fad1,127
06807e63-f3e4-4f07-be86-b3c7b410bec1,128
0681e8e7-7193-4188-957f-690f42a8c874,129
069d8517-6133-4e2e-9c21-4d1bd90137cb,130
06a342ac-2cf7-48f3-b23a-f8bc45b1d48c,131
06a6faf8-0246-4f56-833c-70c2e5c20bf4,132
06cd7fd6-5f25-498a-bca1-e4b7de177694,133
06ceb890-7954-4db0-a2cd-be02910a261a,134
06d6cb63-2d52-4464-8150-d60ab79d8715,135
06e83933-7634-4ce8-b285-d25ad53fb34d,136
06eac7ba-bc30-4429-b7aa-bab45e98d1e6,137
06fe35be-fcb7-4e00-b1be-d4886aa924db,138
070a6699-c096-4603-9aa9-f9bb9ad3ebbf,139
0713d28c-66ac-4150-995e-46ae5dd2791f,140
071dacee-2849-44c8-ac6c-750f6a5f33f1,141
072abdd7-495c-4da8-a584-60db4edbc421,142
0731c89e-a71e-4d3c-9296-2773481a494d,143
073cdd2d-a2ea-4518-9aec-0db535553ec7,144
07452e5e-ecbf-496d-88be-f29a36a6c7db,145
07473cfa-e692-4ae5-922f-a2fc2e0b8068,146
075264ad-d6c8-4dac-ae62-b74ee80cc00b,147
0760241b-083d-4cd0-bad5-bbd6f0e40c86,148
0768fefd-b295-4f92-b420-e4962e790943,149
0769bcac-ae75-4b80-8d6c-747c7797dcd8,150
0781724b-7512-49df-818e-fa1bcf24eee0,151
078a5a6d-b9db-4020-849e-bb99b7616fe3,152
079bf803-26d8-4593-9545-b1c643aba6eb,153
07a32266-bbb4-4f24-a0ff-0d16c7a55289,154
07a38ea0-e272-47d0-8319-f529c791b3e9,155
07a38ea8-06b0-4627-9ac5-9f97e95d519d,156
07bfce0e-9ef3-473f-b7c1-1a3504338d71,157
07c79d71-364b-42f4-8183-f1a1dd3ad6ee,158
07ce3466-6fe6-4c3c-b9e5-641b0dcc4ced,159
07d3cace-d2f6-415d-bf21-bc271910996a,160
07d441a7-6e53-4a79-924d-045b5435aabb,161
07df63a5-04df-44d6-99ac-74a225d3ad53,162
07df9afc-2eaf-4fb6-af7b-64942b357ae7,163
07e04b3c-38ec-46c9-8d51-6ff54b3abfe9,164
07f6207c-8c31-4dcd-b58a-dc2594edb7b7,165
07fa40e6-4419-422b-b1f5-f3876e2c95bc,166
080b9e2c-480b-4a57-b5a5-55f990df095a,167
081c934c-45f4-4a37-9272-ea598d909bfc,168
08217b4a-22a5-48b3-beb8-186ee5c47f39,169
0825a7ea-8e3d-4cad-88e9-835e1e351c2b,170
08279224-1082-485a-82a3-fa8f40934ae1,171
08344ad5-8a32-4b4d-aece-f316ef5e7015,172
0837ab0c-2fb2-4bfd-9404-130b1297c68d,173
0855c286-21ba-44f7-962f-ec6c5d14b124,174
0858b7ab-d3d9-4a10-aeb7-e0aa45337944,175
085a8dbc-0981-424f-bea6-c145f191a626,176
08680f60-3110-4567-a514-ca2634c62fdc,177
08765044-cecb-4d43-99d1-941aa985c0e4,178
088475e0-d256-4ff1-8124-4090f13a7371,179
088ff386-0884-41c1-a771-a3458349c008,180
08d63cdc-8c9d-430b-8dd0-f135327d5c17,181
08dd6b66-26f6-4087-81f3-9549d29b8001,182
08ed7381-b35a-421a-a4af-dc2bfc3e3a97,183
08f24b2f-2712-4dbf-999d-a1b63fa69c1c,184
08f81e66-26a8-43ac-9327-b5a2422f2089,185
08fd02a4-8695-4b61-b4a5-ab04c82f52cb,186
0905ae34-81be-4141-a7e0-e3a43de0c4a7,187
0914e1e2-0c73-499b-bd73-926a81320d94,188
09160989-9804-4e03-8b3a-1b3a3d26dc55,189
091a6e99-12b8-4f09-8b7b-8034f123715d,190
091f9533-6a61-4f7d-81e6-2a8487f7b690,191
092c4fde-e55f-4b4f-834a-1632465c03c7,192
092ee85b-8828-412d-9050-9fe2d61c8e81,193
09529779-8eec-4846-9fb7-45aa95f44cec,194
0953e66c-841b-450d-8708-59504713fcf0,195
095890e8-9219-4b4b-9a24-f8e025158744,196
097341e8-209b-4e3f-b7ca-29760f02a88a,197
0977c0e9-9d88-4a24-9314-4215182ef344,198
097c71a9-0052-47ef-9d68-bd4a481d8a72,199
0988106d-b67f-4532-b1b8-5ddf3ee2c1f3,200
09baf3d5-a47c-4590-82f3-92225f585a30,201
09be0822-a037-4caa-b95d-52b5326a52f9,202
09c63a98-8697-446a-b737-8c5785c85352,203
09cb69b7-9d32-4654-8636-796f0bc083dc,204
09f35251-9d50-4447-b2e1-3a45f0b50ca2,205
09f9b726-d697-452f-b19f-f882b21abc42,206
09fbc4a2-4f10-4de9-9569-ae3a6edb1210,207
0a087d65-0d45-43eb-9de8-5564dade9b88,208
0a09fd46-757c-4c15-af5f-b6b26b428ca7,209
0a0b78f1-8639-44c3-ab77-09eb2779370c,210
0a0fd13c-940e-47f1-9a4b-4781c78f22e9,211
0a184204-88f2-42ee-b4aa-c0f8c262e9d9,212
0a265d1c-dad4-4af5-8178-aaa3fb69fa04,213
0a27bb4f-d5a2-40f1-885d-1baa26abb397,214
0a298d31-3b9e-4a66-9d03-00389993791e,215
0a4bc148-2fee-4dde-9f0a-63b72c6f1182,216
0a5359b5-43a6-4820-9448-01b6676dd1d6,217
0a5e6a69-8832-485d-8f99-9e31c3e43126,218
0a675094-5352-4173-ad40-7841b330ee06,219
0a79833c-a68a-42d0-958b-6c08fa205b7d,220
0a7cd37e-aeba-4f80-aa18-4ff48125c404,221
0a7d79ae-dae7-4c38-8540-423101086a0c,222
0a8c45ce-995b-41dd-b8c3-507f419c2ce6,223
0aa7a949-1316-42b6-8894-2163e30fbda1,224
0ab22453-0bbb-4018-b57e-1a4a9d1828d6,225
0ab3cfc8-4198-448b-8eed-76b7466faf00,226
0ab3eecd-51e6-4a37-ada3-428dcd48c359,227
0abe5cd9-4547-49cf-88b8-5248c53071dd,228
0ac53452-22e0-4a8b-ad0a-f8326c542e56,229
0adf038b-8e6d-45de-8c96-9f7e09ecc08d,230
0ae76ade-479e-4160-ac4d-38a4c0879777,231
0ae954f0-45b9-4199-83ea-7bb920571ccd,232
0b079bec-2a5c-4876-9493-d63a298c681d,233
0b0f4465-907a-47ea-bb32-c4c5e98feca3,234
0b177880-9c2b-48cc-8add-9c849a9a9916,235
0b19907f-4d9a-4963-a37c-8551f741c432,236
0b27f4f5-5042-4096-affc-6878537c166e,237
0b378c59-508f-42ae-a57d-a996864cb963,238
0b3aaa1b-9879-4ec6-990c-6774bacdd190,239
0b4bbeef-873f-4def-9b31-f7ac3ba30df3,240
0b53e1be-e154-49b9-9e5f-6454b1900f38,241
0b585ad8-af44-4e65-962a-06a21336f8e4,242
0b829432-b5f9-4fd0-a72a-376898fb81f1,243
0b8d8c79-384f-46ad-9fda-676c740428e7,244
0b8f643d-fe2d-4f9a-989e-6a877a21115a,245
0b97dd27-dc60-4304-adb5-b5f02abd9d23,246
0b98aab0-06d9-485e-9299-00b637c2cc70,247
0b9b0014-31e8-4129-8259-dea04becf5d4,248
0ba19229-ed2c-4ed3-9858-921537c4ea28,249
0bb3d228-6c43-4025-901c-e3e0c73888d3,250
0bb4314f-e1cb-4506-bb0b-672312a73459,251
0bb52abf-833a-4ac3-9614-4a423281c132,252
0bb74020-6464-4721-8159-11b945d0cd90,253
0bc22f3e-e1ef-4ca5-8d00-00496840deb3,254
0bc63436-6b0e-4004-ba08-77b8f2666d8e,255
0bc84046-b159-4df5-92ad-40e79bb23b1e,256
0bea38f5-e52a-4671-9c4e-a4f1442b7802,257
0bea5dfc-34dc-4ec4-8d54-887a9c57b20c,258
0bf5a8f0-cfcf-4e74-bbd6-f451ff682d29,259
0bf796f3-33c1-44e5-b487-8e886d213780,260
0c0bac4a-988b-431c-b7f5-1d71b053cfe9,261
0c143708-1afa-479b-9fd2-88e90f51fa84,262
0c1440e5-bc2a-4b08-9eb1-57e792f525ea,263
0c1671ed-b617-4b5e-b2b7-c7407ca25e4f,264
0c1f3ce7-20c5-4433-9385-bf789e5bba3a,265
0c20f2fb-4725-4259-b3bb-3e28776b8add,266
0c23c293-81ec-4592-9567-e130589e42f8,267
0c25229c-a1d1-4faf-8eed-1def9c1c54e4,268
0c319b18-56bf-496b-a8c0-25361173e079,269
0c3490e5-c105-4c62-a090-e47febaa66ba,270
0c4a780b-b43e-4362-9e49-452a0201a305,271
0c4cf3d7-0a46-4490-8509-bbf8a4a631c8,272
0c54ed08-b654-4914-839d-610d7f4642c5,273
0c5d3980-fbfd-47d9-b884-40056f73a19d,274
0c73b08d-85b2-4b86-92a9-33dc010fbda0,275
0c758941-72df-4067-ac9c-171616b5183c,276
0c806cb1-39fd-46a7-a7e6-62c92487bfd7,277
0c8f42e2-0379-4b78-8f4c-74c1ff4e4db9,278
0c927c42-d757-494e-aae1-77a688d4ac8f,279
0ca4b624-57e7-4ec5-8694-914e6dcf1b42,280
0cabdc3a-333c-46e0-a705-17527da43e16,281
0cb21fed-99c0-4791-b796-0b47d5c1cd9f,282
0cb96154-df4c-43fc-9e51-cc1dc9cfaca1,283
0cc3d41b-aeda-4697-b615-7df5c6c0e039,284
0cc9c71f-92f1-4506-9814-884d76993615,285
0ccd0cff-22ae-4ced-8980-cda8cae2419d,286
0cdc3e42-036a-48f1-9e06-55f18bbd2376,287
0ce0ba72-43bd-45ac-9a15-974d30dc688b,288
0cee5b15-2b3c-492b-9cb8-cf22e2dda7f0,289
0cf8bcb4-8182-4917-8add-f03646a3320c,290
0cf9247c-8529-4543-a7f5-895e1a4ac741,291
0d063bbb-e9fe-4a81-90b9-79451eaa91df,292
0d0a9030-ebd2-450f-a982-2271b44af3cf,293
0d0e486c-d74c-45bc-a909-74810e80b030,294
0d16fae6-0120-4018-a29f-ed07a8c558b3,295
0d1a922a-8129-45e8-9148-5597be7af49f,296
0d41c6a5-7fd0-412a-8b86-006276980922,297
0d44b5ff-ea12-478e-9c09-491967202c67,298
0d564bb1-e883-4fc7-9b5a-1c39ba9471d0,299
0d611711-170b-4a3d-9df9-542aba3ae91e,300
0dae4690-9752-48ef-8c06-61fd2e54a788,301
0db4cf3f-42f5-449e-9f05-aec8f4411701,302
0dccec84-79b1-41ac-8e0a-f62eead8e7d3,303
0dd1bcf7-b538-405f-81c0-6433c93f54fb,304
0dd24c11-b0a7-429a-bc77-d5e1203362fd,305
0de2f8ee-f008-4523-8a2a-40f7a7e106b2,306
0df47b18-7952-4b5a-8ad1-78def5b2189c,307
0e0f1fa9-1174-4044-81f1-15ef8d6be61a,308
0e1a9455-a2c0-43fe-b7b1-354bbf1da9b8,309
0e29373a-d8d0-41d7-bc3a-72f185cf221d,310
0e2d6773-a476-41c5-8703-8fac6d05e070,311
0e2edc67-55f3-41e4-8dce-df4d61f7fb7a,312
0e2f27d8-2a30-45c4-81b2-622ac4216994,313
0e3936c8-e53c-41e4-8bda-4a39e2baa0e0,314
0e4c3742-752e-4382-ab1c-850820f6df7b,315
0e5e2776-798c-403b-880c-bc9f6e8383ea,316
0e5ee078-aeeb-4088-b145-61c4d85af692,317
0e668784-75d2-464d-8951-0a6e4abf1daa,318
0e6f88da-d2a2-489d-9eba-9259c6c91c6f,319
0e8c3394-d02e-44b5-9f37-431223bc4e9c,320
0e926843-1cbf-42c5-962c-fbaf6e2ff5d4,321
0eb0373d-5f82-4a79-87a9-facef992c9c5,322
0ebe455a-378f-4e3a-b45a-f84415a32966,323
0ec71cd5-31c0-4716-b648-dab722989901,324
0ec87f59-2523-4ff5-8ea4-1585fc2aea44,325
0ee2bf26-26e8-4cb7-81ba-a148fd349587,326
0ee3ff4d-31bf-40dd-a23e-89df28904eb2,327
0efc5734-06ee-4511-b060-4dde0e2bdfe2,328
0f18851b-a5d3-4e13-80e9-09c95ac23a34,329
0f242e42-766b-4768-9bb0-20f229e85591,330
0f3b839d-0c12-448a-ad8c-31f801a1d860,331
0f478dfe-e9b0-4403-8fd1-5b6bf398c6ec,332
0f57035d-a467-4869-83e2-da839f983fa3,333
0f75f3a0-aa4d-44b3-818e-8207ea2d4b02,334
0f7649da-cbd6-44d7-8a9e-75ac8ecfd094,335
0f8387cc-4a4c-45ce-98a8-1cb6b2cb67eb,336
0f9732f7-a369-483f-a3e0-d9701d76ce7f,337
0fa88ba5-c48d-4b7b-9295-e5119d30a989,338
0fcf1047-da50-4026-b3c7-817bf03221ae,339
0fd83bcd-0d54-453e-9464-7d6546aa362e,340
0fdbdb2c-23c9-4924-b61f-5a19395d6d3a,341
0fe38373-0f15-4776-b43e-c0f5d6f381c3,342
10003dc5-4a79-4584-8629-6e1f6e4d9fac,343
101c47ef-7306-4534-b67e-3bb57b4b59d6,344
101fc98b-2407-4d5d-a7ab-6b4fffd62efb,345
1046d6c0-3640-4465-bbb1-fc4318947a39,346
10471013-771b-49bb-bc10-9f81435ea007,347
1052f643-1abf-4cc1-8a07-7394bb195bd1,348
105bbf15-07d1-4167-ab0b-b35ffb5b9775,349
105d67f9-73a7-4739-b77b-b5795a6d0981,350
1060a20d-5de1-4d63-817b-3c17028feceb,351
10774e7d-f3fa-426f-a0dd-113df4dc4269,352
1078101c-b153-42dd-8e42-a59e9a77facb,353
107863fd-7aca-4d56-b2b8-17d9adddd69e,354
107ea38b-339e-4931-be3c-332421d13861,355
1081d45e-0763-45bc-be6b-bffa9b835cf3,356
108618e0-cb1f-4386-8639-e657694f7818,357
10945a6c-3e5c-4cb8-9a56-afbe366d9a2d,358
1096ca89-d2f6-41c5-822a-915cf9cad559,359
1097673b-f81d-4008-a2c2-29ac521577bf,360
10980c84-a6a6-443b-8726-7c5277d02991,361
10a4693f-19be-4d5a-b52c-e282eabffb68,362
10abbcbe-60ba-4ddf-9227-23d66f4cc30c,363
10c07e8e-4ff8-4c1b-8c3c-f5c994f17f85,364
10d63034-7311-40ad-b500-9e4d1f5e3aaf,365
10d9623d-c8b5-4983-b714-f16e1fa68292,366
10e050ca-002e-48b0-bfa0-a6c06b43265c,367
10e65cf1-df5f-44cf-b1dd-d5878ec46ca2,368
10f4f628-dc4f-4230-8391-5f1b9369d493,369
1101c46e-6182-4e04-a8c1-cfe685f7356b,370
1109c8e3-0301-4244-a0dd-40d66feb7353,371
110b4c85-671d-400c-8c87-8353d3ab2b9e,372
110e4cea-e6b9-4fd1-8075-61bbcdf6f033,373
111f5a2d-08a1-49cf-bd2c-dde1ce2fe2da,374
1127575a-81b7-43a1-9ade-fcc3feff6035,375
1128aa14-b564-45cb-ade6-2f1fa19e566b,376
11311d5b-7328-4395-8b4e-70a48bf45561,377
113f4b1c-55cb-4a1e-8d0c-edefe5918dd4,378
11658071-818f-4a3c-b627-726a7cb6d292,379
1165a829-d995-4cff-ae49-cee234ad79e4,380
11674bde-20ef-409b-bbac-fa51c7217b98,381
11682329-c9c9-4894-bc5a-5da8b15dcf68,382
116adecb-1a03-478c-92e7-f8d668886aca,383
11722c46-3587-41b7-b54c-f3cfb71e84cc,384
117e6460-d053-4b38-9812-9125fea7603b,385
118512cd-bb8c-40a5-84a8-5b5ec5d015a2,386
11ad6e4e-7ad8-42dc-93e7-d327b58a716b,387
11aeacd1-a6f7-4555-abf4-3450c95ad934,388
11b49521-e3bb-4c40-952e-1f01e29c69fe,389
11b8de49-3dd0-4650-a13d-8fe69d200e26,390
11daa07b-8585-4eef-b76f-ba32fa61060c,391
11dcc14d-740a-4a8f-8354-c5d94f466cff,392
11e3d62f-a178-4699-8107-ce8a1ad16ea4,393
11f467e8-0528-4df7-b708-0d734b0f6c63,394
12027bce-85c3-49cc-8eb5-eb48fda1210e,395
1217bcd5-d2eb-410a-86b9-392a3737f861,396
121954cc-a50d-44dd-85a9-37a015b0ec27,397
12258614-e955-4f7a-9beb-d20093276f6b,398
1228e445-8450-4538-8a24-60316f13276f,399
12347dd2-4a48-4d32-8de3-ec68bae61aa3,400
123a659e-19e9-4f42-8df7-7b68c8ef524c,401
1242d2b3-463b-4f0c-95c3-7bc372e1b704,402
1249f6d5-05af-4a00-85be-82dc6f33642c,403
124f502d-0a21-469e-a1fe-ee8e239cf3e7,404
124f5ff5-fc2a-4062-bdfc-d89c3029ef55,405
12503d43-82b6-40f9-97e8-ef03fb70bee3,406
1250a355-33b6-48af-a1b9-042c44d45a33,407
12555042-dca2-4cf5-b5af-37dbb0b6b65f,408
12584807-cb5a-4ecf-af25-f7b92fb2d0d6,409
12589406-955b-4014-91a7-880d8f7986e0,410
12619d04-35e0-4413-be3e-e4361159216f,411
126efe78-898f-41e2-9031-d2c90dc42632,412
127eca52-04a2-4fce-8e68-fcfd0722a323,413
12812e3c-cafa-461a-94e0-a12956127a46,414
129200a6-1ae0-43bd-9518-0f374533c418,415
12998cff-6bbe-40ad-a07a-4eb95ff1aa78,416
129c8614-72a3-4f5d-9753-8b7c46344783,417
12a09f95-604e-4b5d-88cf-e13f4925c884,418
12ae235a-270d-43a1-8c7d-5b5d78e2e80b,419
12b4a16d-1e6f-4bb8-8714-67a144f10056,420
12b9c101-dfbb-4e90-bb61-ad852d44494b,421
12c81c37-c1cf-47ed-937e-a942d84c4ecc,422
12da6922-dd70-4080-85e7-a418b7c58c4e,423
12f41472-8664-4f6b-ae9e-c2c1c9781228,424
12f7d375-ba37-4d28-8ec3-794f9e840c14,425
12f950ce-af33-42dc-843f-028f69a057f3,426
12fba03b-a4ae-4937-b238-1a5a71ac057d,427
1301950e-34fd-474a-95ff-19e1c066d3da,428
1302b447-4132-4daa-9512-59a16ef69c37,429
130f225e-b746-4710-8bac-bbef1029586a,430
13128269-279a-4d9a-a7e5-7c59e2b6bfdc,431
1318902d-945f-47c5-ab09-935f3cf23917,432
1331face-e52d-49d2-9e2c-dd4d5d4d7208,433
134499c4-f991-4c89-b40b-818d6b105f7e,434
134f41fb-7fb2-48a7-b282-98a4252d9546,435
135174fa-c078-41f9-8f9e-e70b0437b12b,436
1378fbc8-6fde-429f-9f7d-52cacf9dfb3a,437
138d9e02-b911-4793-a77f-6d69a3b35236,438
13936d14-9cd3-44c0-ab89-40c4f0b39026,439
1396cb46-ae5b-4d89-83d6-e7d651c6de22,440
139b2e34-3538-4436-951b-a526f9214c17,441
13adebc2-28b3-4853-9dae-d7315c059ef2,442
13b70a7f-9266-4910-ac62-2aed249768df,443
13b7a95a-7669-481f-b1bc-0d2f2257b5e7,444
13ba5e95-1ecb-4461-85db-c8f40cbb4d71,445
13bc9328-efb0-4fba-8ac2-1541b6f7a244,446
13c2c315-f67d-47a4-98fe-eca76d3d7d17,447
13dc2fe1-7d7d-44a3-8c3a-0cea4d0ec1f9,448
13dd78d0-3f33-47a0-93af-e13a599b2120,449
14071296-fa4a-4883-9ab8-fa2112196a8c,450
14133930-439c-4c2f-95fe-67fe8c7af8e1,451
141c0f88-7a67-4418-815d-64d7e5be6bc0,452
141dabb5-6663-4d06-82dc-c95efe16c54c,453
142d5e26-fb3d-465b-976b-929f1426b279,454
143fc667-b0ec-44eb-b3ea-a93ef301a253,455
144b2d09-083c-45a0-ac07-355ec38fa71b,456
14636a65-c549-4269-a993-5acb90718847,457
1466e93f-ada9-43fe-aabe-053b4bd2d688,458
1475d88b-9c19-4585-9736-623fdb4c8149,459
1483ad99-8fa5-4aa7-9d2c-9f4a8f0420c6,460
148a7117-d01d-40f5-93bf-9a5b19bb1572,461
14a68bd2-4609-4494-b54d-981528d010db,462
14a6e356-064b-4d0e-8ea2-28d3d9dcec07,463
14b95c0c-3d04-49a4-8abb-a46738effdf0,464
14dbdae2-9589-40cf-88e3-37e2cb85de73,465
14e6e5b2-ecd0-4187-bd9c-67232ed941f5,466
14e99141-2a32-4d0c-9304-5b47ac3ccc7f,467
15018c7c-0f5c-4372-9453-616c6edac3b5,468
151388b2-19f1-4495-a349-7b8b1a4e6fd2,469
1514e2d2-ee62-43d0-a383-10bc2b35a262,470
151cc4af-f5c8-45e3-a17c-b7c467ad7bbc,471
15227d6a-20aa-4a9d-a42b-98bc175625e9,472
152c8790-24d3-4539-b257-36c675efbd5e,473
153e6ac5-f97a-4f2b-8393-89f6a9e56b75,474
15401890-2cfe-4558-bbf9-691ffa05d5ac,475
1540bc21-bb87-4feb-a75c-582348c10cdd,476
1542e971-c5e3-4c3d-a665-753c1a3d08a6,477
15433652-d66b-4a40-915d-917fcf0a04ac,478
154585b4-de9d-4e07-bd64-8e5882ec7b0c,479
15497552-731d-4ded-be09-f79bed570256,480
154bdae6-fd6a-4c62-9f35-e46a5214f576,481
156e3ccc-3934-4467-abb2-5e141ab0329c,482
1576acb5-730a-45ae-b10e-c11ae669320b,483
1587cf83-d71f-4ac5-918e-56016d67f911,484
159752e3-821d-4777-acd3-294e04ebd834,485
15a3caa3-d1d7-4bba-987a-b78cec36785a,486
15a86da7-ac30-4b6c-8a4a-5a2d466e1e96,487
15a9460d-6659-4250-9d98-e4475e55e526,488
15b64fc4-3228-4d0e-bc80-029d2b5d411c,489
15c02386-090e-40a8-b930-4e5d2b4188dd,490
15c3fd15-71d2-471f-b56c-ec2738825eae,491
15cb95cc-8c13-48bc-9f31-145f91031703,492
15d46b26-e6f0-4850-aed3-86231db3da6c,493
15d56f90-e0e4-4d32-a3bc-1b24d4bae595,494
15d8cfeb-5f08-49fa-b468-a609f9603640,495
15e8918e-ae46-49bc-af35-0076caaf1dab,496
15ff21a0-689b-4e4d-a512-7ba4015dec1f,497
16106a7f-1602-4ac2-a329-f28a142cbffd,498
16160144-b10f-40a1-a320-0718fd6871ea,499
16176c33-e6c9-4cb5-a1e1-f6183895fd53,500
1625c759-9678-4b5a-8b99-7f91fd25a075,501
162dbb52-394d-4f07-b184-9d7c74dca692,502
166539c8-464b-44ec-befd-e4a929608854,503
16677f49-b82c-48ae-a90f-45fb17dd7dc7,504
166b217d-fa26-4f83-b30d-d3ddbb48f44d,505
167880d9-9775-4901-916b-cb7cda2e6388,506
1699b32a-df6c-40cb-9a95-aca28769c03e,507
16a722a8-7003-410d-a85a-fc6c11629503,508
16ab549a-a665-4e6d-8029-2ee499ddb0a0,509
16aee75f-7f59-4fd4-86c7-20b9b67c5d2b,510
16b41f71-5dcb-44f1-b0ab-df4cf30c3819,511
16b50018-2bc0-474a-aa2d-f9531062178a,512
16b769eb-c274-4e0e-a09a-014cb0b396f6,513
16d15f2d-9c9d-4046-b4a1-f35ce656bf37,514
16d55b47-6450-498a-8bca-0a8b2f793f7a,515
16d61af5-776c-47e2-9fa8-cc4e7dedfc01,516
16d66281-6af1-49f9-8a38-934280f9c027,517
16d6646c-0c52-41ac-a593-d11012f2e7e3,518
16d85a21-b921-4e4c-8c61-6e494d8fe4ab,519
16dd223b-f65e-463a-bc36-9a7fed9bfe5a,520
16dd766c-9f37-49d8-bb6c-ec353e8caf19,521
16e23dd0-dcd3-40d9-a943-64f2ce6bf990,522
1705b016-387f-4d54-b995-240890675e62,523
1706bcda-5f83-4a94-b70f-67275a934555,524
170d9961-ab32-4739-87d2-782080c86175,525
171d7a80-e3c9-4f2e-a343-a9ea03c1b17f,526
173a95c4-052d-4bd9-a7e6-e32612472683,527
173ac5fa-dde7-4775-b812-e0eb021de377,528
173d5e8d-393c-4869-80d2-453f6443f568,529
17478833-6144-4830-a5a9-82c00fe76a53,530
17589e73-f81c-482a-b020-08dcf4c9bb3e,531
17608ed7-134a-4d83-9007-25d115e88e4a,532
17663447-94e7-4c6f-9dfb-7cd66d607b42,533
17668da6-5298-4f37-8ae8-63fb559d6837,534
176a614b-1db7-469d-9aa5-8e309ff72516,535
179302df-f84b-4d1d-aa18-eb851f5f7619,536
17a7ba9e-8056-4608-9a2e-9fab08a99918,537
17acd6e2-9fe6-41b0-9760-0acbea8a1b7a,538
17b94ac5-4f8d-4f0c-b8cb-64d0e7664f15,539
17c20dbb-905e-4463-86a4-c5bb55df63d9,540
17d7c3f5-ce5f-4002-ab06-c361fb286d3c,541
17e72182-b399-4b83-b258-25842f551d88,542
17eb1f4d-3dab-4ec3-a867-dd5bb831c313,543
17ece468-b65f-4c20-b570-8dcafd6da9a3,544
17f20ec5-188a-4c43-a6d7-d22ef03593b3,545
17f7e4ab-cae8-4fa6-be4e-4a273ad5d166,546
17fa5ad9-b6e3-4321-b072-3e68068d7c7d,547
18016aec-1294-4f52-9f0d-52c26bd33f7b,548
181482b7-2b58-4de7-895c-b8a40c0240eb,549
181c66ec-9c8e-4251-bc4e-e4db7138f21e,550
181fac5f-7048-428d-b233-c5f070d82dac,551
1837366e-c714-42cb-bf96-38e738975ad5,552
18386574-2a0b-48aa-96af-c7cdcb614034,553
18416716-2c9e-44d7-ab69-9efede02e58d,554
184c24e7-38c1-4e22-96a8-95bd3cf7ad19,555
185cce88-8a82-4297-b75f-6d5af01b3e1f,556
186485f5-16e6-48ab-9732-12df184618b2,557
186d7bfa-2e41-4721-b0ab-7c7a65553b43,558
186e452a-a3d5-4e76-95d9-23af9ab3e345,559
1871dabe-1127-4dfd-a97b-84a8b893dc82,560
187bb101-c968-4dcf-a5be-1766a2baaa6a,561
18813594-5cdd-4d72-956c-b8fc6bfdcfba,562
18925021-fc07-4882-ae04-c984c8a3e6d3,563
189282b7-d708-44b4-8030-92522a066d5a,564
18a04cd6-1965-466f-9f5f-02902baef6ad,565
18b5ca5e-b600-48c4-a09d-e8a7e68c7c80,566
18c0b6d1-8c10-4f7e-b767-902f2fae7bd6,567
18ce6d44-3101-40ce-83d1-b407fdb85e3d,568
18cf414f-6ba7-47d2-b641-e3809a53677b,569
18d5a44b-6f3e-4711-8117-1c844a346842,570
18d7e780-90fd-41b9-a29c-8ec141ef92d6,571
18db0d70-cf87-4a76-aee5-2aa9aee19a3c,572
18db51ee-9dac-40dd-a18f-40fbac9be877,573
18dee979-86e5-461e-950c-9c381c108563,574
18eb2ad9-fcee-4693-a5af-d4bf7e499e7e,575
18f0f11f-67bc-43f3-bc46-dc7320e7998e,576
18f3e28a-7b66-4a3b-8825-e18773a44ee8,577
18f76bd9-8923-46eb-a29b-b473b5069739,578
18f8e77e-378f-4acf-8de3-e458445eeb8f,579
18fa389f-b5df-4009-9fa1-21dc501b86ba,580
18fb9d39-ce27-4524-a921-2f4cb90aeba5,581
18fc05fb-6a59-4e81-8751-069c4d249bbe,582
19089593-4c65-4863-b3ab-38223f1bd846,583
191f322a-c9a3-4cf4-b59b-b37eb9052e2b,584
192046a8-b82f-40af-9ce9-bc8610686ce8,585
19348ae5-d9bb-4171-9f9a-00b6e101bc72,586
19357219-6ad1-4535-b36b-4cf15322ef26,587
1944fbdf-9a2c-4afc-a2fb-4765596a9bd8,588
1946d0be-0b67-4952-8aea-89c397cd7a93,589
1958f725-97d9-41fc-8282-495df307cda0,590
195acd5e-fd1c-496e-bb01-770097477e5f,591
1977292a-cb50-4e79-bf91-17036e8406fb,592
197d4d85-8f7a-462d-9e64-f9492db4d464,593
19889614-d5a6-4042-a61e-9f1c569e1d6a,594
198b3ab2-c390-4325-b83b-89bc4f6ec734,595
198ed14d-b675-439e-9d5e-28ba5e6f0acf,596
19916120-f30e-4296-ab50-a91410e50a41,597
19940727-8c04-4b68-afff-8ca7b1c81d11,598
199a0d69-c017-4261-939d-bae8b04ea37e,599
19a27198-2983-4636-87a2-103042296fc4,600
19b89e5c-9aa0-4e1e-abc6-10dccc3f52cd,601
19bedee7-4663-422f-95bb-08aba4596a36,602
19c2dd36-1db6-4339-a965-78b1dd61bb27,603
19c5aa2d-0181-46aa-90ba-f0b44717fa4a,604
19d77c3e-6b35-436d-b0c6-efc1370166fd,605
19e011f3-b7e8-4f48-b315-48d9a7ec2722,606
19eb98e1-2993-4631-b1b9-48f4c960dd21,607
19f3d379-3c6a-4b5f-910c-bfebdc41af4a,608
19f65971-5f4f-49f8-b57d-b91e735c49fd,609
1a04e2fd-e7d7-4d66-8463-fc89e0e2d6c5,610
1a0756e4-2fed-455b-84d8-be8b3855763e,611
1a18aa2d-edf5-43aa-88fa-ba51155e4965,612
1a1d129e-7427-4c5a-a42a-c667239c5d25,613
1a1f4368-f10a-461d-9c50-3508c664c39d,614
1a2600f2-70f9-4d95-9d52-5b2aafec109e,615
1a3143a4-daf6-4700-b5a7-d089f1d49b81,616
1a3b7490-919d-41ab-8ca6-da1633765671,617
1a555fe5-729a-4c17-bd48-64716be5054b,618
1a60d96c-41e2-4359-8b37-77ceee671338,619
1a693245-9942-4e85-bf1c-4bd2eeb669cb,620
1a7ff8e0-3f6b-4d92-9b15-127ded99c121,621
1a82fa71-0932-4e3e-8729-3a003e6a72b7,622
1a877453-8e85-4d45-822a-f498f432567e,623
1a8aa803-5b50-4a2d-9593-80252410d8b7,624
1a95b142-7c01-49e3-be0a-36073db19549,625
1aa60b59-8a1a-47d9-8a6d-248fab25a1ae,626
1ac88539-3621-4ecf-aacc-b296e8086a98,627
1ad76f23-f6f0-483a-84e5-1ac20c3433a8,628
1adf390a-b049-43f2-a3fb-a2316a7bc41a,629
1ae3d1c4-04f0-4b1b-8ad8-28813f0b0c86,630
1aed5d5f-ee87-4383-8405-5c3b3cde7347,631
1af19f48-7ab3-4190-826f-002f4265c981,632
1af3b2f5-ea40-432e-a21c-e68713ea2fe8,633
1afd5d5f-4ba4-4ea3-9fae-e7dbb1a3a537,634
1b025bc1-af70-4228-ac16-fd6a029ee73c,635
1b099240-c52b-4d2b-9b18-6c283712f268,636
1b0c248a-81e6-499b-9624-373d5ea2b08e,637
1b10e9ae-5f26-464c-a8c9-a5424d7d467a,638
1b15e0c9-0a16-47e9-8099-418e0d40f7b0,639
1b24e01c-b2d2-4a13-ab02-6ff86470f4e4,640
1b2573e9-ffcd-4153-9d4f-2124b007d05a,641
1b3558b6-7383-4aa1-b44e-48c74a4be604,642
1b62ad7e-026a-4e2b-b3b1-bfbb714262be,643
1b66249c-670c-4319-a352-7849d953f61c,644
1b9b8afc-61f3-461b-a42b-889861556072,645
1bb7e80a-3ccb-4c7b-b59b-d4e99759aa0d,646
1bc28ded-c0d0-45cf-81b5-26929eaba705,647
1bcc3560-1d6b-4b43-9937-734ced101737,648
1bde1df4-7f25-4d05-bca3-ae0ab8875482,649
1bdf08cf-f7b2-4d0f-8944-352cfa5f8e4d,650
1be2d3d9-57d3-45ca-8c70-8abe2304c9c2,651
1be6854b-51d3-402a-b7d3-22f1c83b3836,652
1bf62b13-2fc6-4238-9522-9a45c7644ea0,653
1bf78430-fd78-41c9-a8d9-984531bc7d30,654
1c0462cb-f104-401e-b5d7-946fb661bca4,655
1c062137-7288-406f-9e6f-dfe0fd0088c3,656
1c0a3d3c-b0b9-4ffa-9aee-ac49b87ee441,657
1c1c8c89-d48b-42a7-9a1b-bad76aa7df7c,658
1c212f6d-ad3e-4c9c-ae54-fade1403deae,659
1c3a16b1-380d-40b4-a280-0ae8f176354c,660
1c4377cb-4ae0-426d-83e6-1d19e15ed622,661
1c4e6e37-1d48-4607-bc08-a4a5000970b0,662
1c5223e1-7130-4fad-bd54-61b77a6a4a52,663
1c61028c-cde3-4137-bb8c-2695f5ca0484,664
1c6175ec-d104-4715-adfd-04b00bbb3dd4,665
1c6a7200-2b6c-4bd6-9ea2-a632858fca72,666
1c7ac2da-c749-42eb-b713-77057a444654,667
1c836c16-691f-4101-af1a-26a63ea2d47d,668
1c83ad7b-9601-4445-a805-fe8465225485,669
1c87d335-6116-421d-94f3-fbcfda29735e,670
1c8e1ae5-09ee-472f-8dd3-5ba36ff9ce93,671
1c963c23-06cb-475e-80c5-c56ee548d857,672
1cae1e5c-e4c3-4665-934a-63c1b3254006,673
1caf5b43-a5c6-49e9-93b4-8f8b736d0455,674
1cc4ae1a-d0d9-45e5-a5e5-5da52838b561,675
1ce2d36d-4e26-4911-8700-83f49c615040,676
1ce70dab-24d8-4bdd-94cd-e7d050981d8b,677
1ce8ea38-306b-4a9c-922d-631e6e3ac82c,678
1cf24791-2ac5-4bcc-877c-2b9596648ec2,679
1cfca40b-ce6b-48db-a321-046526845d8b,680
1cff4f88-4238-4474-a6ef-e217486fb86f,681
1cffbe3d-d7e4-4a94-b9c4-124b690cf7be,682
1d05ed95-f6ad-4873-8378-c705e6364368,683
1d169daa-ee49-4136-adfe-42d9b94848e1,684
1d390acc-9cd2-47cd-bf5b-bdab632e3cec,685
1d44e0f2-56cb-4be3-a6ac-65fbfe747dc6,686
1d45f8c1-232d-4ea9-963e-a8d760870612,687
1d4e82f7-fd18-42b4-91c7-a65579732625,688
1d5775d7-ecef-4de0-9dab-a626ec3350b7,689
1d75c7e5-4fbd-4f4d-b82e-1f319ff81fa4,690
1d913c01-1c77-4d81-afc3-a8b7c526c24d,691
1d95f4fd-a97e-4ddf-9c89-d5e3c07df898,692
1db53ff0-5b22-44cd-ac66-5d2ada7a6de5,693
1dc8d3fa-8825-495c-ac28-48bf5f21b915,694
1dcc0b73-2f4d-42fa-a791-2a7699921fd5,695
1dd321d8-ee10-42e1-8507-9a638922a716,696
1dd603b1-b214-4c02-80ea-69377f8ba3cd,697
1dd82170-c5b0-4a34-bab5-d9c4fae77f95,698
1de20db0-e38e-4188-9ada-f8dda1338627,699
1de87f77-99be-4512-8b2f-3d770dcd7dbe,700
1dec4b44-e1d7-4c4b-8a0b-d366aa50334a,701
1df0c3c6-ce72-499c-a5c7-e7642755ee9a,702
1dfdcad8-08f5-488a-ba07-193ce7543899,703
1e04df8b-04a5-4c0e-8958-fc2276e0f45f,704
1e07aaf4-9c73-4ea0-9156-f1a657c1f4db,705
1e0a1eb1-61da-423e-afef-10b6a7fdd0e2,706
1e16181b-a3f1-4f99-afba-fcbe295bec98,707
1e2ac636-8a69-4fca-a2a6-a23f34fa5871,708
1e305244-7d8d-422a-a7dc-42456bd658c3,709
1e32e189-24da-406b-b0a1-8fabcf702150,710
1e404583-31d1-444b-9f0d-f217f72f5c6e,711
1e5745fe-fc2e-4112-a546-52aced0d2d9c,712
1e591be3-1868-4302-94be-68cb74074b50,713
1e5ef7eb-be94-46eb-87d0-7adffa5bcf17,714
1e7ab49c-c778-4f8b-aeb0-7b47fad2d6c7,715
1e8cc5f8-0ea4-4ff3-a6b4-a3636fa83f39,716
1e998e29-ae29-454b-ad40-72bfb5c20a57,717
1e9d0f1b-7259-4518-ba7d-30cb2f9d9a6d,718
1ea4e59a-fdce-4206-a58e-94402aef5160,719
1ea6695f-74c5-4272-baf8-35580c6a9026,720
1eaa26c2-8a87-40aa-8cc9-89230ca03740,721
1ec49aaf-aa10-49a7-8ed6-c35820306161,722
1ed2a0a2-1748-454d-ab4d-f172133c8430,723
1f112095-eb0b-4d0d-80a2-6310b3728f0f,724
1f1495dc-cae5-4a23-bddf-f3324698e43c,725
1f1ef3eb-6bb0-41e8-9555-0304043b7365,726
1f2a033a-0881-4e4d-a90e-e7ddb5b6d100,727
1f362f61-9def-4427-acf7-6dc970376bc0,728
1f3f2b03-e492-49de-8dac-9989ee68c9a5,729
1f434eb4-83e8-4f38-8dd8-45ea47a9a4bf,730
1f4e9195-9179-47f1-a012-d9e409d20d6c,731
1f55e13b-0cf6-4185-8a33-7e36f447642c,732
1f6dfaad-79a7-4e30-88af-4f5636c7432f,733
1f6f5e3c-168e-4241-b949-c7bddca9e1a1,734
1f81629f-0e96-4710-9c2a-9ea33fc43c32,735
1f81efde-2363-47f3-9dc2-a9b298a2b17a,736
1f86a964-c70a-4a85-af69-7fa2affabc1a,737
1f8d6804-8b6d-4f4f-848a-25d48f7531d8,738
1f953f20-fedc-4056-88e6-01415e0ff2c1,739
1f95d888-81cd-4765-9ebf-54d027c1be26,740
1faa0da2-37a0-45eb-9ada-7adc33a81d54,741
1fae82a4-c004-49d7-a94b-6b953474eace,742
1fb0696b-00c8-454d-bea4-0666ca0a97b0,743
1fbb3372-8fa0-4d1b-bb86-dcb9bb59db92,744
1fca8fa7-6b73-4cb3-b3df-284ee4927d6d,745
1fdc004c-1c44-41e1-bd03-0266267a53d4,746
1ff2719a-b55f-4c5a-80f7-c73069cb5155,747
1ff43758-e782-4f07-945b-6fddc5e9a5fa,748
1ff92a9b-e04d-4c76-a64a-f45eea36a7a1,749
20082694-7751-49f4-8f38-687cbaaca8f8,750
200c3cad-03ba-4897-939b-14f9b4aa1357,751
201965f1-fd70-4113-803f-63cdc4cc68c2,752
2021076a-f07c-4202-9f5e-6b6a94d44176,753
2025b481-877c-433b-9404-6b6972ecfb50,754
20301ea2-fd5e-4c56-b8fc-8ba144b81207,755
203a94bc-ba25-4cbe-94b7-beb413d632a8,756
20536584-1724-4816-99e0-f657e631fe99,757
20585cad-d484-444a-92b1-bdc656120ad8,758
205e85ed-f893-4d93-9bdd-e0a0482a1e78,759
205efc0d-1480-4d97-b909-8c1fdbeff1ec,760
20914118-8eea-405f-a229-1a5751237a48,761
20918b44-edcc-4c7d-93a4-5a97b4ca7a9c,762
2097a029-7c76-47bd-87a8-b8f40eb18def,763
20b1787f-3e35-4517-a743-c68c676ee106,764
20b59404-c967-44d8-8ed9-181c19d89347,765
20ccc345-028f-4429-944d-6f970d31915d,766
20da9496-dcb0-4cfd-a32c-5fbe7fc38044,767
20e2e028-aad1-47f1-8512-dcd58b22bcb2,768
20e81267-1889-435b-a5ff-c6e0dd6dd695,769
20f022e2-6b01-4e37-a63d-ea5a1af452d5,770
213809b5-adf2-4518-ba1b-36af49ad6777,771
215ecf45-3b42-46be-b10f-a6c204d81067,772
21716e79-3851-43b9-b3db-292e17e7471d,773
2172c55c-2646-4e59-8823-45bdcb1f3b9b,774
2175fd97-5a05-4029-a76d-8bd91beb5130,775
217bd1d4-69ae-4e0c-963a-6451de263a5b,776
217fbeca-8e8e-462e-9e88-d8a3bb6ee30b,777
219cb0c5-82ea-4813-90b8-53636f789a5c,778
21a061c8-ba25-4158-9cef-74e1303385d0,779
21acdb99-926e-4d91-a5ef-752a5baf0ad8,780
21ce687a-fee2-4789-8b21-7956c9b2060d,781
21dc930f-6f76-4833-a1c4-aedca4a7f46c,782
21e020c1-8142-4e41-adfd-d01e1e730416,783
21e3c76f-3da3-4a41-9edd-2a055364e8b6,784
21e7c377-fe9b-4e1d-a518-4a2ebcddd72c,785
21fbe05e-2fe1-4ce7-a8f3-43a0d69f48f2,786
21fee91d-db3a-4308-bd35-e31ec80cbb56,787
22142a5f-9705-4a0b-81f4-3ef4da223f2e,788
2238840e-64fc-4331-a757-922f33b4a1b4,789
223db703-6ed2-489e-bcc7-7fc38abd40b4,790
22574f40-a4d0-4697-beb8-4d0cb37087d8,791
227bc0a3-f57b-434d-85e2-fa8373abba00,792
227f6047-c71c-4586-8482-94aee200c0b0,793
2289c9a8-59d4-4506-a5e5-c03856def2a9,794
2293e83f-819b-4334-a69d-b4ae94919922,795
229d6e8c-acc2-4c98-b9b7-d377b50a0bea,796
22a9cba1-b559-4394-951a-0ff0afecb201,797
22ac64a4-8b08-412f-b2f4-a1d0d2a6996f,798
22b47e8d-087b-46ff-be8d-b308e47104ee,799
22b5390c-0b30-4f0d-8e82-00840cc06e82,800
22d5ae7a-3922-4dba-b508-51567d41388b,801
22d822da-6f89-4671-b29a-3fc0d50567d4,802
22dd1392-8b08-4a8c-9e6f-dde59bccbceb,803
22e19e22-9f80-4535-83f8-274145a5db70,804
22e5bb49-0b36-4bed-bb02-309cf52a4ed9,805
22e7b11e-3369-4107-b2c0-afabfe7c7736,806
22ea4497-6cf5-4aca-b80e-5e9e32a8658c,807
22f7ba8c-9352-44db-ae41-5efef670044c,808
2300f914-85a0-4678-ae22-5c93acebb5d1,809
230fb33a-dd64-43fa-919a-3307480d8d85,810
231380c1-c16a-4711-8a61-b2f626e28465,811
23201ce5-2c75-471b-8d86-062ddaf610df,812
2347a544-5b8c-4ab2-843f-a66b4f218512,813
23483355-9487-4054-8b8d-5bef0c012546,814
2349e724-8c92-4c3e-9dbf-e0751be7ce22,815
2354ec1a-d699-4857-8ab1-654c4abd7db2,816
235726e2-ab08-4166-a632-0c2169575d8f,817
237d0b2f-8b4f-403d-924d-2136bb52d38a,818
2385d0ec-8d19-4e21-901e-a30d69aa3e07,819
238871d4-1247-4270-9253-2abe588b2e12,820
23899a5b-193d-4aa2-8b69-36d60c6cecba,821
23b39019-05f2-4416-8280-6a43f91ee83c,822
23b6e1d7-5453-41e7-9142-5b38a0cafb23,823
23cea70a-c9d2-4924-947e-159ac892984a,824
23e36f19-1c8d-416b-8fb9-e893a7bd7478,825
23ee9b5f-9ae4-4c58-81f2-9319f2691670,826
23f1afbc-d72c-4ee0-90cb-b643abae6465,827
240ca288-e167-488d-948a-714fdda0cdcf,828
2417c812-da79-4893-8b72-dbe2ca8a8431,829
241905a6-7ad6-4c93-b552-c8fa895750c0,830
241b4479-47cb-4c5a-8b41-bc905a724199,831
242546dd-8513-4ea2-a908-bab920e35a53,832
2428d015-ce85-4be9-b650-7dbb6cb164be,833
243514c6-ccac-468d-837f-badda66a0c6d,834
2438efba-48e6-4b87-af45-a0b2c46c2719,835
243d2f8e-ea01-40f1-978f-180d929c229f,836
245ca48f-143c-44c9-a891-477fff9e459b,837
246bd361-22ee-4fa7-b2a4-e98e357d3af9,838
2475af6a-cf37-4353-ab11-00397c7d2b22,839
247b98ff-8371-440e-970f-6ccd67d58f90,840
247f0b66-6e32-4724-8a8d-94762fdf1190,841
249c09b9-96e8-4169-bedc-ebe1f8b290a0,842
24c92867-7554-4bdb-8b58-b35ba7c9c88a,843
24ce3efe-f63c-4053-ba88-2b93cd411726,844
24d90862-3ac6-496d-a864-7b7aa4bf797a,845
24e93b47-dcd8-443d-97f4-cd3a01c5992c,846
24f91a3a-867d-4da6-9bfa-7bd999033ffa,847
24f963c4-4206-4652-b460-703962ebbb75,848
2514b940-6de4-4568-b783-5f38bc8b008d,849
2518c792-3820-443c-a9c4-634646b85f18,850
252b1abd-1c6e-4f71-8939-8d93e14cfcaa,851
253a04d9-c79f-48e5-aa0e-ccaf1499330f,852
253c2550-1b5a-4a15-b37c-cc71d445304f,853
253d01d0-288c-478e-9350-b2eb6387d2e1,854
2543cdb0-f3b6-47b0-a5fc-056005c81a2c,855
25688261-9645-4140-b340-8ae965cfd4e9,856
25708e10-f11d-436a-b267-4fc91c418533,857
2577b2ed-248b-4fc3-9293-a7d689ba13e6,858
257ad107-3a39-4d6d-928a-d749977518e8,859
257e72ea-0dd7-44c6-9597-0d5fa2e2f720,860
25823b26-9a13-4c6e-acba-56f80821617b,861
2582cca5-7f87-400f-8ce4-2d90eb9d34cc,862
2591dee4-444d-4827-9804-e5a7a9090850,863
25a5cf17-fdb3-45ff-ab38-837adcb6696e,864
25a7fb5d-70fe-43b4-a9a7-01a5d4a41360,865
25b0b15c-e312-432f-9388-da2e522a0ac5,866
25c77672-31f4-4923-82bf-83cd6f0ba2bd,867
25cdc499-e320-4dc3-bda2-755abc82edcb,868
25d831f7-2804-4eb7-8df7-9ea28ea8945a,869
25e379d4-06db-468c-8f83-0a9ebde16c78,870
25fc55dc-5dc3-4718-ac0b-deda803b7fd2,871
26119c5d-46cd-4b75-8f91-376113e41c65,872
2617aa38-ef53-4e43-8c3f-d61aaf731d0e,873
26190b2c-fabc-4a89-98e4-3527b94d9db8,874
26212cfd-fd75-436e-9170-068c99c8b96f,875
263a15df-c3ad-40f3-bfdc-a1db432f0a6d,876
264fa1d8-5c61-497d-adef-7981bf637bdd,877
265440ff-b9aa-422d-885e-9dfaa5d0b78b,878
26665cfe-dc02-459f-895b-f4122028ef22,879
26739de0-65aa-47ef-a9e8-39caf4101fba,880
2683df01-c660-4f7f-b94e-153b97a2e083,881
268873aa-b376-4b95-b70d-5d3fe7f9e245,882
26913e42-316b-4e9e-8a76-3bd9b452b966,883
26995eb6-b41e-4062-b50c-ed32d4185763,884
26a0e29b-37df-4674-aec7-9ae3a686be8b,885
26a237ed-25af-4389-b31b-f23350c5f1e4,886
26c304f0-0f60-4423-b8f6-ac6b59eab170,887
26dd7a21-8cc3-4efc-8a88-9571dff3ac26,888
26ef03c3-dbb5-412f-9994-5a41ae13a575,889
26f25b6d-1447-436c-a9b7-e85ef0b272b5,890
26f73c9a-b7eb-43c2-9742-d585fff26ec8,891
2709f719-4b5d-4fe2-b178-1bea21cea7b2,892
270a8f94-f477-4792-8437-94279ae43e55,893
271375d8-e9f0-4f1c-9b92-db8630b66e1b,894
27302914-905c-40e7-bc6a-afdd081e48c2,895
27370416-3caf-4062-9848-e338b9a1fa9f,896
274b02f4-2b26-4e3a-9737-155661cc63a0,897
27554c25-8a5f-480f-8dce-4f5881b07ea7,898
27947bb6-6b55-4d73-84cc-91a42c49ffb3,899
27991145-3ccf-43fd-b243-f5a3c3d3cb9d,900
279a8636-ad60-43a5-b28b-b0cfd0dc8020,901
279e8c05-2aa3-4993-b1c5-dcf9335373ef,902
27a2598f-0072-465b-9669-8aa045723983,903
27adad6f-b91d-4a9d-84c7-d9c41a93be2c,904
27c1880c-3d30-4a09-bc94-8083a0ce749c,905
27c26ba4-48d2-4075-ad1b-cd37e0d4053f,906
27c94470-3237-44fc-9d79-8cedfc757004,907
27e4b96b-ea23-4133-b154-e5e812ec3a0b,908
27ee7dfe-3dbb-4339-b86e-19f21e5d9a60,909
28173acf-c343-43b0-9af9-d754332d3fc7,910
281dfcdd-56c0-4c87-80e1-d381837a160a,911
2822737b-6fca-4e4b-82f3-b4c99c8663f3,912
2823bc5d-5928-4a17-b151-6a18cdd25585,913
28260c6d-f912-483b-8814-98c004adf7eb,914
282ce08d-24fa-40ac-902f-813a1495d960,915
284a5aba-f384-41ec-9d11-9d3a6c54dc89,916
28568544-56a3-4288-9ba0-0528478f188d,917
28588f45-c385-405c-8df5-b9187188d1b6,918
285b22fc-253a-4678-9956-2a5f160c0ce1,919
285cf626-44d6-415b-b832-d2fc8d509799,920
28639bc8-4c38-4378-8922-88004eb41ed7,921
2871bc61-6ef4-4458-8e24-71a0a4ad86c5,922
287e8267-3902-4e1f-aae6-a79bdc02325e,923
28848e7a-6ce2-4666-b635-e92982bbaae6,924
288ea697-b86b-4d87-ad8e-f0ee3c74b1bc,925
28a62041-24c1-4c9a-a4ed-962e6f271771,926
28ab90e6-4d05-48b3-b288-72b7b9206112,927
28ae168d-a0ad-4f3e-ae70-9b16fbd1a0fc,928
28d6fae2-8f61-450d-9189-0ac86de765f4,929
28e19194-1adc-492a-a2de-ac118d9abfce,930
28eeaa39-491f-4101-b67b-8795a1e587ce,931
28fda417-9768-4211-9f1c-7a59b843294d,932
28ffdf05-a23c-42d3-b120-85dc83734b1e,933
29036793-bb9a-47c2-beaf-807d459e7ba8,934
290d9204-df08-4eb5-973b-895fc22e5715,935
29148cdf-0b3f-4a92-94ae-b42b380c761e,936
291f35b6-867d-46ab-afe1-d31731750d5d,937
2924cbe2-cc61-437c-aafa-db97af9930c7,938
2932e876-6642-44ee-a25d-635dde289f36,939
294b1ace-22e9-4123-8864-b373c4a1ab63,940
294db132-73dc-4744-8b7c-9c35366d24d9,941
294e0dfb-662f-45a2-ae55-b3e61a012cea,942
294ff683-df13-4751-a22e-da9f2d89ff5e,943
29587b4c-e7ea-41bf-8e36-85d2d247fc1d,944
295ac837-1de3-4f39-a4d1-0fb435d4b57d,945
295b6c63-63bc-4c46-810f-87fb806830bd,946
295d6a83-78ea-40d2-847b-e58e9e449d80,947
2961ccb6-cbff-491e-aa36-86e1d71790e5,948
29661465-a713-4eac-a347-f897565c3e7d,949
296e1204-5cbc-4a17-9ef7-bebb55fd80a4,950
297d6d28-ee7d-4e68-84bd-bc4f80f7ca9a,951
2980fa43-4e7f-4fb5-908e-3afe272a1120,952
2984d046-4545-4611-994b-184607cf081a,953
2988debc-a3d0-4012-8a6c-cbb55a1390a3,954
29a7b334-df91-4f6f-951c-61509a6e08dc,955
29a877ab-d2c0-4161-9922-667debd266c2,956
29a89cb1-601f-4451-b279-5207cdd8bc5c,957
29d06648-6b43-4573-9f90-f557e12c1906,958
29d656b9-b06a-4882-9392-a7b33794b4d4,959
29dad85a-33bc-476e-8e11-b93565c12742,960
29ddd0c2-6065-4eab-8474-3e0d63824729,961
2a01d05e-4c6b-4508-b02a-7df7f6560ff2,962
2a046f04-0ce1-42fb-b4d0-cb678884357c,963
2a10c120-ea8a-4cb8-8e6e-a0b55d3cd312,964
2a10ffd3-86f7-451f-864a-1c272b247480,965
2a127183-f296-46cc-bbcf-8b9e56e4e870,966
2a1a69ac-9ac8-4bdd-9ef7-977e71321bf3,967
2a1a96aa-713d-43c5-992c-936eac0a1209,968
2a21fa18-dd19-4b8b-b0fd-ae11f8926a7f,969
2a2331b8-d72f-4d93-b3ac-2542c5c148ad,970
2a3ed92f-d958-4d9b-b79e-8600b39b22aa,971
2a65d8a6-16b4-4576-8e8e-ce7cf97b88da,972
2a66bd13-0afc-4ef1-9ec8-567ac3c9a44c,973
2a75dfab-7217-48cb-aae8-13caf17a44bc,974
2a7b5820-1bee-4a4b-aede-0c97cb6e5fad,975
2a879776-91d8-42a1-8958-515d15b7bf48,976
2a887fc8-f160-4037-a925-01984b1aec2b,977
2ab4c6fe-9545-4788-bd80-ac42d0240835,978
2ab92add-c193-4c62-9d32-7785afa28540,979
2ac3d4d0-5175-4a6f-8c6c-fb110a6bd991,980
2ad6e140-f4c7-44e2-b1b7-f999af2112f2,981
2ae1f824-4f07-443d-927c-002b5ceda2a4,982
2ae48e12-2640-4a86-853b-d1507d9853ab,983
2ae62916-80c8-4e95-84ed-5dc781b719c2,984
2aecce2e-677e-4941-9156-3bb5923add6e,985
2af4f65f-3169-4f93-9427-02934b19970f,986
2af69a34-4205-4531-a577-b5d231120a06,987
2af78a6d-df1c-4fcd-8797-e4c0e3eb0256,988
2af8a4d3-b140-41db-a006-14f03b4489a6,989
2afbab9f-8624-4c19-904e-44936809c885,990
2b0e6128-9724-4f63-a526-5916da917cd2,991
2b1b7dd7-2dfc-43bf-8d75-bbb3df0e3d2b,992
2b1d9235-83e7-4d74-ba60-0102d3c027a9,993
2b371afb-0078-4a79-a8de-5e621df48e78,994
2b40ae00-61ba-445a-b0ed-f1f88b8dadaf,995
2b4463af-fb3c-4a63-aa7b-0e6d4a2ba65e,996
2b670d8f-454b-4ddf-81ea-88f9e7c84cf6,997
2b6e790a-77bc-4d83-b5ea-41f369be6322,998
2b738bc0-df5c-437e-aa7d-fae67a2fa988,999
2b76620d-2b57-402a-9fc4-c63dd30aafa6,1000
2b7fb06d-8617-41c7-a3ed-508e58c16fa5,1001
2b9c7dcd-8396-4762-92ae-d065fc84592e,1002
2b9e68b0-a860-46b4-bd32-632447f281c3,1003
2ba114e7-2931-4352-a1ad-ee5bba60e73c,1004
2ba4583e-4d5c-4e36-902d-4e6955513019,1005
2bad304c-93e1-4eb7-a660-16912d9cfb0c,1006
2badc2d7-cbd5-4034-8088-882c102679b5,1007
2bb70c4a-2139-476d-8141-2128e248c7e5,1008
2bb7193d-645f-4d5c-8c98-caf7b0932903,1009
2bc80a9c-1576-4164-8ece-ad09253c3115,1010
2bd0512b-aad6-4995-aaac-38c2bbc379cd,1011
2c13b119-c39f-4f2a-9605-9b5452fd081f,1012
2c33208c-e316-44dc-9966-31aaf4aa3efe,1013
2c342fa3-07d1-4692-86e6-216fcf3473eb,1014
2c3d617b-aa3e-4eb2-9f00-92d24c48c936,1015
2c5e906f-9d9c-4884-aa9e-695e08d8e767,1016
2c6584c5-52dd-4115-b043-22fef777e05e,1017
2c6fcdd9-1941-42bf-9b09-8a1780b2801c,1018
2c70d082-55c2-46dd-bdc6-abea4fef02c1,1019
2c73e8b1-0155-429a-82f0-f6b0d3ab4da8,1020
2c75850c-783e-47ce-9db8-4f285dae2b0a,1021
2c794e5e-efdc-40a7-acca-f5360532c205,1022
2c7f9daf-806c-4b98-b91e-109afa36b3b6,1023
2c8075c7-066b-4c55-bc8d-eb8a1dbbba2c,1024
2c81d0e3-2ff1-4178-8d39-1e6b1bcd4940,1025
2c8552c1-0efc-41cd-90a3-e3033bfd6165,1026
2c8cfb3b-f528-4b42-b7c3-43f0f3620f92,1027
2c90ee77-ebe3-4dea-addc-cab0771c433c,1028
2ca66c07-6632-45e0-b9e5-974851907ae4,1029
2caccd02-1801-4cc4-b5d6-7646cb0bb8b0,1030
2cb9f33f-bf80-4efc-8878-43ae05f3e96b,1031
2cc75b1a-bdd9-482d-aa19-27bb51d6b1bc,1032
2cd6be80-3538-4bba-96d1-cbd9061874b4,1033
2cd9358e-79db-4049-beb7-f9fccc5b1a62,1034
2ce38c2d-3de8-42fd-98d4-2e8c4e2fe02a,1035
2d0b8870-f4ec-4a8c-9c7c-969600010307,1036
2d1352eb-bdce-4503-a1ac-6d80b3238536,1037
2d142b85-5682-4e8b-bf65-a8182f61899a,1038
2d15ccbc-8824-4877-999e-d46a40ec4e9a,1039
2d28b9d1-0d6b-4416-b06a-b7638f8d932c,1040
2d2ee1b4-e4b2-4ebc-aa88-71be95d5c830,1041
2d4638ff-9afb-479d-a912-33b8d5583e4c,1042
2d48bf68-ce93-491f-850d-2fea8a9e52b2,1043
2d5a9d28-6303-41e8-a481-5f882b5619a2,1044
2d6717c9-37f8-433f-92a3-de157fd4bdc3,1045
2d6eb0c1-ab2f-46bc-bfed-c231af9afb97,1046
2d7280ba-50a3-4372-9d6b-a3a70286e4c2,1047
2d7b571e-9f91-40a7-b36d-26f4120946bb,1048
2d7e6b49-fd9f-41ba-82dd-93ee28b0b5a8,1049
2d87915f-8943-4037-bd81-3a7d76b98c0b,1050
2d90438b-678a-46ca-8b8c-b5c402db9477,1051
2d99f1fa-551c-4302-a12d-dbbbb12b8411,1052
2daad5af-4833-4bb4-9469-82a645469bce,1053
2dc01190-506f-4696-8159-66fc92e78853,1054
2dd42b8c-55ec-46fb-bdcd-babe7f56b748,1055
2ddabd80-456d-4580-a564-0badd2f48243,1056
2ddd02e3-99e1-4e7a-9001-2740d08e2c88,1057
2de733d1-cc39-49ef-bb21-728a1689d9ef,1058
2deb8b26-f81c-4f1f-bde5-cd406b3562f8,1059
2dedecbd-44ac-4807-a941-4140077dde06,1060
2df260ba-5251-4e6d-8d07-962f3659aeba,1061
2df441b7-025d-48a8-9da1-c9c5c6e675ab,1062
2dfaee90-c21e-4c8e-ad8b-be03b953c409,1063
2dfbf971-bb80-45b2-adea-0a1d2ecb194f,1064
2e12ef08-1a7a-424c-ac71-41975f3b02ee,1065
2e15a9af-46c3-4ec9-8a69-eff747f40dc4,1066
2e19890f-d543-42c5-83fc-89d3da037c22,1067
2e2c3d5f-f7bf-45af-bedd-99bee3de6ab8,1068
2e363366-f0c0-4ac6-bba1-c2c93d81cefd,1069
2e4341ac-56f3-47b6-a029-77d517880fbb,1070
2e50b684-d5f7-4c2a-a0fe-c50851fc874d,1071
2e679db4-3cbe-4ead-8cf2-6e42603f8aef,1072
2e73a32e-8faf-426c-8645-87d4f1438b1a,1073
2e7af372-081e-45b0-9fb4-77c1b8474deb,1074
2e8a0cb6-8fe0-4c2d-9985-c28799daedeb,1075
2e8e54ae-6487-48a8-91c1-fe1b86763e50,1076
2e9783f7-fc4c-4102-9620-552f56a2ae4d,1077
2e9cd170-c17a-46e9-871e-5858fefbc450,1078
2ea00189-5562-4950-bc38-83dcb5cbce90,1079
2eb5cf67-a816-46cf-bebd-c302a72b71dc,1080
2ebadcda-980c-4987-a110-47eab82e46ad,1081
2ec3d70e-1cc5-4214-9c18-35c71e82e659,1082
2ecb2199-7f81-41fc-98f2-a11fc4613273,1083
2ed68838-4f71-4395-84bb-39aa6bc54c7b,1084
2ee1b196-700a-4b71-a207-121fb4597f07,1085
2ee29665-d4de-4d0d-928c-a6c0f0b6cace,1086
2ee7ca22-9286-4038-bb41-86af57cb7405,1087
2ef0c053-2efb-4e99-b2eb-264c7eb123b2,1088
2ef37d4d-cd75-479d-ae4a-359180a2de05,1089
2ef71c0d-2f73-4606-ba18-a1bdd81a278b,1090
2ef73d84-cef4-4e74-a8d7-26fc39458a78,1091
2ef7b0ae-eb91-4370-87bc-f7183d125c01,1092
2efe817d-ac8f-4f0a-8fe4-660388002c11,1093
2f08935a-46b9-4e80-b9e5-5cb34c5e846b,1094
2f15b76a-0f9b-42e8-9fcf-bb4228e28f7a,1095
2f1af2bc-fc4a-4f4d-863a-c8abe3e5013c,1096
2f2684a6-3a64-4271-b419-e8813d46b05b,1097
2f367f1a-be1e-47f5-8a79-e278a76b488b,1098
2f403df1-6e68-4f7f-a358-c9b86b806501,1099
2f492515-e5d4-4f3e-a55c-c1acdef82e4a,1100
2f5c61cc-66e6-4d35-88a0-1ec1d16c3093,1101
2f5cf395-e548-4b0f-a010-e7f3f967608c,1102
2f6303ff-8d61-4d5a-a57b-682308a1cbc6,1103
2f688977-9223-4fc2-8740-c1561025adff,1104
2f7780a7-0b6c-46a1-b3cb-45ce9c55d8cd,1105
2f7b15b9-2b87-436c-88c8-36affffa33b3,1106
2f8c11ac-992c-4742-9453-25dd462ed21d,1107
2f9ce053-62c0-4ac1-bf5f-24f388a52da1,1108
2fa0edef-aa8b-409f-bdeb-db8c57a6ce75,1109
2fc720dd-70ce-4aa1-be5b-bd1c326bf484,1110
2fd9801b-7c03-4659-ba86-697881dfed6b,1111
2fdcf176-8f5c-4747-bcc1-51b756e8398d,1112
2fe6587c-0ba7-4df9-943e-850e5233e07b,1113
2fe8f7c5-19e5-44a3-a7b7-c7acdcbcd634,1114
300eeafe-e1fc-4731-9183-98f855cd4285,1115
301106b8-6a62-49ff-8991-68cd9dfd7314,1116
3016a403-bfdb-4107-b4c9-5b2b1b65f430,1117
302a86f1-51ad-4538-a982-14e97f1b3a47,1118
302e85dd-e903-4104-a82f-a653d87eeafc,1119
305415bb-2335-413e-97bf-17f269fd909d,1120
305bfbd8-df27-42ce-8e7c-53545ee1c201,1121
30722062-657d-424e-ab05-2817c1188a56,1122
307a06f6-885e-4aa1-8065-6a84c22a6578,1123
30831f4f-446c-4d3d-aad2-b22a5dbd5090,1124
308f1571-a2a2-4307-a86c-f91ed3194839,1125
30a59c29-1b4a-4984-b237-62c35bc30c01,1126
30b0bdf1-6c95-452b-bf8f-199ae85c633d,1127
30b2c556-e7eb-4663-a222-fbe35488a03d,1128
30b97b14-5303-48fd-8114-bcdf8e960c30,1129
30bc11ae-1805-4cb3-8e61-8a5869b9243a,1130
30c837b5-b696-4040-8dad-49dc26c423e2,1131
30cdb107-4c0b-465c-9ee6-ecded158fc1c,1132
30d48c6d-185b-484b-b54c-2b1ec2b9aa45,1133
30da8f37-c2a2-4672-8aca-a99c0e6263d9,1134
30e07994-e8b0-4b79-bdc6-580fb74749a2,1135
30e4f3c2-feb3-4403-bbf2-090f41697eb6,1136
30f17cf0-0f33-4d5c-aa51-b4eec31e5f50,1137
30f947d7-267e-486f-ad5e-f8de57685040,1138
3117adda-072e-4f13-bf94-3908a89b488b,1139
3117d2cc-d597-4f94-8d74-ad5f31d9fa0f,1140
311db99a-91f6-4274-a9b9-68fc0dd4b9d7,1141
312431c4-ce98-4079-895b-ac0ff6d8d6a7,1142
3127cbae-a9c8-4d8d-857f-7877bbd7dc1a,1143
31289ec0-3404-4e14-a6ec-04c28650848d,1144
31353285-1fe0-4a90-a241-53257fb5a14b,1145
3142e2b8-84a5-4afd-87ae-cb6160f04bce,1146
31539ba3-1e97-4126-b0e6-2242cc6542ec,1147
31726396-4f92-4772-8265-37cd9dffba95,1148
3176a364-68dc-41d0-a1fb-92cd7e7668c6,1149
3182e8e8-f30a-4fc3-ad11-d0c25e6a9551,1150
31a06b20-93be-491d-8ffd-6a8d42ad9c4e,1151
31a80eda-c30b-490c-875c-dcba25103cb3,1152
31a99c35-4cb6-44b4-8ece-6a5fa14bc14a,1153
31b686e8-0d46-47f0-84fd-c6471e42c7e8,1154
31b84663-d36e-42f7-b0fb-79bdfa8df080,1155
31d8e476-c34b-4873-9967-638ac06d65e0,1156
31e641e9-fbc5-4cfe-be14-fbf62693dcf7,1157
31e69b34-9400-4c28-912a-ee5295cde534,1158
31e92d12-2e7a-4432-beae-42309035fb94,1159
31ecad2f-f379-42f6-8b01-8e9cea74fd78,1160
31f26d00-529a-4578-8ae0-6335042a6d28,1161
31faea7e-f274-4dc8-b429-284e6b75c4f1,1162
320348ac-2930-40ad-90ba-79231abbdbac,1163
3205916f-6f1d-4440-8733-8c14ce0a8cd3,1164
3206dfec-0bbd-4987-961e-56b549ec654c,1165
3216f85d-b4ed-46dd-9c74-7d7a7adfc970,1166
32258366-cc4f-470d-af06-5359525dbacc,1167
323552db-2093-4755-9373-fb62239899a3,1168
32387566-b20e-471a-8882-15bb029251b5,1169
32465b39-02d8-4ce0-a59e-ff90a25232e7,1170
3254c2b1-b9b1-4a0f-bfeb-2b51f0666e90,1171
32793ff7-cde7-4db5-b8af-2157cedc3458,1172
328fd17a-29fa-4902-a442-8088d5a57ca8,1173
3295bc6a-a2c4-49eb-8427-277ec6555b9f,1174
329e5bdc-3f0d-470a-a5ef-e7b9d3f59176,1175
32a4523c-c272-43bc-9f39-aa85d7a8d84e,1176
32aa9edc-365c-418a-9abc-3ce65af08acc,1177
32b818b8-46f6-433e-a5f1-31edd0859462,1178
32c3e724-b766-4321-a87d-7d3b92f908d3,1179
32cacec9-2b4e-47c3-97e7-63573ee09bcd,1180
32cbdac0-6f44-4e21-b936-0e94cf8b5d24,1181
32d67a6f-6bbc-4d31-bc00-2b1c3b98ed5e,1182
32d87b54-2ee8-4441-93bb-c9b55efbd030,1183
32e65980-dfe8-4a17-bac0-fee9967bb18c,1184
32ea15bc-4645-4134-811a-47823369cc2c,1185
32ea9984-b738-48d5-ae61-d5742c54389e,1186
32f2468b-4d65-44e1-aeb3-292b2fa39207,1187
32f8820a-fe00-4c79-b254-b2a492233708,1188
3309dae2-1380-4dbd-9a90-f7b06ac5a15c,1189
330b0650-5991-4592-b440-72c0e37adc0e,1190
330df85b-13c2-4dcd-ae24-7aa51de9ec74,1191
330fa94c-0060-43f2-a5a7-8044c489f765,1192
33188136-484b-40e2-b254-5b9d7918ef2a,1193
3320fad1-4591-49e6-a662-fa4807fc4f3e,1194
3327b7b4-e87d-44ce-8af4-5f833c23748c,1195
3338ecd4-ba94-4a89-a5b5-4766811eca2b,1196
333b8bbd-0cb8-4721-833c-16ab7933d423,1197
333c6cb9-e212-4c48-acaf-0df08b4bb698,1198
334a25da-c01c-4445-ac9c-23c66b86ff48,1199
3379bcdf-9560-4855-b58c-533bea1cea3b,1200
3379e8d6-52b2-4c78-aafa-36c688c778b8,1201
33951ab4-c913-4072-8c21-7e08814a38d3,1202
33a85aef-0c10-427f-b289-b4abe79d2ae4,1203
33a94267-a41a-44a0-8f4e-aa4559bb1cda,1204
33ae07e1-7c99-4193-8b68-6acbc19b639f,1205
33ae6289-78ff-4514-b852-7d92ce7ba6a2,1206
33bec0bc-c169-4351-9099-79acfcf864df,1207
33c96cf3-28cc-4efc-b9fd-d398f997e608,1208
33d5f967-09c5-4893-9f8f-2ca99aef4374,1209
33d7323a-e1ea-473d-8196-91d758006c4e,1210
33ddb03f-e53b-4733-8fea-cb2b1f75d42e,1211
33df0863-cf34-43e4-b607-5310c49e567f,1212
33f5b5ef-4893-42b3-a5d8-47b8dcd7c0a3,1213
33fb58ad-8769-44ea-81bb-78abdb5276c4,1214
33fe8727-5d35-48be-b23e-931812592e41,1215
3400ee8d-d7ef-4813-b398-f509aeda639a,1216
3404145a-3ee5-4209-9c9f-79036d588322,1217
34130209-9d5c-4dcd-bb57-e61d6b88ceb6,1218
34145479-d693-48b8-a3b5-f2436c78619c,1219
341ef6f5-0a63-4f66-b60d-fb3513bb35b8,1220
343a39af-b769-48ea-9a42-3c17d5feeda5,1221
34469e86-799a-4051-84e8-e89f32fe34ab,1222
344708cf-b8cd-4c61-8457-15ad4703df2b,1223
34522564-6ce8-450e-9df0-e677cd006677,1224
345ebcd5-2de9-40bc-a90a-4558e61cda17,1225
34666952-bcd0-4209-b12e-23969cd1a977,1226
34778574-8689-492f-b6b7-ca7e1218c1d9,1227
3478e81e-67cc-493d-ad89-586438d6113d,1228
347cd8f6-d8f7-453e-99f1-6ad28f0d6ed8,1229
3485f567-ceaf-4c18-93ed-35413ab67fed,1230
348e651f-2485-492a-9e81-35f433340cb4,1231
349ebec8-b88a-448e-a098-a0166660f7d4,1232
34a12a16-2cf9-4ac4-9844-eb675df7ad7b,1233
34aeeec1-70f2-4c15-9970-7462e5760198,1234
34b4fc47-e7e9-4e45-aeb2-d1bae029cafa,1235
34bb2d52-4e19-42f5-9ef3-600db4bcce9e,1236
34d1b671-89f9-4042-94f5-87118ec226c4,1237
34debf0d-fac4-45b6-aab7-b1f62377737a,1238
34dfb441-0aa6-4550-9bd8-2a37912f0491,1239
34e83a98-893f-439e-bb37-b6b140937b27,1240
34e8a768-5697-4ad8-81f4-8538e320047a,1241
34ed2f3a-ad64-4719-abe8-6b80814f8000,1242
34fd1d10-ea5c-409c-aa18-9d2633542d47,1243
3503a8de-c3c0-4f7f-8c44-9e069efd26db,1244
350eabe2-1762-49d4-bcba-c01f513bc85e,1245
351717da-e5f4-4668-bd9d-af2acdceb24d,1246
351b8015-e0b2-48f4-9e9b-92dc50be7c75,1247
3521ec89-8d13-44d8-b4de-91221bc21cea,1248
35249d82-9c90-4eb9-8f58-63784454b667,1249
352c361f-f5a6-4136-be3f-99f22cdc016d,1250
35318def-470b-4679-b29d-a80edd233016,1251
35375706-9cd9-4389-966f-a22de2448a5e,1252
353f31d5-fa12-4cc5-88d0-274e53db3e00,1253
354a32e6-99fb-40c2-86c4-c66b497d5a61,1254
355af0f7-d42d-4bf0-a5cd-3f17092fbb75,1255
359971b2-faf8-4cc8-bab2-049021631bc4,1256
35b3c603-c576-47d9-9f43-fb9d8b437fc9,1257
35b59381-053a-4b5b-92ca-921865cf25d2,1258
35d9d003-1cde-41f0-b93d-eece7d58456c,1259
35f57bb1-6218-4f2e-b56b-fa3c04327d9e,1260
35fce56e-b724-481a-aca2-908b8f221d59,1261
36000a46-503b-4e57-a222-012f3648ac0b,1262
3605f770-9053-4e94-9ca1-fd15c6b16c5b,1263
3611fe98-345b-4b97-9954-4531d61fe5ef,1264
36274744-6ada-4217-ba85-15818ce01f23,1265
36338aed-c099-4518-af0f-dfd139331f36,1266
36401150-4244-42ef-a279-e678233a3a24,1267
3656d22e-99f8-4574-941c-8fa4b650736a,1268
36607aa0-8a0a-40ca-bab5-d868796e63d9,1269
366d8eb2-f989-41fa-bffa-8b9ff39bbcb8,1270
36733d62-65ee-4ce1-b1db-d6c5e4ef705e,1271
367563d9-e2e9-4c3a-be7e-d494c730b8e8,1272
36768f3a-0114-485f-b690-2e0d65279bd2,1273
367a06f4-cbfa-46c0-93ef-7fac37bfe80d,1274
367b3273-349e-425a-8d7e-a38a5765fee6,1275
369b7e1e-6b84-4f32-aecc-7ffe51c2feef,1276
369cbc1b-4623-47c5-af16-3e55202f839a,1277
36a9de7b-3031-4c34-9e57-a26653e25f4f,1278
36ab18c7-b339-48a7-a259-087899d6b9eb,1279
36bfdec5-b1bc-4219-aa8b-b932ce80aaf3,1280
36c31c2d-ed74-4720-9c3d-7f087ee2cc51,1281
36c44335-5b8e-468a-b004-c2733c46e94c,1282
36ced736-07a0-4e5f-a583-ad8d4621d7bf,1283
36cf5608-9b6e-40d5-9f8c-31e75c7e2c09,1284
36dd55e3-3314-4310-934f-3981c901adb0,1285
36dfe3fb-07e6-483b-8fca-fefefd761bef,1286
36ecc0e0-dd8a-460b-8cf8-85d88c82ab24,1287
36f42734-f364-492b-8ee1-1f16c7cfa27d,1288
36fcd1c5-294f-45a5-aebc-151ef69819c5,1289
36fedcd4-8ab6-4c7f-a515-4a9591dfbd2e,1290
3709b57e-9b8c-4cf2-82ce-dad036cf9816,1291
370a19e0-3109-4aaa-a2c7-6dc7ad8e8fba,1292
371f96dd-50cb-4fa2-9ac0-eaaaccfc449e,1293
373a8ad7-d2fa-4a9f-a5f6-2845c7ad2c93,1294
37418927-2166-4f12-9887-3dedd635c417,1295
3742cb6c-4f24-4201-8972-19553125848a,1296
3748174b-f9b4-4dea-a87b-a2f3c7978c42,1297
37509877-6a90-458a-a64c-94822f114e11,1298
37696d14-d981-481c-afef-32d44f2ce7d1,1299
376d1a07-d12a-4783-bdc7-5d3f10f56ec5,1300
377720ce-f220-4007-b8b9-7769acca671d,1301
3797cfe1-3ca4-4280-9cec-02293fddd1cb,1302
379cfe9b-6d9b-4042-acae-196bf27b92e7,1303
379f283e-6603-4508-b234-19832deb440f,1304
37a1e840-3b98-4938-b03b-c21189921af3,1305
37a64561-d7ab-404b-949f-dfba8b1c5ad5,1306
37ae186d-72d0-40fc-a3c6-91767020e7ff,1307
37bbec1e-04e0-4549-9f1c-9cb02094b2ec,1308
37c3b8ea-0155-4967-ad0a-847abc064403,1309
37cc1c02-9b45-409f-8d5a-6519c72bff2a,1310
37d457ea-5a34-4451-b2e2-614d05fae955,1311
37e00286-6436-47a3-9789-7f21d1152d37,1312
37e9303f-87a0-4afa-8264-010933d46e6f,1313
37ec8ea0-12d4-48bf-9cfa-ef933ecef39b,1314
37f308a0-7e89-456b-be0c-64dadad11840,1315
38157ff0-741c-40f6-8181-381cc1d0f765,1316
382cb84e-990c-4667-86cf-be72d498aa5b,1317
383a8260-b8f4-4e55-9e43-d07e9ae27430,1318
383f8cf0-e21b-4316-9cee-bea5a134b067,1319
3843c9da-84ff-4f86-b76e-1fe5fd655dee,1320
3843e2c9-db18-47ea-bbb6-4c87de06daf3,1321
3852b7b8-5471-4877-926f-bbd5226636f1,1322
3861d368-2d8a-4028-8442-a1d2f45b6015,1323
38644b2c-703a-4aef-b333-ef709e56bbc4,1324
3882f5cd-b6ee-4dfe-a908-882ce18cd48c,1325
38968697-46b1-47d2-9624-754b6e6bc8ee,1326
38a3d560-3abe-4fe5-bdb3-3e1e3cce63af,1327
38d259ff-1f51-4595-8532-735d62f7785c,1328
38de0b27-dabd-40e8-bc62-4fc71d0342df,1329
38eafb94-3b86-4ddc-8c83-b18b2e96ec05,1330
38f1821c-7120-4381-b94e-5b7ceadcead1,1331
38f22aac-bb34-470d-a828-2e9ebb4b1607,1332
38facd8d-0cde-43dd-85f2-b9a1185877d3,1333
38ff8c8a-f8d9-4c6c-91ec-71bcda82f569,1334
3911053e-5c22-474a-99c4-d4225e7dcb74,1335
3912aaed-d98e-4f45-9449-0ed4ebabb94f,1336
39456eed-704b-463a-9b7b-86059714ba01,1337
3947a21a-37cf-4296-8546-e3cc3076bff1,1338
3968798c-9fa6-48c0-ba82-bad3c97c1ff0,1339
3976b817-5204-49b0-8035-f5404ba270d2,1340
39776d0a-54b5-4fa0-b3d7-93127dc71ff4,1341
397ae00e-638b-4d18-9afd-48d48c829200,1342
397e57b9-f191-4325-8489-8be7538b932b,1343
399f152f-4d7c-4959-ad87-3e57c47671f9,1344
39a91e4d-7b5b-4a96-b34d-dd08ecf0a984,1345
39aa05b3-0944-4b7d-8ca0-2de164f75f8f,1346
39b0d70b-54c8-4286-8691-8df2510242bf,1347
39c1ba01-9305-44af-ba5a-5758cbf7454a,1348
39c3d3a1-31c2-4790-972f-c50cda32103c,1349
39ccb896-673c-421b-b6ad-45714267c632,1350
39cd1b4b-8b31-44d8-84f9-b5657fdfe26d,1351
39d18097-905e-4f07-882d-e8df28d7ca86,1352
39defc88-2a10-4708-b884-5638da21f6dd,1353
39e77521-4701-4c2c-9188-08889be153f5,1354
39e7f8d7-8700-4055-a6d3-b7db04b5b972,1355
39f62637-845b-48b5-9253-2c06106eddd9,1356
39fecb37-90e0-4d94-aaa5-604df77d80d0,1357
3a03aa2e-f52b-401b-9cb7-ceda79d12555,1358
3a489aa1-d1dc-4587-b5c5-db7756389866,1359
3a6d74fe-e846-4d66-af9a-5d4dbd9efbab,1360
3a821d62-c0fd-445c-9a2f-05674673c913,1361
3a8d9c43-31cc-48a0-9c66-9a22d70fe810,1362
3aba24f1-1a47-4b06-9ebe-438625cf8ab4,1363
3ac0de04-e412-44cf-a3d2-827ac980e350,1364
3ac5692a-c14e-4d86-b0ad-53c5d0cf423b,1365
3ac64997-9e44-4c11-ae95-a6353b93152d,1366
3ad3746b-179c-4e9e-acd6-ccf7bb0bf297,1367
3ade7360-6f01-4b5e-9ce7-c670093c88fb,1368
3ae082c6-8199-41b0-95d3-806540a85899,1369
3af5eee5-d18b-4b0f-be06-5f88360df439,1370
3b196ba2-fb4c-49a0-9544-52df44131ee1,1371
3b2ac3d5-e469-489c-b658-26dc1618c2a7,1372
3b31f419-51e7-4995-bb20-fa2f9d6eb813,1373
3b337225-d234-4daf-9b7c-e4f10aa0f75a,1374
3b3ffd91-17be-43a4-8372-08288530e6f5,1375
3b4aca25-36d0-47d6-84c2-af7ea77b9d34,1376
3b51b1a3-fee2-4d4e-9936-31dfb1c164a4,1377
3b82c728-45d1-4b27-8e20-3e4628ca3535,1378
3b8b38f0-c592-4a6b-beaa-873afea67dd0,1379
3b97cd40-6836-45c3-9222-db57007f6f7f,1380
3b9c2a54-7b13-402a-bae0-094f31da1f84,1381
3ba25bfd-3e11-4f83-a5a2-51cfacf4e930,1382
3bb47b0a-27b5-43cd-bdf7-9b9491d329ba,1383
3bbb1ebe-520b-4c12-92c7-d5f1c6debcfd,1384
3bc03a6e-b098-4410-8e92-dea16f655533,1385
3bc4b93d-3296-464d-b24d-911335b73499,1386
3bc6b178-ece3-4508-84f2-4208736ecb66,1387
3bde5c7f-718c-47e0-a61e-100faae94081,1388
3bec7603-15ef-4c14-a8a2-33c9eeecfb86,1389
3beffeed-ec12-41e3-a613-d2b61cc13962,1390
3bf1ce5b-c81a-4ef4-a46a-e42472dc3f7a,1391
3bfbd4f4-491e-4789-8950-b024d988dea6,1392
3c034aea-568a-4188-80dc-07ac9c8b7214,1393
3c12c348-0da9-427a-903d-47b58839421b,1394
3c1a1371-73b5-4530-8886-d64f39ee0dea,1395
3c1a50b9-0c5d-4063-af05-194ba83de708,1396
3c2b56ba-e7f2-4f21-a3f6-4c1ea32c7606,1397
3c2f047c-00e8-4c6a-a665-e729bd8a99d5,1398
3c39a987-e2a8-4099-b514-7197795892fb,1399
3c3c7afa-22f7-4a2e-b289-f74c3aa58f6d,1400
3c4e4b83-722b-4d43-96c8-3a59e874c010,1401
3c4f6c30-5ced-45bf-a9b7-8c1bf5a9daf8,1402
3c629f36-9df7-4624-a286-1371b1ee52ab,1403
3c64479c-5899-48cb-80fc-edaf1dadef64,1404
3c68ffff-4e26-4409-b85e-dc84b2d28020,1405
3c778d3a-b7cd-425f-bb6a-b027e9e7dde3,1406
3c7d240a-135e-4403-848c-5652834c763a,1407
3c948187-2471-4963-8e53-a3e8be11243d,1408
3c9573ee-b567-4266-974d-e8cbdee965ae,1409
3cac6cba-5a5b-4106-a39c-a4c61c2822b4,1410
3cace1dd-40c1-4d86-8fd8-0f3c2e6cd534,1411
3caed30b-3024-4de0-b432-ee368be68011,1412
3cba05bb-e855-4b71-91a5-c2f3fb60aa16,1413
3cbb8aa1-b373-449e-bdad-1a7fff7e55d2,1414
3ce23dcb-ff2c-4def-8220-e1983f118915,1415
3ce263bd-56a5-47d6-8088-1519d23acada,1416
3ce42dc8-3311-4ae2-ba7b-30f77b60f8b9,1417
3ce8f38e-4782-44fa-b3ae-8cd7a7ab382c,1418
3d1db567-c3d6-485f-ad0d-a88d2ac3b9d8,1419
3d288796-59ff-4d39-8468-c2a9e73f57cf,1420
3d298938-1e73-450d-930a-ba414ccd101d,1421
3d3f5f0e-45e7-4e29-969d-a76c9068dc90,1422
3d535d93-ec2b-466b-9af8-bace9ffcf543,1423
3d56482d-8e90-4b05-baeb-b64afd7060c8,1424
3d622add-b7c7-41cb-bb27-7e18b065c2ff,1425
3d654d39-1957-4aae-af23-8c39d2f0c5b9,1426
3d6f68c3-cab5-4858-83ad-c096e8362f8b,1427
3d7ce0f7-a6f7-4477-9884-c8a18101222e,1428
3d852071-1196-48cd-b02a-e67d4ed8c404,1429
3d8fe653-4e9c-4cba-bcfc-7b79e6362840,1430
3d9242de-e7a4-4bce-b140-20cdeb26e50c,1431
3d96c8ea-3237-4a9b-838d-aede5586654a,1432
3da912e6-67a2-44fe-ae39-4a69e566c917,1433
3dba5560-dbc6-4c64-8474-655fa0ec995c,1434
3dc3aa5a-571c-4713-8a31-22b272c228b8,1435
3dcefe03-d99e-4b4f-8739-3e8b866c5381,1436
3dd16efa-b727-480f-870f-96862e3c8941,1437
3dd38ca3-d26b-45a4-b4bd-3561ea627148,1438
3ddeb62e-1fdd-4264-9d39-4bf31887a10e,1439
3ddfbf5b-46c8-4536-9224-510c41fef831,1440
3deb4cea-fc0f-479b-82b6-fe05bd449898,1441
3df201d7-f529-4579-a86a-e35fb6da14ac,1442
3dfc33a3-3b64-4909-837e-5ae9ae62207e,1443
3dff1b48-0639-4ee4-b6e4-fc144c11a36c,1444
3e0d6d4a-486d-4563-acfc-9a8ebef542e1,1445
3e1165c2-cc35-46b8-94e5-fab49dc280d7,1446
3e20efc7-bf1d-4081-8f49-c5c8e9260887,1447
3e2d3d08-e166-431c-92ff-0ccd1473ed9a,1448
3e3043e6-7f7e-4bfc-85e3-4e10b2c55f46,1449
3e4bf781-df9f-4776-83a7-6255839a31c6,1450
3e560235-d83a-4fa3-afaa-0593a5a52933,1451
3e5f31d7-b55d-48b9-951b-c03c83e5a809,1452
3e5f7b30-c983-4f2f-a750-8b7c75e36d18,1453
3e6e6042-0f92-4e4a-ab48-249a74be98ff,1454
3e6ed955-2d15-4e72-8fff-c993fd5753a5,1455
3e80060b-6121-4fe5-8508-e75c827e1cc5,1456
3e85b2f4-2fb6-463c-aad9-e4c478b8b3a6,1457
3e904b5d-470e-4e63-a316-e83b3b590fe5,1458
3e909123-719b-411f-a9b9-3dc32731538b,1459
3e9fac3e-0865-4409-bb63-76e44ac86087,1460
3ea87dcc-9f79-45f9-b4c3-3ebfccd159f4,1461
3eadac82-74e0-4ae9-8954-fd01128934cf,1462
3eb3a99f-7252-45f1-b786-575a8d75f094,1463
3eb7e8eb-007a-41bc-8899-737461fbafe2,1464
3ebc1ceb-23bf-4189-b0bb-8c389f9122bb,1465
3ec76f39-6c71-4b63-a725-1c6d328eed40,1466
3edb6198-32a5-496d-b0fb-4ced437f7146,1467
3ee5813f-a27f-405e-9da5-307b3629bdf7,1468
3eeed64a-f327-44d3-af16-de672b7ac2f3,1469
3ef742cc-9818-4219-91aa-730be02cefc9,1470
3ef8d4f8-c248-4bb4-88b9-af6719db83d6,1471
3f00bae8-1c8f-414f-bcf2-e10ed5aafd6f,1472
3f09bc99-75f0-40e7-b1ab-91bba5571c1f,1473
3f2371e3-4c80-4585-9767-cf65f50660ee,1474
3f2c0a59-9d78-4f43-b483-ea6b9eec5899,1475
3f2ed8be-7323-4ceb-9bec-8325ff48e5d6,1476
3f323ff3-1aa1-43e1-a304-a9d44fb9047c,1477
3f3e3377-f3ec-45fa-b2d7-e2255b411f4b,1478
3f4018d6-8704-40b5-a4e2-142588ea9fe8,1479
3f787837-f3fa-4c41-a148-8976ede24e6a,1480
3f79f19b-de40-4e84-8656-365ca898d382,1481
3f881bdd-1861-4023-b586-889f00ac9f88,1482
3f91f6ee-057c-4297-ae50-eaf5264f9f1d,1483
3f98de17-ed59-461a-a397-9aa7a0bd5367,1484
3fae453c-9d3e-4949-ab5b-830171156c66,1485
3faffc32-6727-4e55-8a90-0bf19905aebd,1486
3fb08238-96d3-48e4-b683-7dd03b1dd485,1487
3fc6c95e-50cb-460e-82c1-ea139c2c2b11,1488
3fdcb382-7879-4de9-9fc8-39fc38ef7291,1489
3fdef99b-9fd6-405b-b9ee-180aa860c8a3,1490
400f3746-0879-43bd-a2da-0ee3d092763d,1491
40100f90-de20-4b13-b503-b684f445289a,1492
401dbb80-fe63-4020-b2eb-b2f47b90c983,1493
40328eb5-8956-44de-a4c3-278cdc5081d2,1494
404bd4f0-824c-4d8b-b2e8-d29f5256cbd1,1495
40506f9c-f4b9-40aa-ada4-0a38677fa9e7,1496
4050b940-1738-4a91-bd7e-3b6f75c03405,1497
40597f71-b2e6-472c-9c3d-0ea586518d69,1498
4069efbc-d2de-4181-8fbd-49a4a4b28778,1499
406ca30b-9daf-4503-8ed7-a43e03beea4a,1500
406fe4ec-547a-477d-92d3-4f442c7428ce,1501
4083bed5-4fa9-4a2f-bc69-d51264f39f13,1502
408be913-3901-4665-aabd-9f493cca2d82,1503
4091e4fc-9007-44a0-b1d3-5cc0159c26f1,1504
40a09182-37bc-4e9c-90ba-ae82a310b594,1505
40b20ac5-c5f5-487f-986c-a3a08acc11f9,1506
40cb06c2-ac28-405e-9848-0518a40e978f,1507
40ecf7d2-a870-4a34-977d-d915458ca1c4,1508
40fbffe6-e006-4973-9414-78e0dc1b0488,1509
4100e244-c818-4d16-86ed-b7c1a5c7eee0,1510
410f41cd-0bee-48e5-8443-e93c00430eee,1511
410fb8eb-0248-4d7d-8994-1715e1b005da,1512
4112886c-6c4f-42a0-9b49-a14f0d3d14a2,1513
411ed03d-68ca-42b5-9c5b-7cc3a61c92d2,1514
412524dd-1f20-4f83-940b-e94c8cfd56b0,1515
412c1e92-b68a-4a37-9917-16d6bb7bd3cc,1516
4131ea69-341a-4961-ae1d-b6ab3f75261c,1517
41398c8a-8117-4d71-a8b1-08623923083c,1518
4140ad3c-94c0-411f-a213-954b1ce15f86,1519
414d4edb-31fa-49c2-82ce-e135d4c5324c,1520
4167b192-a1bd-4419-a6eb-4c7b0ee53eaa,1521
416a8117-7b33-460c-ba43-2bf3296ce138,1522
416d9a9b-7d64-491c-b153-91080a9b37ac,1523
416db208-7558-4776-ad79-50685f745805,1524
416fae44-0339-4388-a5f4-ff39ee869126,1525
418af8a8-4ef9-4c57-b897-cd69631cc72d,1526
419f4699-d58b-4b7f-91ce-59755f93f178,1527
41a12a69-693b-4c97-914a-1c501146be14,1528
41a9f085-e88e-4504-9f81-40d31ce41e18,1529
41ab2807-a675-4c5f-92dc-7d7c70af4b9c,1530
41ac2cf4-0dfd-44d2-8fd1-2884f19dd2d2,1531
41b377af-4bf2-4d52-92c4-f95a06c503f6,1532
41c5d5a1-2bb3-4fde-b631-d03f57ab3e46,1533
41dda0b0-e245-4634-bb26-afc3a69fa65b,1534
41e3729e-de84-461b-b099-3e65c0a75d13,1535
41f1aba6-4c65-4f3b-b81b-43d9b0a08109,1536
41f20916-dc09-49d5-99b2-b07a5a3a4091,1537
42122c9a-747c-4a0f-b256-ba235a7c78a5,1538
42129727-e442-46b1-8371-01592cecb219,1539
4226ce0a-17c8-491b-afb1-1041eb308c41,1540
424194c2-ac32-4b26-96af-0dbc039f9f60,1541
42486e1e-e4f2-4d3a-a2a2-3e9c56d7373c,1542
426ba84e-5f4b-4634-9f63-b326dcc0d800,1543
427026b9-fa93-44a5-889c-e02060d45ed9,1544
4286d237-0d53-4b56-b133-2d7265744716,1545
42af273d-0a99-4ee7-9106-b326087f6389,1546
42b2f9cd-323f-4669-b58a-8a5e76e0d627,1547
42d6cc63-bf07-404f-a2ab-0d454b3df953,1548
42e9b8f1-2184-4b5b-8ae3-b0146f5c06d6,1549
42ea8b8c-3743-45fa-bbdc-28f3c0da1e77,1550
43229cbb-e2ab-4ee9-a886-fa65aca73676,1551
4327bcfb-60ba-4368-9e39-127d5464589b,1552
433686dc-b450-4334-8ea2-12f0765912fd,1553
4339bc5c-6ebc-480c-a527-80381e66fb49,1554
434912a3-80cd-429f-87ef-e4656d709201,1555
434fdcd7-521c-4a17-8168-bd0757322e57,1556
43554de4-b6af-45fb-bed3-46de55d1b443,1557
436f09fd-19fe-478f-a40a-9ff6d480c69f,1558
437b42ec-9d83-4977-b3a5-b94e55d5c516,1559
438ece25-cf66-4bd4-b563-e6859050a56b,1560
4391af00-03db-4989-9b82-48ade0cb7593,1561
43921de1-97b3-4f2d-bedd-53abb599732f,1562
4399374a-1e00-40a3-8ed9-34898cbb92d3,1563
439974e1-9ab7-4fae-b78d-cf04cb60e81b,1564
43a49c7b-00a8-4058-97e8-658026590438,1565
43a7ba6d-ac68-4426-900c-d8c0b0681cc6,1566
43b09458-463e-4269-91a0-96f373720d62,1567
43b6fc88-f9a1-4909-904f-8c5fd0ea6403,1568
43d540de-46a0-486f-9ecb-460f9dd531d2,1569
43d9afd8-0708-44cc-befe-2f9fa02a8567,1570
43e49a89-5ec3-4c36-807b-fb2a3c86800b,1571
43e59f22-9870-4383-a73d-d6e217dc29df,1572
43e948af-28c1-4d3c-868f-ff629a5a3baa,1573
43ee0e6c-edff-4874-a08e-416cf12794c4,1574
43ff962e-bf3f-44d3-b192-9c3e1a666abe,1575
44126817-7f2d-4633-b433-500e2b35bab0,1576
44166464-942e-45bc-bb71-23c0a44687b4,1577
442ad7e1-6463-4b60-87c6-dc7216d4aeed,1578
4439d3b4-2f03-45da-8bd1-34315217ec74,1579
4440696a-c15a-4409-ad30-1e9e593dfdd3,1580
4451124c-c478-4c39-9f8a-0e2c409edb9a,1581
4456785f-fae5-4ef3-bf9d-aeae1286d2a9,1582
447f0f9b-9d51-4d83-b00a-82b83aed0eef,1583
4496f89d-2cd1-4ba4-8abb-c1ae1cf0377e,1584
449c1e4f-de3d-4bca-8bd1-2ea2310e0da6,1585
44bd1d1b-ef17-4410-ab2e-81940dc1ca72,1586
44e38a7f-681f-435a-abc5-710012629c12,1587
44e60960-fa2c-47a5-9619-2db192045a21,1588
44e915d9-907a-4810-a950-fec30fee86d8,1589
44eaebde-6388-4275-8d1e-4715de0f91f9,1590
44fdd86c-ec2f-4a83-b9fd-548b9981de80,1591
4502f5c9-1842-41cf-bc0b-9ad5d0aec19a,1592
45119e93-bcb8-433a-8526-ddd21c582c97,1593
451fb599-4c2f-4797-b193-9ead88cf7015,1594
453eaf76-2a4d-49b5-8039-9a5b05d53fb8,1595
454d9579-77e3-4db5-ae56-16f5d553f049,1596
4551b34b-68b0-4dcc-9ce0-ddc285bad399,1597
456cb6cd-7d70-4b8d-b522-4647c14e8371,1598
456d1b53-c909-4e67-bce5-5948e8d81891,1599
457a4689-1013-4a68-82b7-1ecb8648ab23,1600
4581fc72-266b-475e-9485-58233f8ef4f6,1601
4594dbe0-6890-41ba-80c5-f942c8ddfec4,1602
4599ade0-c4e9-4c23-8994-de53577b0949,1603
459f41c3-b2c2-41e3-8880-1b93e9a88136,1604
45a2c278-ee49-4ea8-ba5d-7454e9ca9206,1605
45aef6f0-168f-45b0-85fa-505e319cade6,1606
45b3fc1c-5567-4be4-8937-2b3626cb8a98,1607
45bbb083-d33b-4c55-8fc9-909cf3c54fc8,1608
45dd2e93-aff9-4df2-89b4-34127f3c21a0,1609
45dd8f03-30c1-4028-9bda-0a9f47587ba9,1610
45ec56d9-2d56-4509-9f8f-d7bd956a47a2,1611
46301780-f8e0-4694-ab07-99f54204750f,1612
46318bb8-ee8e-46aa-a865-6773b59fe999,1613
464003e6-b74f-4e7a-a7e1-93869f93966c,1614
464ab5bf-f835-4d23-944c-e27a1c16e9a8,1615
4657aa92-2ef5-47c9-b271-df955b4e20d0,1616
465af335-cdb8-425b-8fed-0c870784ea9a,1617
465deda8-899f-4f83-b4d7-5d77b31d355d,1618
465fc223-58ee-456c-946c-07e19f48b514,1619
467ce38f-89fa-4b68-9d0f-d800a39d8158,1620
46ab0e53-436f-4d81-b011-4adc36df3651,1621
46b1294e-e095-4833-ac52-becdf57cc6f4,1622
46b6c07c-270e-470c-bee8-4879e73caf42,1623
46c7dc82-65c3-4d1e-966f-1328a091c9ad,1624
46eb900d-8ffb-425a-bac6-f94833756806,1625
46f182f8-dfe5-4ef0-9a9b-13f15d27fede,1626
46f8e034-defe-4d29-8767-fc349ec6d42a,1627
46fb2ddd-63d0-463f-876b-ea0ea66cf39a,1628
4701a68a-27eb-40ce-9992-659443c5e148,1629
4702a854-c9a3-4f41-b920-f9e86148e2ba,1630
470381f4-2616-4a26-bb0b-51c5a2f4194b,1631
471147c3-3f74-4eb2-8e65-5c10c74cf5bd,1632
4716207a-7821-46a0-8f2b-1e361d0cb41c,1633
4720b126-2eaf-4a5d-9d59-2bfdfdaa5183,1634
472d4e5d-c7e7-4f4b-ab12-d12b437f07fa,1635
4730a2e5-93f6-4bff-a16c-16cf0118f1ab,1636
4731ce95-4a5d-4512-bd1e-2ae31cb73153,1637
473a3cda-40ef-40c8-a0bd-4dd0fb4d88ac,1638
4745605b-9458-4a93-8bb1-7ac841547fcd,1639
47530474-4e0f-4cd7-94d0-1a12c691cb2a,1640
47547385-5aa1-4aeb-b974-fea97c438908,1641
476b200e-b5e7-4b69-ae64-cd3c861e9a3f,1642
47818ca0-6367-4925-a250-88ea4e03ff87,1643
47920e4e-b39a-49a3-b80e-fb2a21063f3b,1644
4793ea49-e9c4-48e0-b8d6-d3f7d1d9c969,1645
47a700c1-aec5-459d-9bf7-ffc0f9007d43,1646
47be16db-e51f-424e-8a74-fc7297c9523f,1647
47bfc3f5-846c-4563-aac6-f4b0c922b9c3,1648
47c9c007-8558-4695-8720-b1d9b5470523,1649
47cd4ff3-0b1d-4956-bb59-bff6c394da55,1650
47d2276b-3528-44bf-a658-456cc34d208a,1651
47d5c890-3302-4a9d-8c69-6758a69c73e2,1652
47ef6a4e-f724-4259-88d3-6bf70a2710f3,1653
4818bfa3-8224-4eee-a1f9-fc99368ecc20,1654
4819a6fe-d78a-4ede-b055-60ca05afd6fd,1655
482b2444-5fa5-4f3b-ae98-3347be988f9b,1656
4835b17e-1d23-4ae6-8944-28362edc097e,1657
48404ca5-856d-473c-842f-18a41160f3d6,1658
48432c2e-8be0-4d44-8684-18bbba832ba5,1659
48476e1e-4cbf-4408-99ea-20cbd887d83b,1660
4848be07-2a51-4447-94a7-1f9abcf84d73,1661
4855ff2e-b70f-42a7-8a0e-26c4fab2badb,1662
48607abd-5421-45a3-bebf-1228c7a60494,1663
48625557-7d59-4b3b-81e9-4a53683a94c6,1664
486f0c1e-b76e-42a1-8750-351a7b9ff2c6,1665
48818ef7-f1f5-48a6-823c-3e5d9f50d5b3,1666
488c6df8-2687-4eab-b238-c9d8b8876952,1667
48920b62-ef13-4a9d-a8cf-5b35fa6345b7,1668
4893ae4d-ad35-4c3e-a61c-d16ad9e7edf3,1669
489dadf6-c979-4cad-8cae-90ee362d6978,1670
48a071c1-9b6b-4bda-adda-020af046d106,1671
48a40cd2-d611-4c47-8ee3-4000e759e24a,1672
48c54a88-95cc-491c-a5c3-5faac1354b91,1673
48c9c997-1a76-4ac5-af25-6c0f976e17a4,1674
48d37d77-5051-4455-9a04-96170b61c757,1675
48d79f12-c8a0-4acf-bb1c-5de40c9289ce,1676
48e77280-89b0-45ab-a098-1f71db1dd932,1677
48f4e8c3-b055-4383-b12c-c6100559dee0,1678
48fa76c4-0b0c-4b1a-b910-50203215cec3,1679
48fcaf62-1748-45a5-a1c0-d1ebfeebb1fd,1680
490345d1-d6ed-41a0-bddb-cf710e1601c5,1681
492ad831-7a90-4502-8403-c2d04a55082b,1682
49324b66-4476-444f-9f9b-72e3e0af3d9d,1683
493a7051-9e7e-4754-b272-3d0fa2657c9f,1684
493ab323-df8f-43d1-9e7e-b24333259dec,1685
494bffcb-e36f-4811-9344-022ecd9c5377,1686
494d76bc-f40e-4792-938f-12136d9f468a,1687
494ef670-c40d-4b93-9765-ea9bb3e2ecd2,1688
494f009e-8f43-4ee2-8cca-bbb1b875b4b3,1689
495b1e37-7937-46c7-86ee-1a7bd5920c5c,1690
495ddbed-5693-4248-b1a0-d069026738fd,1691
495fae0f-034d-4595-8ca7-40abc69d8e66,1692
496c5994-5806-46aa-a97d-3309e3469a90,1693
4972df0b-fc4a-42ca-948a-a9da2b1f3585,1694
49759f19-547e-45a2-b99f-959c49d2926b,1695
49779ce6-dfbc-42d6-96da-ff1c54f3e99e,1696
49804a36-30a5-45e7-89dd-f38ff596d0b9,1697
49ae5d29-2818-4dbc-a941-74ce9b91898c,1698
49b12dc2-c2c5-4f23-8556-d049d6d331ab,1699
49b2d1b2-05a1-4010-ba39-1729a6cf8025,1700
49beb751-72a0-4e30-8efc-94b6168d9d13,1701
49c0c0d7-c628-4f66-94b4-748553babea5,1702
49c1f61e-02ac-4700-8cad-9d1bafdae1e1,1703
49e530c7-6021-474f-99a2-b2c9b65847b4,1704
49f0a1b8-914d-4fa6-ae79-01d482f87ebe,1705
49fc7ed5-94f3-4176-b7e9-fca1d3377d4d,1706
49fc8c41-bbb6-4eae-bdc3-5bcdbe8ae582,1707
4a0a6a49-8aa9-4f00-9170-b685c193bc29,1708
4a20cbe1-4a45-4d37-8c72-17ea101663ef,1709
4a234141-42e5-4b39-9c90-5456866f113f,1710
4a24a706-4c5b-4972-b694-b46f621ac002,1711
4a2d0227-355f-4beb-809e-6e101d45dc5f,1712
4a341e7f-a348-48c3-8561-291ed7bb0490,1713
4a36ad59-5dc6-4600-9363-597b47fde3a6,1714
4a37b9ac-9b51-4660-9d0a-14c040443d74,1715
4a3bbd12-b2e0-4c83-8b52-8b51dc41f859,1716
4a453db8-5751-4cd6-a9b2-b19d14edc9ab,1717
4a491fb4-673b-4171-b8bb-7756bfd53321,1718
4a4c5cc7-a65e-4380-9101-3d45f7a114e4,1719
4a4e71ab-596d-4e42-a7e8-37a3f6cfada2,1720
4a590f12-edb4-4508-ba9c-4f0f289be5f1,1721
4a5c99a6-f22b-480f-b866-d38c6f58cc15,1722
4a5edbc2-466e-43d7-bee2-a6879ca3c6b9,1723
4a6b749b-fda1-4c20-8598-9bc38617d581,1724
4a760a87-b8b5-45e4-95cf-48648908237d,1725
4a91145e-9ea7-429c-a973-4c57ed1a30ec,1726
4aa1f571-0963-44fd-9e2a-eb03cb21df7a,1727
4aa94ae2-1846-4dfa-ad1c-d8853a7c2485,1728
4aab0d2b-38c4-426a-a43a-586d7c4577e3,1729
4aae2ea5-7fde-49f7-8b71-f7bb8e702935,1730
4ab29735-1099-4804-a81e-c9fbc80c7176,1731
4ab3e022-fc64-468e-a5f4-46512220be19,1732
4ab9b908-537f-48b3-a8af-79cbec4a0def,1733
4ac20239-9b0a-4e58-8ddd-de2f30144cd0,1734
4ad4b09d-be7f-4788-b5e4-36fa31f6d893,1735
4adfab23-f334-4feb-b66e-0bbfcf442c61,1736
4ae99096-ac24-45ad-b4c1-93365d4cf781,1737
4afe298e-5ee7-4443-9398-574acb61058c,1738
4b008afe-bfe6-40e7-a84d-60c936dcc84a,1739
4b071c12-893b-4e3b-a221-62786f57263e,1740
4b3db87b-670c-4874-942c-90c558bea856,1741
4b4cd4a9-a8cc-478b-83fb-725bb82b609e,1742
4b5e7c9d-21b4-47e6-8faa-82b9169d4e4f,1743
4b85bf73-65b0-4c5a-ac7d-6505320dc2db,1744
4b9065ac-3431-4e1e-a55c-c752c99e6a65,1745
4b9adf4a-9e64-438d-b778-3af872b2a6f2,1746
4baaa3be-a0b8-4d33-b37f-f9ba205477b8,1747
4bafd4f7-58f9-422c-8aa8-be11ca6e5eb2,1748
4bb08175-476e-47f9-b6ed-199742caa342,1749
4bb59359-5d34-40c2-b320-1996204216e3,1750
4bb5ad6e-07d2-4d79-b6b5-e51733f91f79,1751
4bbe9541-1a3c-4eb0-9cda-1e26c94ae523,1752
4bc5534f-92bb-45e2-bfa8-4bd5339765fa,1753
4bc9e5df-34af-4921-9077-b071d52d48ac,1754
4bcd664f-f953-40d9-97a1-055016c76d94,1755
4bce2527-a8c6-461a-83a4-908db2571736,1756
4bd196c9-3945-4aea-bb3d-d327455d2efb,1757
4bd3bd23-0bb7-4c2b-adb5-8bfdf03b4efc,1758
4bda6fe7-4e90-43ae-a5c0-bb374286092c,1759
4be44133-429c-46e1-8aca-2eabde428174,1760
4be98ec5-cf6a-47e3-b12a-e02e6cda456b,1761
4bee3397-6501-425b-a54a-c0b701ab9e39,1762
4bee3e4e-3a7a-4ae7-901a-b6d02efa5c65,1763
4bfeec61-7eab-4f80-a996-f929f5cc4435,1764
4c0039d1-e0c9-4a59-9ec2-267a832fe5d3,1765
4c01cb9b-be09-45e7-8ace-ea5e5353fc88,1766
4c338713-d68d-4e08-942a-f509315be97c,1767
4c3ccf6f-ffda-4f91-9bbc-13683a890aac,1768
4c3d85c1-f7da-459e-a976-773c7658c7c0,1769
4c463b77-a0fd-489f-acd0-8bcd1d7d015f,1770
4c4e04ca-b5a5-428b-bb2d-6b385fe41d56,1771
4c509883-fcf1-43a6-a85b-c40333ffa2e8,1772
4c610168-bf4a-479d-a068-991e30b9a690,1773
4c627f46-1432-4848-8755-58ea7c653bcf,1774
4c6b1b7e-9c85-4b7a-bb6d-9edc845c53cd,1775
4c6fd684-7744-4624-a0ad-d5ccddaef63e,1776
4c721366-cc38-4369-9ec8-9612b8084430,1777
4c8458e1-797b-4620-b09c-0f70259b72af,1778
4c8e6c8e-ae2c-4546-a55c-06340491ab90,1779
4c997299-27b2-4df3-b1bf-e57158fce132,1780
4ca7a4c2-c201-4c97-9817-64f4cc537d7e,1781
4ca92238-6dd0-4572-962a-0cf5aff7822d,1782
4cbd7277-a5fc-43bc-80ec-55356f4cffba,1783
4ce4d5ca-992c-4383-b792-f954a3624afa,1784
4ce987ff-4246-4c0c-beef-42df8ae8b9b8,1785
4cef5f11-2486-4ebf-99da-06ade17235db,1786
4cf93f1d-0a19-4de7-9981-238bc8991335,1787
4cfe6a93-c55a-4db3-8759-ea33eaef60a1,1788
4d0b1f25-49fb-4190-888f-9aad0c900c35,1789
4d0f41ec-864d-4e6a-a282-62dfefe3f627,1790
4d1a171d-d0c4-40d5-98e5-72d78232d37d,1791
4d21950c-3d19-44b0-b2fa-0761ad8bcf8d,1792
4d25b3d7-6786-481d-8c3a-a73a1ceff073,1793
4d29e400-d7a7-405e-8858-8c3faf5a148c,1794
4d38915f-e156-4e81-bad0-fe7c0eff5c85,1795
4d3abc2c-f01b-4b63-9da8-b034eb29db56,1796
4d4518f0-68c5-4b98-ae19-20528de73854,1797
4d4b0e29-5fa8-4fbd-b4c0-1d63fbb412f8,1798
4d60874e-4c33-4c8d-a440-235c931f7416,1799
4d6ab090-0df0-4efc-affa-6bb67e3151fa,1800
4d714366-ac04-4f8f-a4fd-a78a37b59417,1801
4d77eae6-0a9f-4d6e-974a-d8af003dd25b,1802
4d977e0f-5f21-49ca-aacc-24d19742aecc,1803
4d99bf1f-0f87-432e-9d47-97f9f784bba3,1804
4d9ccb40-40f3-424e-a9fd-75cead129b32,1805
4d9e1d4f-bd78-4d6e-a442-4bea6682542a,1806
4daad715-4f81-43e3-89c0-23fe48a04afa,1807
4db3beab-2301-445c-92f7-2dc69b682271,1808
4db4b481-7951-4bf6-ab80-bb66547059e4,1809
4dcfdd7e-dffa-4231-8680-e4a5247d2fda,1810
4dd1b09c-1878-4f11-b901-cb31f8277b23,1811
4dd51614-dfc2-434f-aa85-acb6be8778cf,1812
4ddfcf39-97b5-4708-a227-4b9339a08bf5,1813
4de43bf6-7b55-4c29-a626-5e04ef5c6675,1814
4de6a210-1196-4a73-bbb5-5dd362a46cf1,1815
4debc240-8a9b-451e-9db5-7c19b166f4eb,1816
4df53ee4-4409-43f9-8ae8-d67e5a445758,1817
4df76397-4d10-40cf-adee-2d6a8e8ace26,1818
4dfd07f7-d094-4469-9222-bcdcef279d5a,1819
4dfedec6-0d70-4ae7-a542-21f33a9cc9f8,1820
4e04133d-090a-4a1e-b5d3-8e831e157bd0,1821
4e0760d6-60ba-423c-8c97-fd972256dfd9,1822
4e0a0e44-6d46-49d7-b602-04c55420cfbc,1823
4e13c99d-1fda-4787-9d4c-99f4e0f64ed4,1824
4e146f1d-d0cb-4f0a-aa6d-be63b9828c87,1825
4e306862-d50f-470a-b682-e8bd3d5c21ff,1826
4e3219a3-6b9c-4be9-a8e1-97d4aac72d7a,1827
4e40d4d2-9056-47d2-98f8-73263164ee8e,1828
4e462b74-4cc6-43b5-b2a2-25b923578056,1829
4e6129a6-a955-4c71-9003-db440582bcc0,1830
4e68a93f-281e-40b9-b662-30a0758bf999,1831
4e96a545-833b-4ad3-87e6-e6d62e58ff57,1832
4ea2c63b-374d-4acb-85d7-d5e7b6fdda17,1833
4eb44689-0df5-4ecd-9178-bfc5aac80def,1834
4eb56e58-2d23-45d4-a28e-6c356e17c28e,1835
4ebc8fc9-fd21-4d28-86df-b46feb694e02,1836
4ebdfd19-6fee-4451-8a7b-2c199b60aa41,1837
4ec4f86f-88bc-42c2-9100-fc7a8507594d,1838
4ec9fbeb-6768-422e-889c-a652e2ad21f1,1839
4ecd3e7c-5d67-4814-9c26-611d8d877214,1840
4ee5fb98-d5af-4134-9897-eee5d895e0c6,1841
4eee9d40-1667-4c40-8694-7b1868b38605,1842
4ef1f762-5223-4f70-865d-58364f7cdf99,1843
4efe9dfd-a14b-4d86-9f19-0155b560b401,1844
4f0ba4d6-a1e4-4db2-a874-859c9922864d,1845
4f1437c0-3446-45ab-92dc-3dd0e71679b7,1846
4f1a29ff-6575-46d0-b9ab-c2fd5e9d1d34,1847
4f210349-4744-40d0-8054-1a218ce75db4,1848
4f2df33c-1ef7-4f38-91ad-9ac43d8087be,1849
4f4ef96c-ca3f-4faf-845a-2b652611c40b,1850
4f64267a-b4ec-4775-a414-788eacfc6945,1851
4f70b007-c2eb-4697-99ab-477ed4917d50,1852
4f777f5f-88c3-4496-bdbc-e7feb5f8cbf3,1853
4f7d6050-86d8-4df3-bef2-1127f01b0530,1854
4f879920-d4db-4826-9dfe-001a7bbfc80f,1855
4f992882-1e2b-4658-9c54-eff7e36829dd,1856
4f99749a-0b60-40cb-b875-1c87014ec241,1857
4f9e0836-0d81-4428-a121-de3dc6e82a95,1858
4fa02761-7d19-4244-bba6-67e1abec852d,1859
4fba7ac5-d114-4d9b-9caa-15d732115e28,1860
4fc476c7-f6e8-436c-846f-bc5dcf7df7b3,1861
4fc6c4ba-46be-4213-bcc7-40c2646dc396,1862
4fcf86cc-db44-4ae9-b22e-5e79b041fc48,1863
4fd11214-5459-4e23-85d5-3a288d525474,1864
4fdb8c15-2301-4b58-921b-577705c0cbe4,1865
4ffd34f3-2f5c-46e7-acec-a517d8a73d74,1866
50060a7b-4bdf-43bb-a78c-82fb303fada2,1867
50087c97-15c6-471c-91ca-00685546a41b,1868
500f0824-0847-4c4e-847e-1ae3bd054361,1869
501172ae-c8a4-4bde-a374-ceacb4ae49c7,1870
501d0ab4-b1fc-4c26-a034-20b03aef6358,1871
5022a800-4934-4d7e-8ec3-6b777b0f709a,1872
5027a9c5-0ea1-484b-addd-059117683b38,1873
502cd400-ffb8-4dff-ad62-f3a76c442b2b,1874
505307d7-a856-48b0-81df-37a2b7c86973,1875
50548fb1-fca5-4c72-8478-f4358d895c22,1876
5062a033-6256-48b6-bd67-def5fcfff652,1877
506ef763-bc36-4768-929b-670020d9cf34,1878
5073169e-d6ca-4e44-bf11-9bb7995c5518,1879
507bf907-a62e-4e8a-893f-623ea5392566,1880
5093fce7-1393-4382-96fe-4a098cefa4a1,1881
509e18f1-ef6e-414c-8e80-4cb62b93b1f3,1882
509e58d5-226a-401b-8be9-3b24d2bef5ed,1883
50ae8808-7e48-4c53-9423-332fd946c5fa,1884
50bb862b-5a7b-421c-b005-7938e9292313,1885
50bd67cf-a0a8-45bf-a883-12097be6208e,1886
50ca06d0-e1ba-40a3-bec3-64ecef40221f,1887
50cc9c61-7e2d-4bde-a4d8-03720806f917,1888
50cf8942-4ccb-4e1c-9c96-54c8071858f3,1889
50d0a899-4db5-4edf-bea2-59c13a91f463,1890
50db44f8-de1f-413c-ade8-77ace8d89fc4,1891
50eefdf6-10f2-46e1-8779-8ec6daf722fa,1892
50f3bb08-a315-4a9d-913d-a92fca5b7c68,1893
51051546-3f99-47a1-bf40-506518a9ddae,1894
511b7a29-0aed-49ac-91e6-6944e35c1cba,1895
5134244e-7b45-4402-8efa-b15b31fd2987,1896
51397a9b-76e2-466c-862a-a37b77f3a348,1897
513a7baf-433e-423b-9248-7d250f884a91,1898
515105c3-029b-498c-806b-ec59e2bd7110,1899
51588cb8-a8f6-4e1a-aae0-5e590d5bde6f,1900
515a802c-871b-4010-b25b-beb2b7d9624c,1901
515dba65-7048-4e6e-9c3c-d9a98a006ac8,1902
515e7cd8-5def-425e-8975-eddf4888ff65,1903
51607af9-6beb-4c67-8939-31a5e62d30ad,1904
516225a8-018c-47d9-910f-136371f1cb5e,1905
5164ed4a-7e74-4888-9fc0-f901264d2151,1906
5183d8a7-1904-4b31-8d10-329b505f3f00,1907
51a319f6-cf6e-4db6-892a-0f5bedfb0f7f,1908
51a5f2d3-073e-4c46-9eb4-2304b064b105,1909
51b02556-666e-4366-a498-6ac3e8d003fc,1910
51b12568-0565-419e-9cab-617dbcbe6a4b,1911
51be52ba-b4d8-4e0b-a7b3-f284af2754e4,1912
51c0b5a0-8627-4414-938c-09b2674bb2ce,1913
51d18e7e-7ebf-49fb-b0e6-ce1952dba631,1914
51d42e9c-44bd-4642-84aa-d8e5a882060a,1915
51e8c096-4b02-49ba-927a-3ba88266f6ee,1916
51f3837e-c581-44a3-8e47-1b8e6a2abe98,1917
51f57f7c-3751-466c-a70d-e08b3d8d9c08,1918
520565a0-16d2-4f56-b208-0ab86d2a9b42,1919
52072d83-1e08-4125-803b-00ddddebdc6f,1920
520eb29e-8c2a-4346-b1bf-334e217452c5,1921
521e3782-2452-42ac-893e-fad63d204ad8,1922
5224c112-a78a-4a30-a078-d54e4f9bcf65,1923
522a16cf-3a44-4262-b588-4096438ee83d,1924
5236cb99-709b-4ec9-8628-04018fbb6ee5,1925
52385b26-2165-4c75-9c2b-6bc29d609b00,1926
523a1127-aff4-45ad-b68f-e1da26d6d01e,1927
523e5020-9c22-458e-ade2-f90b392878b2,1928
5241e396-d9f8-4afc-9508-1ad42d251b5e,1929
525b1157-e885-4272-b2b1-b0c38016fa2f,1930
525b99db-d1b5-46ff-a581-eb307ed847ca,1931
5270e3ee-d014-4930-b0de-f31937f9b912,1932
528f2582-2883-430a-8a2c-4b89916b251c,1933
529d908e-6f11-499a-8f79-b0c88e566cab,1934
52a20884-262e-4907-9912-58334bd01e13,1935
52b64915-29f7-4711-9a68-4b9108321051,1936
52b8f087-4368-473b-80d1-35180d085941,1937
52cca82d-1b27-4e8a-86af-085c2286a803,1938
52d91500-d241-4750-802a-35f59a6e3337,1939
52daa2c7-2911-460a-8b93-12f9ae51fd42,1940
52dc3c68-fa86-4430-8a7d-c8538790c35b,1941
52e26c6e-e463-476a-8d9d-68b115e33f6d,1942
52e2b808-ae09-4245-92ef-6d577f467357,1943
52e4a1ab-6204-4885-a071-fe8ce0817bde,1944
52fff37f-8080-45e1-b57d-0e52cebfe6bd,1945
5315a9f8-de20-4780-ad6b-c733e463ac5e,1946
5316ae4b-53b4-42b0-9c19-ef612fd0c172,1947
531cdd26-d192-4520-b37b-1ce2c636d0fd,1948
5327a425-2879-423b-8a89-c020e4615b96,1949
532e7830-9a1c-4a8c-8032-2c28cbeaa7a5,1950
533baece-d79c-4b4a-8df7-a0fd4458b869,1951
53426d36-11a0-463c-95f7-11eaf565c9ac,1952
534d04ba-b043-4795-85eb-217eaff2a678,1953
5353a5b7-6b40-4f55-b3d5-e428742a5285,1954
535aa411-207a-4fc1-9b33-81e405f14fee,1955
536f9a02-bd9d-4528-9e1a-d650cb8651d4,1956
53708609-815c-485a-9140-54811897d61a,1957
53967387-f38e-4fff-89d9-a6b9262fa42b,1958
5398d567-f3b2-4bec-abc4-ba9100ab1407,1959
539ae09d-b1d1-4690-beff-583a7c108c94,1960
539cea0f-0074-4da2-804e-48a9f020242b,1961
539ed1f1-5f6f-4c7b-9013-718eedd0c47f,1962
53a984b3-1aaa-4a65-a213-0860a05a078d,1963
53b34a93-6b5c-465a-82f8-c1c98a94592e,1964
53cfcf2d-9150-4384-a472-3f3d60e34b1f,1965
53dc0a88-c857-4920-bbf7-52a285d5ae90,1966
53dd8c31-b963-4e21-b25a-70007af41848,1967
53e8de9c-4007-4ad3-ba55-dfd5aed2a6fc,1968
53f3d17f-cdc6-4d8a-85c5-abc612947652,1969
53ffa4e2-a3c5-41ff-815b-9c2931a9d46d,1970
5401cf24-b03e-4c7d-a883-4deaeae724da,1971
54065b47-54fb-4425-a2f8-fa6d43ced517,1972
54102f2b-6f26-4eac-bc98-cd161966dd6e,1973
541a26f1-86dc-4206-a089-b7ac27e685c8,1974
542324c2-62a2-4f1c-a6e0-567c5b3cd878,1975
542cb373-786b-43d6-90a4-456cb8e9f77f,1976
543cf763-9cbd-4cb8-8da3-3a67bc68f4da,1977
543e00df-48e8-467b-98b0-f57ef888ebd3,1978
54455432-f46a-46d3-8ed0-850d61639187,1979
544c384d-d1da-45a3-93a7-eaaab6527d92,1980
544c6098-b9d4-47c1-834c-ddf6d198e04d,1981
544d266c-71ae-4bf2-bed4-34eeb1052d20,1982
54563945-5adf-42d6-b14b-fce0d16880e2,1983
545fe7d3-c666-43dc-9504-6a25f6359949,1984
546afafe-007b-454f-b895-109c72f2b756,1985
546c4146-c9dc-4e58-bf19-8c08cd356d01,1986
548197bf-88b0-41fd-a0c5-6ccdee9fbc23,1987
548bf629-aec1-4975-a27a-61068c702089,1988
548feced-baa9-431f-810a-f47a771f64cf,1989
54907823-27d1-4163-aa28-0af441760855,1990
549259b2-42f6-4dd1-9f8e-310086aac7f3,1991
5499a905-41c5-4d9e-827a-c59433727771,1992
54a7e3ba-713d-4d70-b091-89af525cfaf1,1993
54b583fb-366b-4372-aaea-bf51a8c16ec4,1994
54cce430-29af-4f5d-a346-ec96cc8e7707,1995
54e42280-7c4e-49f7-9d4b-8553b8091f93,1996
550112ad-7f8c-4c60-862c-121fe81cdc8b,1997
553469db-153b-40d3-9b45-5da8942bbece,1998
5550e426-adab-434f-9704-85693ecd89c4,1999
5551ffe0-6bf3-4eaf-aec5-afb812acdb35,2000
5553b7d3-bdbc-4439-a628-706ccbda9896,2001
555eb301-5963-41a3-872c-86fb323b3c61,2002
5561ae93-1c0c-4b08-b680-4cf204174006,2003
55710d0b-0f41-497f-90cb-a814c114abe5,2004
55728d91-d69c-4ff8-b42a-eb55d4cc8c91,2005
557a641d-0c62-4264-a9e2-cfde52c8e8ac,2006
55801e6e-798a-481f-8d85-3f6a91ba0cee,2007
55853071-d03f-41b0-925e-eeaaab833765,2008
558751f5-9a32-4af6-b12a-0984da9edaf7,2009
558c2e11-676c-48dc-98a0-00636804a5ed,2010
55a497f1-19e5-4532-9f88-016a4d2947c3,2011
55cedf8b-6aa9-4dfa-8f2a-2fe2790ac3c3,2012
55db77cf-b89f-4510-ade8-324409091ef7,2013
55dd1f1c-ae3a-4ee7-93e1-c3855d619ca1,2014
55e08f5b-3334-48cc-bb97-961f2d31e2f4,2015
55f19f48-4b9e-4e10-b05f-167c764f2310,2016
55f3f172-9d3c-4d25-a3d5-59ddbff14d3c,2017
55f6b543-1417-42c9-84af-db698ae10e3d,2018
55f92f3b-90bb-4fd1-862c-e8bbb12932dd,2019
56144ea5-b834-4281-8ae1-168876d2a2a5,2020
561a45cd-2c07-4f77-a9e3-5eb9932005d1,2021
561ebfdc-c862-4f34-97db-bd4c9b38548b,2022
562c335c-8bf7-4523-aeb6-e79425bd64a1,2023
56396621-75b8-4f43-992f-16299725f75b,2024
5662f56d-3aea-4c6b-b137-e92908d5b5a8,2025
566e198c-e1e5-4250-952a-de81b5d43861,2026
56818e5d-36ba-4676-961b-cb6a71938451,2027
5695e0b9-1551-4224-86a9-6eeacc1dc8ac,2028
56abe76c-3c25-45d1-ab60-09ce89eef656,2029
56ae9d30-e984-495b-b67b-7bad9259770a,2030
56c68ba4-815c-4bcd-b5d3-bc7cd64baa40,2031
56df0b4f-fc51-419c-88f2-a2a50dac537f,2032
5707e734-1c8e-4274-9a5a-3474dfd0706c,2033
570b45f8-c58b-418e-990d-0319cd2e2104,2034
57128add-fa3d-4c4c-85dd-c4fbc51c8cc2,2035
5712b9a6-bfe6-40ee-9f54-e4b97bef28a7,2036
5714d3ab-f5a2-4ce5-940f-3bd095e5cbd7,2037
5723cacc-6798-444c-8a5c-7a2d04af633c,2038
572a5059-20ec-41da-887a-815a66da8489,2039
572f53c4-e49d-43c1-b682-d149fa2f533c,2040
573f95b7-9d63-4479-af90-e8d31725716b,2041
5756a451-2ee7-4957-a4b5-fa76e8221a23,2042
575ea76d-0264-4507-b921-80fcab2ebbbc,2043
5775ae03-1420-4364-9ac7-6e1059f97f89,2044
577892a9-0421-449f-b2eb-fcf8ab8376e1,2045
57871303-d4a5-401e-98ae-3eb5e0f77bb9,2046
579d8af1-cc69-4979-a81c-5c18c8b8e7b9,2047
57ad428b-a74f-4ed7-9803-3252a0d87537,2048
57b886e5-a031-4078-9c4b-5bfb9279e257,2049
57b8f324-94d1-4d81-ae4e-7421e8d9bab7,2050
57bf10cf-695e-4685-aa5e-a82b3616e81c,2051
57cca694-cae1-41fb-a5a4-2a8f357ec0f2,2052
57d3691e-c542-462b-beb7-8cac378fa3af,2053
57d68fcb-cb80-49dd-95fd-64f82af42c43,2054
57e2d6f7-2a56-4947-81e6-adf9a54f2f64,2055
57e6440a-cc41-4b17-ba80-ca9b5619d59e,2056
581b69f8-7480-44a7-93be-a1806a6a2924,2057
581c2ded-f26f-4568-86ec-9eab773631e6,2058
58282bcc-d07d-4003-b04b-0efddbfec92c,2059
582dd3da-a346-458d-a18d-3fea785828a8,2060
583d150c-95e7-4fc1-8670-913c8ae08618,2061
58421747-bb88-4bfb-b58e-0a46d1aa8e78,2062
584bca36-8abf-40ba-b998-7ad6f42de769,2063
584fdb1b-db79-4613-b2e7-9e72c0cc988b,2064
586def52-d39d-40b1-9637-975d2a9efb77,2065
587233a6-230b-45a5-af09-e618602b1b67,2066
58753297-2ed5-4443-b585-303e69aaae18,2067
58766aad-fe96-4a8d-889f-2801a27c9d15,2068
5880ca1d-c1c7-46cb-bdfd-2ade8319408d,2069
58851895-7bf4-4118-ae4a-db1f86b47e30,2070
58856175-de54-4a4f-924e-ccde244ab2b5,2071
5885b6cd-0c8c-4c2a-8246-1e66a97dd5d1,2072
5888126d-50cd-4294-831f-810ebea72dd2,2073
588b0da0-887f-4b84-b052-14c0133c362f,2074
589e739c-cc96-4e5e-93cc-ce65d1074dda,2075
58bcdb7b-5e48-4dbc-aae4-3b6e289edf01,2076
58bd3d73-1319-4b65-a627-0241ddc16634,2077
58c03af7-93d2-499a-896a-fa9487579da2,2078
58cfc09a-b998-4c46-8da0-d3d3fe01b891,2079
58d9dfb5-bf1b-48c2-a7ed-0fd6d00cf34e,2080
58eb681d-d2ea-45da-a010-6742f9546708,2081
58f501b2-5294-424a-92dd-e562bed873c7,2082
58fcd245-c05f-4d99-85fe-2980bbb1b697,2083
58fe5068-5563-4564-a1e3-ff0cf080736f,2084
5903614e-217a-49b4-a33c-4cc39221867d,2085
59063236-738a-4496-b390-7845e63026d2,2086
590e7215-d791-4b2e-b203-2c2c9de9d526,2087
590ee19a-4b8a-4ec4-ad6c-7843422b1160,2088
5915b012-060c-423e-9b80-d4e5d70e3e0b,2089
592c9c43-4343-405b-bb59-331e4bf22d01,2090
5932ada0-c83a-454e-b872-4b2f755a0c40,2091
594c441f-59a3-453e-b17a-d6e06d582dd3,2092
59589f90-e033-4357-bcb7-e16f261f7a48,2093
596235a9-57a1-440f-822f-90a348921f40,2094
596f0c8a-80ca-426e-b067-95100363afeb,2095
596f7967-0bd7-4ae0-99a0-ff03e3804e17,2096
59716256-9281-4314-b8a0-1b801bd81228,2097
5971dead-94da-4de2-bf63-e90325de298e,2098
59786946-7060-43cf-a680-97c29f0c25e7,2099
59844bd0-3a00-464d-b82d-71cacd9318c1,2100
59873cf7-625b-40fe-9de4-234ccc94961f,2101
598f969b-c3aa-4358-9a6e-70fea00544f7,2102
59968de5-b33d-40e7-bb3d-a81ceeed166f,2103
59b03393-55d2-48ed-8160-753b362e129f,2104
59b55f8c-34b0-4fd9-800c-4df5fc426bc7,2105
59c50e85-bb97-46ff-95c7-8a59f14b6197,2106
59c5e625-e66f-45ce-a0fe-dd25a19a9fd8,2107
59eb1bb6-9d7a-481b-a836-6da867df7d1b,2108
59efeee6-6746-4b21-bb55-fe14deef0583,2109
59f089bb-ae34-48e8-99a0-b475f068aa91,2110
5a05bd1d-a48b-4966-802f-846a08f6d819,2111
5a0b12f8-4c6c-47b5-8f7d-454b15641b65,2112
5a0e17c4-a0f4-4920-b575-d78bd09ce21f,2113
5a13e553-3ffc-45c2-bd6c-5ccd90bd07cf,2114
5a172552-9acf-4e7d-9988-cf1777303c18,2115
5a347cda-d5a3-48c0-b63c-884fb45c76cd,2116
5a3a6bd4-26d1-4646-8471-9f99056e4c8e,2117
5a607b95-66fa-4e33-bf63-d30dc343e7d1,2118
5a6f4e10-1f46-4efa-8b32-ea344043cf01,2119
5a71eda9-9854-4481-a21b-7e678353717e,2120
5a7a3def-737c-4c54-b785-8e53b5bd2a98,2121
5a82ec3a-0cc9-4c0e-b2c8-a8dd81ae8fb0,2122
5a894d49-378a-48a4-9652-f663ed165eff,2123
5a9d8cb3-9aa7-49e5-8d94-eb4c6b57c33a,2124
5aa1611d-929d-43bf-8fac-7aa4fc57e173,2125
5aabef5c-af63-471a-abd0-b29f4a14635b,2126
5aae673b-48bf-462b-a7b4-025dffd38424,2127
5ab8055a-84f0-4753-8521-a61efcbfeb08,2128
5ac3c309-5518-4918-a73f-9c2e776fda94,2129
5ac9ef33-c02d-4a6b-a7db-01355d57fb37,2130
5acbee4d-db73-46ec-a554-5dc86cf5bb97,2131
5adf7e7e-9fa8-4c2c-a9d7-a79e5b28b1c1,2132
5ae021b2-4002-4e0d-afba-08e1c03ea716,2133
5b14b003-e12e-4184-bb3c-771eb063a99d,2134
5b22dfb3-49ea-4646-8ab2-ee28730cddb2,2135
5b3400e6-2bb8-4b20-8204-ba8b848d5e71,2136
5b357374-d199-4518-b719-1f524977ad24,2137
5b5bfee7-d8e8-4bf4-98e9-3f99e2bbbcc2,2138
5b708055-e8eb-4d91-8a57-b9c517b54868,2139
5b821d8b-4467-4e09-a14e-e1dbf6c68fda,2140
5b8cb8d3-d945-475f-8589-edcfe9c2e565,2141
5babdfbc-98f5-416b-9bc7-ad75e0445568,2142
5bb115f4-abff-4d0b-913c-ac4a3a0ec21e,2143
5bca29ec-9d52-45a3-8fb7-c7a957f74eb7,2144
5bcc61e5-cb54-4d67-bed0-7cbb82bf9e3e,2145
5bd25d29-044d-460a-beed-1ac8d2a91d5e,2146
5bd4e998-d58a-4507-9e92-39e5068d4b4a,2147
5be12119-2584-4f92-af1a-ebb076e59220,2148
5be1638d-4ef6-4c93-a13c-18455c58a662,2149
5be1b6f1-4fb3-4d89-b6c6-c00053c74aa4,2150
5befe40b-1ffc-4e27-9900-226c23f9516b,2151
5bf1463c-1ef5-4bfd-ac92-66f8ed31f65f,2152
5bfc7acf-11af-4bf3-877b-2ea711243e7a,2153
5bfcdb73-62a3-4cfa-866e-453ea2778113,2154
5c081006-aae2-4b4a-83a6-c877ffacfed9,2155
5c1cdbd4-c55b-4775-a25d-c434af24eeb2,2156
5c2f67a4-457b-4a0e-8c3b-9fd5a834cb6a,2157
5c3d09c2-01b9-42ac-88da-e9d3ef528c00,2158
5c4618de-7810-47d9-8c8f-a10bc31d21f1,2159
5c50526f-1eb5-495b-93c1-56a6606920a8,2160
5c54e8c0-da74-41c6-8216-f5f77db2aa6f,2161
5c6292d3-58d0-4dc4-88ca-496bfeb1859d,2162
5c62bbf7-41b0-47cd-8fdf-ba6b94078a7e,2163
5c858d3b-271b-45f5-9a99-8dea5e8ff606,2164
5c88718f-d5dc-4336-a259-3811feb19ea4,2165
5ca21aa9-52d4-4c26-96d4-6e18eddf8b27,2166
5ca402d9-083a-4c3c-9156-a61153e5f2b2,2167
5cc96af8-fc01-4bb1-8dcb-3249ae52f276,2168
5cd12096-5c27-4d9d-8b15-f121caa15966,2169
5ce907dd-d416-4061-b7fe-4474e42e22e5,2170
5d19ccb2-6841-4c1e-a390-4cd97c568604,2171
5d207ae7-d893-46ac-bbad-a806c5a7c007,2172
5d23b398-8d4d-4f72-a572-b95bb6122f91,2173
5d29f67c-e133-469d-b3b2-b9a6bbce885c,2174
5d33738c-e6fc-480d-a32c-1f73da4e546d,2175
5d3a6c65-d5b6-4b8c-8c31-3f6b64dc3ab1,2176
5d3cfe06-c3da-43ae-8b9a-5b69d4ca148b,2177
5d516d18-1b87-4908-86eb-694f07ec0f71,2178
5d539fca-4aa8-47c2-9e2b-1f361b983a92,2179
5d57aec1-58ce-4cb7-b00e-5da25ceab889,2180
5d604587-ad7e-4124-83de-546836d8f0a5,2181
5d60ae2e-95bd-44b6-85c4-4de551657691,2182
5d63a0e2-5861-463c-b82f-2f7ded1da831,2183
5d764502-3096-4bb6-854a-dacce7cca7ad,2184
5d798738-563b-45f8-ab87-4553d09fda96,2185
5d8f0e48-21a4-4536-beec-4983719fc24c,2186
5da68d61-2b64-4a5b-af02-e908f2045087,2187
5dafb256-8975-471c-8e8b-ca829cf501a5,2188
5db21482-5219-4e06-a16a-5fd9f7aef0e6,2189
5dba6c26-023f-47b9-9ebb-78c460f97c82,2190
5dc437ee-a208-4b42-b7b7-eec7de7838f9,2191
5dd9dcda-1ac3-4f62-a3ba-f78cfe6fda4b,2192
5ddd13e9-798c-46fc-8ee1-620a0f7b078d,2193
5de3f3f0-5ece-4d69-a12c-72b58e0939db,2194
5de54800-6137-48f7-a906-cc7b9c4ed201,2195
5debeeaa-8839-443f-a81d-d904c5ac06c8,2196
5defc830-6828-436b-94a3-2143583a82e6,2197
5df64963-fa6b-4d4b-a29d-3773739c0007,2198
5e04e94b-2782-4c98-8570-f8b38d8efceb,2199
5e0ddcb9-09b8-439c-b992-b9a86dfcbb0e,2200
5e1010ad-f9f4-468f-b53f-37d0d6981a70,2201
5e1448b6-8efe-48bb-820d-e97d901ffd8e,2202
5e2ed890-aa1e-475e-8471-64a35484fd84,2203
5e34fdc0-06a2-4517-96d9-41293feee24f,2204
5e3665e3-6086-40c0-862a-5544cb86f9d1,2205
5e3a8461-2a57-4270-a1e5-e11d309e5bc0,2206
5e3d185a-8d41-495e-b9f6-da5c99d385dc,2207
5e4d5a63-6e93-4939-9d3f-755edf2c070a,2208
5e514abe-f398-4bf8-a069-8a6e23715f31,2209
5e581fb5-5c1d-43b1-a4b7-143b3b98c8b0,2210
5e6181b4-02ad-4282-9b96-2bfef13d8f48,2211
5e64b8d4-fb91-4b26-aed2-300ac8aa0cb1,2212
5e76bde1-7fe2-4122-878a-83a52a0ab7ad,2213
5e854a47-9ec0-4e96-9e51-a87e821a67a8,2214
5e8b4460-e61e-4b88-8336-debe55d7c1ee,2215
5e8c0f08-31d5-4f2f-b530-49f7a7fc63b7,2216
5e909ad1-642d-4cf3-9eae-6576a10da516,2217
5eb1d38c-d588-45bf-870c-b15ecf2bcb40,2218
5ec6a868-5b5a-4fbd-9958-8bd7847f2743,2219
5ec8cc56-4445-4a9d-b58d-2aa6918d6873,2220
5ed6fc8c-49a5-4497-acb3-2c6f6049eed1,2221
5eede3c4-b519-484f-8eae-1dd7c41e8758,2222
5ef9e0d1-4bbd-4cee-9fbc-1eb61bf86ec9,2223
5efe1bac-116e-47d3-9a73-6e5dfbb396ce,2224
5efe4a38-e5b6-492b-bee7-d97e964975ab,2225
5f05ef33-8f81-4ffb-b46a-2dd10b5afb5a,2226
5f1a45e3-3b3c-4d5c-8a57-5674ed97dcde,2227
5f214f9e-9d84-422a-b63d-ef3ab38a9061,2228
5f2a4d8e-ba37-4dc1-a854-34364599ec05,2229
5f2f3f64-6e86-4eed-b0a6-681d14e0badd,2230
5f390855-ca5c-43e4-9969-450e3a838f66,2231
5f3b1a8c-abe0-41aa-b77e-d1a4d6255005,2232
5f3d5378-cdcf-4693-a9b5-c46652c2e33a,2233
5f3dc2b3-ff71-4f16-82ef-a913f472e6ac,2234
5f41cda5-c076-4be9-9c25-0a684c4ae840,2235
5f4c630b-ca60-441b-8708-01f8c4471b4a,2236
5f5384d1-e602-479e-8f94-d64b3ee49cfa,2237
5f549be8-74cf-4001-a979-c0149f99a63d,2238
5f573b41-caa7-43aa-b504-db8b5c52d758,2239
5f60b7d3-b417-4720-8cf4-102306b334d5,2240
5f6187bc-dd07-4943-84eb-7ca133acc0a3,2241
5f6dfd09-9348-4f67-8318-137e867cc84e,2242
5f7b3785-3f7e-4109-abaf-abee522ed071,2243
5f8278cb-a30e-4e6e-bb23-42168589171d,2244
5f8637f5-c6a5-4caf-a797-ce37c858c685,2245
5f87c1ec-17db-460e-8961-54c19d160c62,2246
5f8972dd-255e-4eb1-a82b-8d8d9b8f51e0,2247
5f8ba7f6-551f-484a-91d2-598b9c48849a,2248
5f93263b-952c-42ae-b50d-61dfc50ab37b,2249
5f96e9c9-e41e-4325-a8b6-5ae3c37750a0,2250
5fa72923-d974-4468-9718-f28dd09aaa3b,2251
5fae70c4-7bdc-4293-a358-7c8556cfef02,2252
5fc6a035-1bb8-4594-a3d5-952e8d48fa1e,2253
5fc99e04-5c57-4ae1-acd7-072b74ebf0d8,2254
5fca96e4-6c03-483c-9bf9-0be72779007f,2255
5fcc34e9-7ffc-423a-9c2d-e0d3b9da6c9f,2256
5fce9f40-d1a7-410e-b659-d87fe3012df4,2257
5fd1ae93-6013-4afd-91a3-a0578d8cddcc,2258
5fd23ea8-3ae5-4519-88d6-1845e9131f34,2259
5fd3058d-b02f-4cab-bc1d-e3f72a87d524,2260
5fe5cae4-e486-44f1-b86c-9bb988cc9239,2261
5fea9085-fb09-4683-9a6e-298711f884a8,2262
5ff2de0e-db22-4b7a-9100-e9a13f1338b8,2263
600459e4-9d05-4d55-b4a5-108a25b7053f,2264
6009184e-8124-468e-8346-ab470e2d6cc6,2265
60092ef9-33f1-45c0-857c-7cdf90b69be3,2266
601e8063-84a7-4d66-b76d-e39472ab9f22,2267
60221e08-d669-4574-84dd-06747928c1a4,2268
6034825a-c6cd-4432-914d-77a4c7e6f4cf,2269
6046d848-f2ab-435e-988d-07aa4e351be0,2270
605163c3-7e84-482e-988a-1f4f24ee747d,2271
60521fbb-9533-4eb3-a7c9-c36726866adb,2272
6067f71b-88fe-4a80-b083-7f551e707b90,2273
606a4c0a-efd1-42fc-bef6-b73f8319dd87,2274
607ae523-0954-45c4-ba5f-36ff7c132ba1,2275
607edfd3-35f0-49bd-b881-3151212a2b74,2276
608482f0-5821-4459-8dbc-70f9f3b96fa2,2277
6084af74-aa6a-4e21-bff3-da6a287a7835,2278
609b3ae7-25cf-4632-afb8-36790fd1ade5,2279
60aa0be4-f205-4218-90ba-42f2f6bdc7db,2280
60ab8977-230f-4ae1-a740-a5743ac00eca,2281
60bdf4b3-083c-4e3e-820b-e0dfad0b4e72,2282
60c3f6ab-091a-4bc7-a637-f87c3356d435,2283
60c9d30d-3caa-41d3-a41e-7b8152e55709,2284
60e5e146-d793-40e0-93a3-12f4f77616bf,2285
60e5f587-2895-406d-aeed-a43a513eb1a1,2286
60f0ae77-0442-40fe-b086-3f0a85c19e2c,2287
60f3fcc2-b382-4069-9e69-93f198e544a8,2288
60f9f380-43ed-4dc1-93e8-f4b4c4290658,2289
6100bc6d-17fd-451a-8612-090533795efe,2290
610278b8-9379-4734-8f72-82df2ae93616,2291
6112f092-0388-4d07-848e-2aa9877c52bf,2292
611964b8-dbbd-41d0-a144-1b12c138adde,2293
61198377-d214-41cf-ae80-ef8b15272d67,2294
61213d52-9039-4be6-ac7d-144643d171cc,2295
613d5ca4-aae2-4173-be9f-ff3b4b2654ae,2296
6150cf45-d8fc-4d2f-860d-86a9d2a53088,2297
6171b7c1-3f41-4eff-8b4b-c6272a775273,2298
6175583a-89fb-40bf-b17b-3354cdfc67ae,2299
617bb450-48df-496f-9320-bc72ff0a3897,2300
617dd2e1-13cb-4a08-b77c-63217ec86a5a,2301
61a31f99-8a04-4216-bb5a-fee20612acaf,2302
61aee497-25a4-4c25-a1f6-ae3fb875440d,2303
61b6727e-4594-49cb-9d08-ec48edb7e683,2304
61b9f3a5-a237-4d22-9127-7d997bcc8ebd,2305
61be33a5-b48a-453a-922a-b588045fbf12,2306
61cf0aa7-cff5-4dfb-98dd-bdcaeb7cd1c0,2307
61d6478b-3210-497c-bf4d-0fe0c674426e,2308
61e0e396-8dc4-4a4a-9327-1ae061edb7b2,2309
61e85489-591d-4a3e-b107-9c3ce0197a58,2310
61f07be7-e89b-42f5-9cde-3d536be7cfb3,2311
61fec8df-eeb1-4011-834f-fdc22b736cfe,2312
6204f3ef-8919-4f59-8124-071b67e3af52,2313
620e0f93-8d9f-478b-854a-3e8d8b7703e3,2314
62156d5b-6ed9-4d7b-8220-c55c30f3b27c,2315
6232200f-a77b-40d9-b8c1-ee9dcf121e19,2316
6234ae18-0434-481d-85e0-01045adacef8,2317
6249fcea-83d0-410b-a60b-a319e318d22c,2318
624b941d-b595-47ed-bd9d-e7a78f1d2396,2319
624cb17a-0695-403a-b6ce-f14545702435,2320
6260ecfa-fbb5-496f-8f01-3021745a90cc,2321
62737fb9-919d-4370-8cba-c729885998ef,2322
627ebb8f-5ed4-43b7-a06f-135b6a71e1cc,2323
629102e4-cbd7-4e97-b2cb-bacbc98b8fc1,2324
62a0d5b8-d7c6-410e-b2c2-8e4d54f11ff0,2325
62a23d23-2a55-45a1-a05d-bc86863ee3c1,2326
62af299e-e60e-4fec-a84a-34097ba7530c,2327
62b4e58c-298a-4766-b2b5-98acd934787d,2328
62d5b95b-b6f9-4a12-94ff-e028e91f15e7,2329
62ea5ab6-3135-4d5e-a4ff-96e290b3283e,2330
62f0c484-815f-453d-b7b8-e55ce1972321,2331
6306e222-6539-4f80-b083-b7ba619c6b27,2332
63075a00-8740-4c08-a3f3-ce117b9a163c,2333
6307e9a4-afae-4078-babb-6f17006dbd49,2334
63161d40-2046-447a-8da0-7b40287a158f,2335
63190d3a-1430-48d1-9336-8784ded71be5,2336
632d4805-e683-4f0c-bcbf-faee19c09722,2337
632f568f-f710-4c15-9914-e64e91b98e36,2338
63360209-aa78-41e4-893d-c0e634672e54,2339
633cbc11-ebc3-4dd1-98a5-3dd90bfd70eb,2340
633eace2-080d-4d33-ba50-bdd92db0bc05,2341
6341356f-4f24-4f80-816d-46c4b001e974,2342
6358d844-62b7-4191-ac33-550a9a9f1978,2343
6360819e-3194-411d-86ef-a653f1f17bac,2344
6378c258-d0a8-4ee8-afe9-064ffda832a9,2345
6382698f-7224-4e5f-b033-70bb7f56009e,2346
638bd7fe-5589-4f4c-a30f-b8aead1b07df,2347
638e6f03-f07d-4ac2-927e-5eab9587e366,2348
638f55ea-b40e-4d5c-84bf-59fe7d6f2b5b,2349
6395bee1-95b1-4d4c-bc45-5417bc0e4d75,2350
639a7b49-127d-413a-ac36-b638ac053499,2351
639b6889-2a74-4f52-bf1a-2d2a74184ad3,2352
63a04e82-0690-4d07-9155-7df401e10042,2353
63a416ba-b9dc-4587-ae76-29b1324b2d14,2354
63a9e93e-04fd-4a36-b687-0a29b9f788b3,2355
63b55ace-45a9-474b-9054-b8dbfd1246c2,2356
63be600e-38df-4879-aa45-202df2076b52,2357
63be9e96-3dc2-4397-984d-ed1461749ed8,2358
63e39f07-6c78-48ae-8267-2fdac0b50d12,2359
63e88403-c6ef-4763-bf43-6dd787e99069,2360
63f1762f-5616-40ad-b08e-5d53ed1e8b61,2361
63f9b44b-5e9a-41ee-9ee1-1b54f224e0ff,2362
640b6e25-ecfe-4d50-8d5b-8bfee0021302,2363
642463da-f8f4-4729-b75e-41d220c918ec,2364
642f4049-5576-4689-8f2a-ae394835b9a5,2365
6435e4fa-11df-4fbb-8741-e29299d5bab1,2366
64665152-ce6e-42ac-b4f3-e03a22921fd4,2367
64932778-3de4-43ff-878a-bab734fbaced,2368
64a2f838-6153-47d2-91a6-744625e2b7b0,2369
64aa29da-1b45-456d-953f-d52848c3ef1c,2370
64cba5d5-74a8-424f-aa51-c14e2b90a1cf,2371
64d0b96a-2b42-483c-8461-88108f5d4437,2372
64e60dcc-d565-433d-addb-ec245128196a,2373
64ee58e8-f8e6-4433-b2b3-d80bf68c2f29,2374
64f09c9a-4939-47c5-8d57-7d9f32f64093,2375
64f5db3d-94bb-4090-8e47-47e0571e7bde,2376
64f75e9d-4350-4147-99d3-e23086e64374,2377
64fedafe-8fbb-48bf-ad5f-66accac4b60c,2378
651b36d9-59ce-4b62-8782-3c864934095b,2379
654871b7-0ece-4095-91bc-191a7a4b1e03,2380
654b5b82-1688-4e2d-9ffe-b5d02eb4a54b,2381
655e762c-aa1f-4e52-934e-a29beec56a6c,2382
655f0958-e958-409c-8628-f3198305a6ae,2383
657040c5-30e9-47b6-a604-ea98b3d27ddf,2384
657885e7-176c-4d57-bd0b-f596ba94deb6,2385
657db79f-9aa9-4558-9c0a-6f816402e832,2386
658bc101-27fa-4e06-904c-77221c270726,2387
65a1c191-ef44-4595-84ca-420304339c22,2388
65a32dd4-ec18-42dd-956d-ec94e7f0bfd6,2389
65a78a53-6d72-47b4-9d91-f0f26fd81fbb,2390
65ae7850-8290-4423-aa0e-6183b2923154,2391
65aefdf4-aaeb-481e-9d63-acc11937d5fc,2392
65b6c2d4-0a61-42bb-8d29-62ed65797efb,2393
65c077aa-ccb6-4910-99e2-54dad3de8201,2394
65c3dc1e-31e8-488f-8d40-55e6d82b0aaf,2395
65ce91de-b0d8-46c5-9599-32e5e198f4a2,2396
65ce92b1-17a7-44ed-b4a6-9ad2db783ff9,2397
65d92ede-e1da-420b-a66c-0c9e986972c9,2398
65dd7d0f-a22c-4fde-8e59-7a4695846e55,2399
65fb9bd5-624d-4586-8da2-f9bc7ca4f56f,2400
660e2025-f072-478e-9062-37bef5125e9e,2401
660f2ed2-f729-47c2-b44e-b6a5b7032b28,2402
662591c0-9e53-410c-9cc5-d6e495cd323b,2403
662764eb-0ea2-4021-9656-19fb9b0c6a93,2404
664efd46-2fe8-4306-a0e0-d7fd465cce27,2405
66744049-0fa5-4cfe-b466-11396aaeefb0,2406
6682edb3-e71e-4b18-8008-5b8ac2f576a0,2407
668b12a0-e39e-43a3-af29-560bca2060c7,2408
668bc5d9-6297-4c9b-a9b2-5e0b9a3cc3d9,2409
66925675-41ae-49d0-8a34-568c0d5c9610,2410
66976907-e500-44dd-a509-90ffa6e75739,2411
66af7b31-e757-4f73-b90c-6fd5a365ceaa,2412
66c47837-34b6-4374-bac9-937ec5fc386f,2413
66cefd33-0243-4712-b862-959e8d959e1f,2414
66f52604-a895-47de-9a3c-5209aadaa027,2415
670e451f-8272-4643-a70a-fa8ab17f6093,2416
6714dba1-3a64-44fa-b84b-358f4223b3c4,2417
6714eabd-6510-4f40-8b0c-e0fd75d9b201,2418
67156dc1-d2dc-4ab9-8dcc-7d564e8037ab,2419
6719500a-0740-41a1-88e3-530ecbe1b57a,2420
6724369d-69a8-44b6-8e09-009faa488b21,2421
672ab932-3eac-4d60-b023-f16a86b1520d,2422
672fd36b-0f74-441a-bbec-f9af60631b39,2423
67324a6a-517b-44b6-864a-f51a2cc33012,2424
67326e04-7a8f-4c3c-bc4b-527a5b1be659,2425
673c519f-23ef-4dfa-92de-020a56353377,2426
674f1ce2-03b6-4609-b5ca-1e98bb47fc52,2427
6751dc3a-d8ad-4fe3-add9-ebaac4929c3a,2428
67588d39-4de6-42a8-a4b4-0bdc17d36788,2429
675bf526-fedd-4a67-9740-b8f1fcc0efd0,2430
67693684-b494-4f9a-8339-d4beb93c1416,2431
67819165-31d8-423e-a6d6-7b9312add291,2432
678332b3-5375-4986-925d-86a9e895fa7e,2433
6790decd-a8bb-4298-8c9d-93653ec758f2,2434
6795f9c5-3dd6-45ab-aa40-3639be56b575,2435
67987071-e53a-490c-b3a1-e51e48276076,2436
67b0d494-8ce8-4ca3-992e-7fb0b79aad62,2437
67b18c71-2d9d-4fcb-bb54-5d2d985b97cc,2438
67b5f410-e2a5-452b-824c-58f9556b90aa,2439
67b65fec-2859-43cc-bb4f-2c8c1098df62,2440
67b67961-6b39-4f50-8b10-2b96ab0fd348,2441
67d814e8-29de-44ec-b4ee-86944450b558,2442
67e35c7d-48f4-4b75-b65f-e5898efa6b7e,2443
67f56d29-c0ce-4acb-89ae-4d97c43ea92a,2444
67ff68e6-18d4-497f-8106-9d3777de397a,2445
680d90a0-6f16-4e11-8b0f-5e308c950af5,2446
6824347d-91a1-45df-97da-944a385de4c5,2447
682d9824-87ab-4d5d-b98c-10e2cb718544,2448
683205e9-f48a-4a14-bf87-232a3607658f,2449
6847bf3d-4da9-46d1-96e4-7ab31e98e793,2450
688d334c-815c-4cf8-bf71-b7db585d3f6a,2451
68941e69-d8c0-46d4-b788-ad2d721616c0,2452
68a4a2c5-df1b-4889-aea1-32e846d733fd,2453
68aa723c-d1ad-440e-a980-de9c1271b0a9,2454
68abc977-f12a-4cd4-9bbe-cff38fc34264,2455
68ad73a0-c925-430f-9f50-69e41bed503c,2456
68b48766-b005-471c-8332-139f0dae95ff,2457
68bb1074-e38c-4430-88a4-3fcf2e2ce8af,2458
68bb1192-28cc-4fbf-afd6-4d1bd0ceaf65,2459
68c8bf61-4e63-47e7-864b-59eb43793ed2,2460
68cfefe5-9fc1-4865-9123-bcf7617b6654,2461
68e66b78-093b-4947-9306-5cf28cfeddcd,2462
68ebacba-7c6a-4008-a9a2-92c47df28e24,2463
68f259f5-823c-4902-8fc9-1ba6ebd0fdf3,2464
69071ac2-e47d-49f5-9936-8213afb2083f,2465
690bb180-97b2-4b03-b8d9-63b5449cbdf0,2466
690cd142-823f-40c9-ba8d-306996a05bdf,2467
690d7a9e-8d3d-454a-ad81-a1a8ca85f75f,2468
6920de3c-175b-4845-a409-6ee486043066,2469
69245d1f-6fbf-47da-ac07-8cfd87199c44,2470
6926efee-fee1-4cc9-afb3-414ed070ae44,2471
6930ee4b-9e1c-4632-bb98-0af6e633528d,2472
6936ba6d-457b-426a-94e7-43b20107671a,2473
693c8e88-04a2-407a-9b77-a5aecd5f8205,2474
69531774-dd27-484f-902e-91e51536619e,2475
695d9db8-45c4-4f15-9fe8-8bf9d6769d5c,2476
696a0788-2ba9-4a2b-8a8e-9f846715f8af,2477
6984253e-0405-4fb5-9b4b-86dd811cc405,2478
69b0cf5d-269e-4553-926d-edafa6c34e26,2479
69b4edc9-30bd-4e5c-92a5-0bf21af74d47,2480
69bb5259-ce66-4979-9134-219a13196ff1,2481
69bfd6db-283a-482d-8bb4-1a814fbddc59,2482
69cb67d5-f0a4-40ac-9752-a4d491ac6641,2483
69ce8e40-30fe-4757-b604-04a87967d94e,2484
69ce95c6-4ce9-476a-9604-358bc9bc273f,2485
69d3a72d-4037-41bc-b62a-515ed4ee4986,2486
69d628e4-2bab-48e9-b926-9463b88664c2,2487
69eba518-4a86-4b96-9dc4-f6b339a7a6e5,2488
69eeaaf7-f4ee-4573-a7b2-d336f5654430,2489
69fe9a15-bc17-4144-913e-97e4d1073372,2490
6a033ab3-ff18-42f9-943b-dc1e6a30cdc6,2491
6a0f94f0-ce49-47aa-a5b5-7497f1b89b28,2492
6a2806c2-f933-4bd6-bd24-f92e65d2a262,2493
6a3951a1-e1ae-4464-b095-c5a59d848816,2494
6a3f6705-24f0-4875-8e1c-72cdb62f415e,2495
6a4348e7-fb18-4306-b742-ba6277ecdc85,2496
6a484e2f-f895-4b31-8d9c-904ce7ec0dbf,2497
6a5a9c43-a452-4f2a-8ad9-56f33d4b823b,2498
6a5edd2f-6145-4b9a-a6f2-3f01b7d2e427,2499
6a61dbdf-208a-47e4-ac8e-cbbe065ab374,2500
6a65eeb6-3d83-49d2-902b-37fd76691103,2501
6a6b5eea-0276-4b9c-b425-e60cb447c42b,2502
6a782f82-8acb-40df-b793-de7c758d8de5,2503
6a7b7f4f-0d43-4363-8b32-9194f7ebe4bd,2504
6a7bb0ca-58a1-438e-bcf3-7c89b4aadf83,2505
6a8a0bfc-c485-4002-9cd3-9bcf30b52c2e,2506
6a9a9abd-03d9-4df1-96d6-49566464a870,2507
6ab44e0f-b5fa-4adc-957c-4208ed7fafdc,2508
6acee2c2-57b3-4444-9bcc-46e29422303c,2509
6ae533eb-cb20-4daf-aaca-5d0b58821a58,2510
6af6f761-0484-464a-b525-0c35dea71003,2511
6afa292f-4421-4f86-8171-2034740e456c,2512
6b220356-d025-4f41-8795-765656aa9d3c,2513
6b40d55e-cd38-40e3-929e-27f79b1b64f3,2514
6b49c942-fd60-49dd-8727-f1918e000938,2515
6b540550-8fa6-4c18-9f6c-40bc57dfb580,2516
6b67cdfe-c163-4043-9d4f-8f0b82e008f8,2517
6b7d103c-07ae-413f-a382-92cb6d72dd1d,2518
6b81f196-ddd2-45af-a447-4800ba21224a,2519
6b8bc8cf-de22-4b02-864a-d13f7db95373,2520
6b92f704-d7d4-49d6-9da2-f72355b88b5a,2521
6bb72e46-fc8d-4bd7-b85d-8a4b12eb45b3,2522
6bd1d28e-92a4-4c29-9c59-d5ace84631c7,2523
6bee3fdc-4e70-499f-8ecc-012d4514dcfa,2524
6c008985-dde7-4743-82d1-3acbd35f02a9,2525
6c0d1573-31cf-45d0-8e39-281b85f334ac,2526
6c1f72b7-c924-4d90-a1d3-5722e2c3a729,2527
6c2154d2-354f-4057-892d-d6dbe0eb65ef,2528
6c254fc2-ffed-471b-96cf-c4398ef440fe,2529
6c40d031-1205-4676-a602-16dcf104d438,2530
6c484346-893a-4da1-b068-e9ffbad1058b,2531
6c4a48bf-d09b-418d-82ba-1480015ae280,2532
6c4c8092-b954-4715-bd33-b224be4dd4b3,2533
6c556507-d49d-4b1c-a81b-8f807d1e3005,2534
6c732310-77e2-4c5f-b00c-a90693ff3057,2535
6c890008-b1e9-4e97-8927-f090807fcb28,2536
6ca825ae-da3c-4b70-9647-808ac280d578,2537
6ca90005-350b-4d4f-9853-25421a2a9942,2538
6cb4adf9-16f7-470f-971c-119547c09ee7,2539
6cba114a-6302-4dca-a5c4-6cb0b0d274b6,2540
6cd8ee2e-4025-429a-8e5b-01355c765d18,2541
6ce803e9-fbb3-4efd-865d-97d7731391b3,2542
6cea6f9a-3e29-419c-b7ba-6b6b1c8f57e6,2543
6cec0642-d9f1-49f9-9207-3b7471be9e9d,2544
6cf903b2-3c74-43de-ba9d-8c85d5fcca86,2545
6cfa3904-20db-4042-b63b-2fca5810a239,2546
6cfda1ce-968b-498e-81f4-bd1f1d8f224e,2547
6d0ca6ad-e877-4948-939b-49501b3667ea,2548
6d20cae9-b889-43c2-ac01-90cebe2dc327,2549
6d44eb05-bc16-48dc-ae30-a9bef71e852e,2550
6d56a15b-ba17-450f-8615-eec867b1efeb,2551
6d66b9cb-0ee4-4b55-9f95-458522ff8174,2552
6d7d0dd8-2002-48bb-a7e8-5ff1df1819ac,2553
6d878b0f-bd91-4614-adc5-db39b291ed1e,2554
6dae4b24-2d1b-419d-bf3b-5afa4684bf79,2555
6db149df-9c15-48e0-b915-34968b550e94,2556
6dc2ec09-a75a-4690-a6f2-8ec57369cda2,2557
6dcb314f-5633-470d-8a70-2baac4808a12,2558
6dcec8b7-fac2-499e-97ec-136b84fa4fdd,2559
6dcfcb9d-7451-4873-8c91-6065f80a279d,2560
6ddb9280-912b-44e0-b894-1cb4e44cb462,2561
6dea2d65-8694-4922-b5f1-4120b2379bb7,2562
6deae37a-8398-411d-89ab-1e6c2ad2b167,2563
6ded0357-2769-4fc8-8d0d-8009bc97dd3c,2564
6df3959d-fb7e-44a5-a3eb-80e49cf221d2,2565
6e1543b0-f8aa-4898-9467-04b6d77fbe0a,2566
6e16570f-8e71-402e-94db-d87864116cb2,2567
6e2657ac-90c2-4a49-a343-b5f8b75c037d,2568
6e283876-62ff-4b92-8504-1e893365cbce,2569
6e2a2dda-16d9-4bfb-b9e6-c0c1cc4b9535,2570
6e3cd9cf-6cff-438d-9b76-006333ef3e1f,2571
6e3d55bf-b03a-4bb9-bc72-acd90c041be8,2572
6e45d4ab-d28a-4aa7-bed8-f65bdf3748c8,2573
6e4d8fb0-c2be-4a5b-960f-68bf05e37785,2574
6e4f2c62-288c-47b3-995a-9de71ca33d9e,2575
6e627996-b2aa-4b86-923d-616d86a22040,2576
6e6a3c0d-4cfb-4fe5-9f18-9a7df06b826a,2577
6e6c5e20-0652-486e-82ac-21c0d4725755,2578
6e7025a6-6998-4085-b6d0-bd636cb8f8bf,2579
6e7a8815-ed23-4458-8a5c-1a9adcd5cc1b,2580
6e7b1910-9f1b-403f-9bcd-4bd70dd857f1,2581
6e842b3c-537e-4f7a-90bc-389daf5f284a,2582
6e8e2146-dca8-442a-969e-3536edbf2dc2,2583
6e964d38-4c1c-498b-96d8-184773847c8f,2584
6e97be5d-ed89-4b15-abf4-6f05897fcc9c,2585
6ea76c92-3a2e-4cd3-8043-36635c2554f2,2586
6eb9b6fa-123d-4c89-a77a-56668abf092e,2587
6ec0037c-b703-426e-9340-cac5ab1e4dee,2588
6ed6388d-689f-4d90-8517-9b98273ef7c7,2589
6edbc210-e182-4f7e-b723-aad75c56d9ac,2590
6ee01463-71a8-4caf-943a-d852417727e1,2591
6ee0e63d-a96e-4b60-a2e5-9c65949f5634,2592
6ef712bf-340a-473c-8a11-f03ddc165fa8,2593
6f0acea8-e0df-40a1-9719-ed2811810220,2594
6f0f575b-7aa0-4315-9445-37136acd35c2,2595
6f443a14-011f-49b0-ba6c-53355f1ad47c,2596
6f488a36-2bf6-48ef-8ca6-54c6f4a3d238,2597
6f519a96-2afa-4b81-b9c1-4c40a6dd4d41,2598
6f523513-8e77-413a-81d9-656b9f4c2614,2599
6f61992f-bd79-4ec5-9e48-cf38ea273aa8,2600
6f63c6a3-fb90-4484-8505-595c5424ca92,2601
6f667916-07ae-47e6-aafe-fad6e590e36f,2602
6f8561b1-dd35-40ec-ba7b-e5fd7d57a1ef,2603
6f9f5a5e-31e3-4e7c-9ee5-5db0d3bebb41,2604
6fc20540-13be-422b-99c4-04d161e337d0,2605
6fc8164e-a5b9-4b05-82c4-f7222bb6334c,2606
6fd912a4-4c81-4712-9bd8-63a1406b8e07,2607
6fde0bdb-82a0-42aa-88ad-510b30e19026,2608
6fdf1cfa-6e4e-4fa3-88af-9fc88b662e7f,2609
6fe1e71d-3f4f-4bbf-ad83-9f91ca1eb42c,2610
6fef57cd-dcfa-45a9-ac5d-5467d0a5b027,2611
7018596e-d88d-4283-a5f2-e0b1d78b1cf0,2612
701d28ff-3812-4c67-851b-18e265146b39,2613
702263e2-488f-4682-9e1d-05568b9d278c,2614
7033df22-8f90-40a4-8967-b926e8f7bebe,2615
7037bb61-4764-468e-a046-b43d9b77f682,2616
703d1bce-cc09-402e-beeb-975a07970193,2617
703e3d2a-6191-4f15-a141-535c27be6f6a,2618
7045e6f5-5fb7-4364-a6f4-ea61788ccb5d,2619
70461b28-c406-47be-9fab-8daf43fee959,2620
704663ac-502e-401e-9a49-e3911183f7a0,2621
704c3340-f2ab-40b1-bd68-079037ad9e09,2622
7050ae5f-330d-4702-91cd-e50260e846fb,2623
7051891c-20c3-461b-8c00-8fd5fb6612b1,2624
7057d71d-f7a0-4e7b-b8d5-41e8bab4d97e,2625
706ce9df-1ef7-4cfd-8768-df1a275c0238,2626
7072765e-33d3-4278-bad8-0983f5e9a2b3,2627
7082a259-88c7-4a7a-b902-3bde8d8cc4ca,2628
708439d6-4093-4166-8000-503d57f5d490,2629
70976715-5628-4da7-a61d-3e30bf3eb239,2630
70a562d6-ad71-46c5-a5bf-4dfa20eff696,2631
70afce54-f0c5-47da-9bab-ace8a3c63f53,2632
70b3bf7b-500e-4433-90d7-e9cf953802f0,2633
70b53c04-50dc-4af2-8206-ab0e85d4adbc,2634
70b92c64-e9d8-4e17-85e5-8c0008e701a9,2635
70c424e7-bd96-4cc2-aa52-101367f7cc7f,2636
70c8a712-8d8a-4678-b366-f37bd70820f8,2637
70cbf794-9775-4222-bff4-29c1edfd007d,2638
70e2142f-c349-4b2b-84b9-4292139b28e0,2639
70e7b7a8-2fac-4714-a061-5113b92f052c,2640
70eaf8e4-82c0-498e-b31a-2b725f9a5a9f,2641
70f66f1e-1e66-4f89-a6c6-60b013e4c736,2642
70f9cc57-b11d-4e75-9d89-e0e84e32d5e0,2643
70f9e7a9-56bd-40f5-909b-56ab778bb29e,2644
710097d0-6837-454d-9fe1-105ff3456dc1,2645
71012cb0-fcce-4fd2-9ffe-243dd074ec00,2646
71068838-5cf6-4d7f-bbe6-8da29c0d3938,2647
711af821-07b4-4f4a-bc4f-eb5c14426824,2648
71200450-3b15-477c-97aa-7e748a2d847b,2649
71256c65-1530-4927-b1b6-970a77c6d961,2650
71481f04-fc88-4379-a61e-2190d73db7c0,2651
715a273d-fc9a-4d33-8830-b7ae94e627ad,2652
717bb0d3-e345-4252-bd81-1cd8d82af45c,2653
7184abf2-f127-419e-b97b-2ac0d6a6b0a1,2654
718c7f59-0a74-45f7-a462-9fc8da04a87c,2655
718f1041-8b6d-4824-a1dc-5c7a058590d2,2656
719c88eb-d07b-4064-96f6-d1f235cabd37,2657
719d2cfe-aa76-463e-9d35-e0efa3f0cc5f,2658
71a2b1d0-7a3a-4ed7-913c-9d9bf19d3ec1,2659
71a5244a-ccfe-4ba6-892d-206b9b0b1259,2660
71cffaab-84fd-47e1-ab9b-2449dd1bd86b,2661
71db3c91-8ace-4d43-bd30-4881870dfee8,2662
71f43526-d9a6-4a99-bf2a-4b05e4f420cd,2663
71f8e445-fe77-4997-9145-ae179293aadc,2664
71ff381f-05f2-4731-b41c-3ef6cafb2558,2665
720fb40b-ea9e-4def-bc95-b55238ae5232,2666
723061d0-bb17-4fc4-975a-7f5e3d2f3c87,2667
723fe005-0562-4d8e-9537-f2a8cca8f776,2668
7244400d-bd81-4309-8a1f-26b4ae3b74c9,2669
7252b148-f211-4a38-bf8f-eeeb7b945a32,2670
726465fe-a3f3-4f64-84c7-bedd3af424e2,2671
728bdb57-a881-4031-9be7-6de4466dfe7d,2672
72911458-a52b-4b4a-aa78-807897d3bb4d,2673
7297aadc-6c9a-4da2-b1cc-2979db82aad0,2674
729f03b5-e4ed-42c0-b2e8-668e616a4254,2675
72aab3ef-3eca-4655-b609-efc1a2410d1e,2676
72af9323-489e-4823-9202-cebfb63a54df,2677
72b9f30d-d10c-4447-9ce0-cc4d3603d437,2678
72becaa7-7286-4d85-a30c-3991e090320b,2679
72c4cdc9-18bf-4b7b-b8cc-924a1fc3f279,2680
72d962c0-2b10-4bf4-b69b-42cfcc1596d7,2681
72e1df2e-2eae-44b1-a4eb-a0b82d9ba159,2682
72e20671-08c9-4087-a8ac-f36f1cb122c8,2683
730213db-2e61-40eb-b0fb-571543561762,2684
730ad870-6be4-444f-9de4-2c84c658f9c9,2685
731653a6-7023-4340-8e7f-c96017358dd9,2686
732122ab-0217-4ad1-a86f-7623f4bc98c7,2687
7321720f-088a-4c3f-9cc5-9a22828b3603,2688
73318725-9b61-4b45-a259-a25b640ddeec,2689
7332be6f-796f-4f8d-ba27-4cccb52d4a43,2690
73341d7d-a848-4d4c-ab0b-e0878fbe963b,2691
733ca9dc-72f1-4d96-99d2-481c9ee99720,2692
7340bc7b-7d9c-4e1c-b059-8c1b57711cd1,2693
735b2150-0a78-427c-8595-9d091d6e5fb6,2694
736fff03-3bf4-4bd5-8710-2d8b629ac94f,2695
737386b4-7c64-43e5-b736-0aac420434d1,2696
73758f6a-c37f-4227-be8e-fe132d0a94e8,2697
737a37e6-817c-4c92-a17c-fc1f8e4b6459,2698
738b9c2f-27c4-4f53-b0dc-ba9b4ffdb226,2699
7398973d-9052-4208-bbfc-1cd34dd8418a,2700
739eb565-10f9-4de8-bd39-317743399578,2701
73a02d14-7ed4-433e-9a6b-2c0933d2aad0,2702
73a39a8f-570e-428f-ab65-d18232b40c57,2703
73a7fb00-069f-43c5-b1da-f14fc9fc2c11,2704
73aa9bfb-177c-4011-9536-44914eef5796,2705
73aaf96d-4227-4dcd-90f6-d0585a75c3c8,2706
73abd2ae-bcb9-43cd-b964-8aea10e59f98,2707
73b47cc5-4e48-4a0b-b4f1-e6fc489c6485,2708
73c1c65b-7338-4610-9f54-4372be4ffeec,2709
73cbc705-2d10-42d8-8492-ffc8cbab1c8f,2710
73d61a86-f0aa-46b4-92a3-1d9d73789ee8,2711
73da6d7c-d91a-4423-a955-b0076969f8c9,2712
73dd1fcc-ae80-40b5-889d-2266c3363b05,2713
73ee5206-be50-4658-ac39-5b95606c93b4,2714
73fd389f-aa32-477e-a729-1b028cbf12b5,2715
7401793b-c4eb-4640-bcb2-2e1bfff993e0,2716
740447e8-5389-4fd0-8f0b-a92584867a7a,2717
74091d55-f21f-4a7e-baf1-22df9598544a,2718
74120816-e4d3-466c-9ae5-b20b7ac78904,2719
7414754f-e388-45c7-9cbd-bbae16d288b0,2720
7425c41f-446f-432c-852e-b0e695a54d45,2721
74378090-f593-4c7e-a746-a563fe029d6e,2722
7438fe2b-e82f-4305-8fa7-7a54a9bc94dc,2723
74462977-27c4-46c4-89e8-1524e689c078,2724
744e938b-0ef4-4c8a-99d6-d2eedfbe36a0,2725
74532be5-6e73-45ef-b3b9-8f8f2514fd7d,2726
74557740-0bf0-4259-b7c3-37a24b4eca9a,2727
745bb0dc-d687-4004-9fab-53b83b9fd8ab,2728
7464609d-fa83-44cc-9034-a36c6c1c1d0d,2729
7464f6e2-386c-4295-83c9-7e0af7f4ce94,2730
74651e04-f576-456d-ba3b-9a96b7fda4ae,2731
74674370-2282-4c9d-a75f-075546321de8,2732
74721faa-ae76-429f-9761-5235adfccd54,2733
747b538c-e4cf-46ce-bf3b-0317f7ad22a2,2734
74825039-6f76-44d7-aa80-e1fae38f385e,2735
7488e669-147c-4041-8901-3b0a3f29bb36,2736
749ad612-4752-4b3e-839b-2cdf1eb94582,2737
749b958f-ab41-4bec-a992-1874847bc986,2738
74b38efd-7085-4149-80db-5f358454d677,2739
74c59c0f-87bc-4334-9666-9e210f9fc34e,2740
74ed7476-c846-4b08-8d69-02d40e862169,2741
75084c25-b84e-47a0-80d2-f66b29122aab,2742
7520c997-2e3f-438b-b33e-f6fc13becd90,2743
7524b538-caa0-4062-8b3b-259f612ef1d1,2744
7531d4ad-2804-4235-b291-152d0695f09a,2745
753494e5-5b66-4ce2-a12f-f52013088d9d,2746
7536dd7e-9f9c-4d08-8bbe-9d2468b5d8d8,2747
75498d55-60bc-4d3b-8fa4-1e5b4debced5,2748
7577ed00-6b94-4f37-b3ed-518351e6e79e,2749
757d1cb2-2f77-418f-a181-0c52edb44bde,2750
75864671-bd4d-43e7-9622-f4f8b2e1734b,2751
758a8a34-0545-4aef-a53e-71b2b56bccaa,2752
75b0d8b9-17a4-422c-bca9-e2159579905b,2753
75b906c4-9e98-44fa-b62d-e567e0201247,2754
75bdf0dd-b279-473c-84dd-236a12ba42fa,2755
75c875c3-7117-45fa-8e88-e4ef91afdd99,2756
75d80da1-eb1b-4625-be4d-95d33f13c37e,2757
75e48dfc-763a-48da-ba12-826718aed4cf,2758
75e66f2d-5560-41e4-b740-6a6ff8cf07d0,2759
75eedb2a-e598-48a1-b2c7-58fd81daec26,2760
75f24cfd-622e-4ff1-8d3d-0a31a722b28b,2761
75fc84f2-c7f0-4c39-adb5-292ddc8a79ce,2762
75fd2b14-8771-4c87-9b6e-bfedfd6928c6,2763
75ffe526-5924-436d-a791-d2f452ae8066,2764
760627d7-f29f-42b4-b940-842e641a3f27,2765
7612ccd0-cb32-4ef9-9511-42133aabf549,2766
761cc89e-e68a-404e-9267-924b517c4f27,2767
761d44e0-5ff4-406f-b718-cdfbdbe6b70d,2768
76249882-7714-4ae2-bac6-f114dd344bc6,2769
76302a5f-2556-4e67-a260-f473964f30c2,2770
76386a18-9f99-467d-a158-6412bc395b83,2771
7640dc3a-f9ba-4420-a562-394ebc703bd5,2772
764cbfa9-6c4d-493a-a5d8-b59664a0d149,2773
7658ee55-9be4-48d5-8b7b-8934ad703cc5,2774
765ac1bf-3f06-4dbf-b75a-34747406802a,2775
765d0be9-09bc-4fe2-9f13-0e98e13edefd,2776
7663aec2-fa85-4318-96d0-9abe90a24472,2777
766b11c3-b548-439a-b9bd-dfba99f65856,2778
767bf4d5-d3c9-4164-8f9c-ac1bc96bca3e,2779
768e2126-5eb3-426d-9d32-b478e7592b4e,2780
7693a811-b015-4d0b-b6e9-cb48af700a42,2781
76a1cf33-ed65-4f16-b704-234036606d2f,2782
76a51e71-0bca-43a4-8fb3-cadd66d8e5cd,2783
76a96aba-0c2a-4672-885b-9a542b407671,2784
76bdf4f8-6220-475a-a3b2-ad9b2df0202d,2785
76ce60c6-be31-4b67-aed7-0c281aa85b84,2786
76e1263f-7f9a-429a-9c7e-aa90284be00c,2787
76e40fde-009d-4f94-bd98-55e894a884e9,2788
76e7f051-06e4-4df8-9cdc-f0e2924db425,2789
76e85556-4d41-4051-9c56-9fc34313ca64,2790
76faca7f-e1aa-4f12-a274-357257e5f999,2791
77053096-7b1d-46c7-942e-fa81e6cee364,2792
771a910e-3908-4e62-8dff-0b576e2c44d4,2793
772793d0-e72e-4f34-ab3b-75733d531c34,2794
77389a8a-a802-414e-ad9d-9b49e3df2f0f,2795
774aa2c2-c176-41d0-bb0a-7cbc6ed03760,2796
774c8fc9-82bd-463b-9166-23ba197493a5,2797
77695440-cd1d-47cd-bd69-3428f722a811,2798
776b9dbd-2723-47c0-9fbf-accae301d727,2799
776d2ec2-3526-4deb-83f2-4746728bc8b4,2800
776fdea4-1268-4d80-a5d2-68de74399cab,2801
777422fe-d63d-41b4-8c8b-aac1c10ccc54,2802
77759f22-ae23-4e6b-8001-0bbb213b1b4b,2803
779597b5-50ee-443f-a3c4-e00c5ad3d130,2804
779a72fc-9f5a-4398-9e02-b22b1d43d6b5,2805
77a6dfe7-a7fe-4af5-9e46-5994361bae21,2806
77ad2314-254b-4370-a697-e673f260a280,2807
77b9978b-e986-4314-98dc-7fd78c56484d,2808
77bb0c14-73e7-497d-8f3c-3db289e9214b,2809
77e3697d-26c3-4826-8145-2fdf1e21689e,2810
77e54e43-4041-4e2c-b6fc-ad8ac9225c13,2811
77eb2b10-0491-496d-9e4c-dc8c7b76a67d,2812
77ec8646-dfac-4594-9672-da0464a476e0,2813
77ede1df-1a8c-45b0-a4be-f3c246b516fa,2814
77f36522-52ec-403d-a5e9-c09b042608a0,2815
77f82439-73d6-42e1-b7fe-4a5168642771,2816
780ef612-be34-40a7-b7de-b9a45c896397,2817
7817e322-bfc9-446e-9b3b-16360ef0582e,2818
781c77aa-2933-4580-a8b1-5734ad9b6c0e,2819
781ed6ec-fdd6-45c4-8009-31f8e81ce5ba,2820
78222e08-91d9-4171-b6f1-81dad9e90dba,2821
7826e23e-fce2-41d4-96a1-f69233064105,2822
7830750e-fe0f-4234-9c35-53bf67ca78cd,2823
7834eb61-52e4-4697-b753-46e338c655c4,2824
783fe0cc-c347-448b-ae01-d27dff315414,2825
7840390b-5105-42e3-b913-e1b4cf29a8bf,2826
784640d8-1797-496c-ab76-4c6342c94138,2827
78487906-b649-4ab1-82da-3cc1dc76f337,2828
78796a3e-fba8-4b3f-8c74-5b4dc38f27c1,2829
78aefa6f-53a0-403e-9313-6e55f9c9b67d,2830
78b31838-de0a-4a5d-841f-d97f684d70e1,2831
78ba161f-633e-4bba-8f5a-7406445fead6,2832
78c4a54e-bc89-44a1-822c-c1db17650b23,2833
78e2959d-a386-4706-8af1-b8cc130a534e,2834
78e467c8-2adf-45b1-9b65-b90625381f2c,2835
78f709e4-a6f4-4fa0-b286-bad01db2d933,2836
78fda9df-1fa2-4d15-8041-d8ec2ed4604e,2837
7901856d-75b1-4320-b190-a70cec65c15e,2838
790a2442-2197-4341-b82c-44ed424da786,2839
7918a6aa-5f7f-4920-9ff5-88b5767df4cc,2840
791f4c8b-26e4-4105-be55-1c89a986f887,2841
792257a8-2156-44a6-9ec1-cbc22e1304bb,2842
79265c21-d0ec-4587-a0f6-0d0b599660f3,2843
7949ea5d-8f83-42d0-a222-8ead943a1df4,2844
794fef00-d154-47f0-a86a-927e3570e59e,2845
7956313b-b785-4b93-8332-341f8dc45f72,2846
79587f67-c483-41af-866e-cac07e4da5fb,2847
7964830c-3022-4559-9e6f-14a4bf4d9154,2848
796b9ba9-53a1-4c45-a349-fe9d1f40d8b5,2849
79792e8e-7b96-4685-bb9d-3920e55f2510,2850
7985606e-1d29-4123-b5f2-697161807c12,2851
799055cb-b183-4c80-933b-b95d857433ce,2852
7995fb9d-2b76-4e8f-a190-4c46851f5b7d,2853
79ad5d7a-b3aa-4fb1-ba8b-12cd310f51b5,2854
79b30f23-2a1e-49f2-9ee4-0da8adb6d584,2855
79c0b254-b0a6-4cbb-9d0c-4658f8cebecf,2856
79ceaf6f-abac-4db4-ac6e-d31a330738cf,2857
79e017d6-4a05-457e-9929-4ed03e083a18,2858
7a2c65f2-fbfd-4af6-b87c-ba7c2e13d9b8,2859
7a504840-6d9b-4db6-8217-ce1cc4299df7,2860
7a6424fe-967e-4714-959f-0d6c7b8b32b3,2861
7a7405e9-cc20-4167-8159-b0292b338759,2862
7a80ad6b-a519-4fe2-a745-44e6a724fbe7,2863
7a811f4a-ddaf-4e60-8b34-736b0209f1da,2864
7a8153ef-45b9-4416-a49b-5de1107c2fa8,2865
7a90f271-8557-4ecf-86ba-d552b0694873,2866
7a91f3d6-e8b9-4f83-a23c-0ec8dd592eeb,2867
7a962f94-d7df-48d2-b70d-8217b3bd53b5,2868
7a9ce551-4045-4ef6-beb8-461032a4d687,2869
7a9de71d-da39-44cb-b95b-218b9dd0fe7b,2870
7aad3610-d4c4-457d-b3bf-d3d93f235fe1,2871
7aba0433-2ea3-44d1-8bfa-157f527f6b81,2872
7acdf78d-660f-4510-b518-2a81552ac429,2873
7ad178df-4f60-41c0-b50e-53ff559387ac,2874
7adfa3a9-784d-47f7-abe0-fee4ef5a9adf,2875
7aebd648-39cb-49df-b787-5fb34cf92b4e,2876
7b0dd5c0-8a86-414c-9b2c-7a5a1780f612,2877
7b19ddf4-9fa2-472e-ae0f-af3aabf76cba,2878
7b22eb84-7de0-42a6-8aa3-478daeafba29,2879
7b38238f-013b-4f0b-8a4c-036aebbc978e,2880
7b4110e3-fd82-4cb9-924b-031e4652a123,2881
7b4ec363-2001-4acf-bf96-744d7ae650cc,2882
7b5398f3-55e9-4bfa-8b05-f88fb5f8ed40,2883
7ba47c04-8efd-479c-8fe9-37ee31863b9b,2884
7bad1918-a5a7-478c-a3a8-0257ad610b9c,2885
7badfc5f-caa6-44d8-b665-2cc8f8989855,2886
7bb4a1da-9e88-437b-a9da-04e7a43ca3b2,2887
7bc97bcc-4b3d-45fb-b6d1-7ce1c2c42169,2888
7bd848fb-52d1-4ea7-8eb4-301549f146e8,2889
7be147c8-0af9-4978-81d4-c295ac1fdffb,2890
7bed1d2c-859b-43ae-8711-395cf0c13bf6,2891
7bf38d72-5f7c-48dc-a7d6-e0b7c9c9f3d5,2892
7c141c40-acf4-42e3-9ef3-f9ec785e2871,2893
7c1b9716-817d-45f4-a4c2-fad58d501c4e,2894
7c225476-b2bd-43cb-b8a6-2d7735fe436b,2895
7c257f96-9612-4890-bec5-4d3fcd089786,2896
7c2715e5-cb18-4c59-97ea-ad0bdb419406,2897
7c355ae9-fb21-48a1-b473-b5b78f720c02,2898
7c3bf5ab-7d17-4906-8876-fcda0b5fb67e,2899
7c563c96-85d0-4688-86ff-d7bd73defd24,2900
7c5659e6-f664-44e6-a1b2-894abba85e55,2901
7c573a5b-11c0-4ac6-b82d-1b7310089a39,2902
7c5bb53b-7ac7-41fe-a080-5d998939e4b7,2903
7c6ec52d-436d-4afb-98b3-e521bc44956b,2904
7c7b71aa-eb85-4178-8685-74bdb83b9232,2905
7c850d59-6e05-42bc-b9c6-48fcc2073654,2906
7c870012-2214-4ead-9247-cd8a3bc70688,2907
7c880f87-a2f3-46bf-9e42-5f2cf4fdadb8,2908
7c8beac6-9c69-458a-b23d-c45be4b5f1d6,2909
7c987502-a060-40de-bde6-f80b0ad2d0c3,2910
7ca55ba1-99e9-4e12-b546-84c708e7a0a2,2911
7ccc5ccf-5e05-49fb-9ae0-f7b978e5e32e,2912
7cd64efc-6e4b-4571-ab26-58aa836b4c02,2913
7cd72b84-76f6-42f6-8858-49df51434d8e,2914
7cdd9c8f-a166-4b9d-acb0-e8a42526266a,2915
7ce3f0d8-bb38-466b-9b3d-f1a0e3ec3867,2916
7cf2ba0d-350f-45d1-81dd-7e88ac5b9e37,2917
7cfc2f03-403b-4040-9b2e-5aa946c808aa,2918
7d087f33-162a-4876-b693-0f4097b718d1,2919
7d0b12da-08d0-4f72-9d4d-e1ff0ce8e53b,2920
7d0f1dc6-7106-43e5-9890-a23ec9be4b95,2921
7d1a96e5-7dd4-4167-967a-9664bc520244,2922
7d1ef9ac-e3ae-4cf0-9b81-3a485ebe4d2d,2923
7d27b2c6-9289-4a5a-b68c-be8eb13ba14a,2924
7d33086e-4acf-42ff-b43e-f2c5175a1ef1,2925
7d40c0a6-dbc8-407a-b1d6-71b233bfb0c0,2926
7d4a1fb9-0a2d-415e-8572-e2830b30acad,2927
7d53514e-1cfa-4108-9251-dfe0b60f635b,2928
7d5871bf-750d-4f98-8a89-63b1af4e1ca4,2929
7d6d2ec4-d51e-4718-a8d3-6531ef8e8461,2930
7d87817c-f039-4cb8-94a4-454cfaa04ff5,2931
7d900bf1-4573-4bf5-9ada-9b5f87155e14,2932
7d9925a1-0b3c-472b-9b9b-f0c800b09bb6,2933
7da54f4e-3e1c-4069-807d-3b188bb82e2f,2934
7da77315-f2c4-4472-a75c-be3adc2a67a3,2935
7dbeac16-5ab5-4c04-865d-28bd470e5881,2936
7dc1ad07-821e-433d-8c49-24a7c8cd3572,2937
7dc2ac3a-af50-4f14-b923-c85522711f36,2938
7dce25b2-87e1-4cb4-90d1-938b37ed8bcd,2939
7dd76744-1d3f-41aa-982e-f9691389daa7,2940
7ddb7b81-b662-4705-b290-fbe143e8690c,2941
7de9ed5f-33cf-4a4b-a5d1-277ffe24e499,2942
7df4a08b-bf2c-41db-b686-a716cf8215d7,2943
7df53c2a-3367-4928-bb1b-97223da8b9de,2944
7e111925-502d-47f9-94b9-ae43c77d4bd3,2945
7e21d3fe-8d2a-4140-aa6b-acff2974f72c,2946
7e356b52-5378-4c46-b2b5-114acee503cd,2947
7e4653d6-afd9-485a-aac6-3cb0538c6caa,2948
7e4b941a-6151-402f-b26d-40eded7a80bd,2949
7e538e4e-d4a7-4c75-af84-1c6c125116ec,2950
7e7e0c34-2b3e-45c4-b222-ce2fb494bc8c,2951
7e90dbca-bdcd-4a36-972d-e5650eda2bb9,2952
7e99fd48-1131-4d9c-88a1-ee342482895f,2953
7e9ccfb7-2d5a-4d37-b924-d5df41c9553b,2954
7eaf9aea-5a48-473a-a57d-60b419b407f2,2955
7ebe7230-a2f5-4217-8419-e866d8e6e6a0,2956
7ecf92ef-8f8c-40f7-8178-87dcfc460535,2957
7ed5717e-6ac4-4362-86d3-c7111f92d3cf,2958
7ee06f72-27c9-4132-8740-a706652ced0c,2959
7eec53cb-727f-4ddb-a7d7-15bee3d11082,2960
7ef4d2c6-dd3b-4b13-aa7c-ed1d7e6903fc,2961
7f04724c-2988-4af4-9a77-a4ac0c1ebad8,2962
7f081da5-bedc-4f08-a8df-f79a933d0a2c,2963
7f1d28ec-5ac3-44c4-a9a9-1a89f771926c,2964
7f1d2975-2f01-4363-99bd-adb934e11bd7,2965
7f2f8e7f-065b-47ea-828e-be721c973906,2966
7f34f252-2a40-4d0a-bf34-ed4b6fefc0d9,2967
7f3d2c77-5cb9-4733-8349-aa37997466c4,2968
7f40aa02-b61a-48ee-9dc4-fd6f178e3718,2969
7f500907-b69d-4077-b2e1-8dc4d88b4e19,2970
7f53aeb1-5daf-4fcf-922d-bfd9142df578,2971
7f53c51b-3650-4f3e-b474-7e43d1760f11,2972
7f5df0e7-c559-4be4-8b3b-f862ef52c723,2973
7f6047e2-6872-4b02-9070-146f9fabed8e,2974
7f63d3fe-bb43-4406-a714-8f36f5291f25,2975
7f69a52c-6449-418c-9901-4e0410a0268a,2976
7f748d33-2863-4170-946a-2f5387d14d6c,2977
7f8cd33d-70c1-4646-be4b-f0c2e1c4a612,2978
7f9472c6-4d6d-4032-b2ed-34ae8958dd14,2979
7faf7e6f-1f87-46d5-8141-4bdf43c6eccd,2980
7fb64cde-8f14-4b99-b2cf-7d2198624898,2981
7ff5d673-1ad5-4f60-8696-c8acc4841720,2982
7ff6ad7a-f393-498f-b702-428dca8eab47,2983
7ffafee7-0f24-4c3d-82b2-53cefe5d4583,2984
8004c4aa-f39c-4266-b8d5-2a47ba8f8f7d,2985
802c6be7-d999-4680-99b2-7f78c516db16,2986
803fc1a4-1c12-403e-8923-c3bf10d276db,2987
8043186c-da9d-4672-9f6e-81ec8001364b,2988
804a960c-060c-438f-9101-1565c58753b4,2989
804c024a-8c6d-4873-bec9-c712d8d52194,2990
80774166-449e-4495-836e-fa7c8810bdd2,2991
8079bac8-ee9f-4a41-b76d-7537b4af6ab2,2992
807a81d9-b4fa-484b-8348-3bbbd69fefdd,2993
807d96c6-83b5-400d-a3b3-cc63becfd08c,2994
8086a335-ce94-47c1-9b75-6afe22ca18ee,2995
80a16ec8-651d-46f0-9543-43b8c0463610,2996
80a6693a-4f1b-46a5-ace5-a6b1cf7f3739,2997
80a6f34a-30b3-4358-9eb1-3dc3e929b2d2,2998
80a78fb2-61ad-451d-a604-6fdd4309d857,2999
80ae5a37-faeb-438f-97c2-12607eb91e07,3000
80b16734-d07a-47e6-8255-a66f105df849,3001
80b3d360-4901-4ac0-85b8-d06899130b3b,3002
80b3ff58-7d07-4d1e-9e53-6a7079ddfa0e,3003
80beade9-5157-422a-8637-7012391c39a0,3004
80c9f59f-e1d6-4ac2-8048-d3bcc58c1501,3005
80cff2ee-59a8-49a9-823e-685a64cf494a,3006
80d1e73b-9d9c-4a82-946a-3d5875ef2a8d,3007
80e2a061-c44a-4cf6-8cff-3aa51fec32e0,3008
81032a8b-7e41-4c0c-ad8a-2a73bd21aee4,3009
8103f784-bffc-4762-9aa7-ae6be2bccb5a,3010
8107c18c-e5e5-4906-bce2-10d0b4a0660f,3011
810dd237-f743-420b-8b31-1a400d167523,3012
8121c94a-e27f-4e34-a194-10fdab472595,3013
8121d765-4142-4c95-94ea-39f40195a20d,3014
8127028a-17b1-402d-9da6-f030e0e49b6c,3015
812c7891-4b93-44be-86b1-7c2ff58ca1bc,3016
815b7c1d-83a1-479e-b522-50cbd58e56e3,3017
8183dbb3-9b3a-44bd-a600-b19480b66fe7,3018
81915f03-4c70-41f4-a304-0b7b6d3d8573,3019
8194e9e3-1298-45ed-b4eb-5b19cc14ec4b,3020
81a57506-7530-4e7c-9db7-af4a2269de75,3021
81b125c3-f993-4702-8f3f-ca728d3781e5,3022
81b66598-f5b3-4fe9-b828-9dfdec552470,3023
81ba15a3-b636-4c3a-8c8a-f00bfeb347d3,3024
81c8d678-a994-4cf5-9042-8855b6ee20a1,3025
81d0cae6-fe9e-4ce4-be6e-f05270f6b206,3026
81d4c409-1436-4bcf-a69a-6bc1a61e0812,3027
81defa5b-5a5c-47e1-a8a9-44d20e63505c,3028
81ec7da9-694b-4424-a8ab-1950099b4bd6,3029
81f4b93d-b4da-4c60-98ac-030a7f2efd82,3030
81f9147f-6f1d-459f-8c5c-93da4d25b371,3031
81fc09d5-d853-49b7-8536-69d505ca156a,3032
81fec857-22be-442e-9017-d556387097c1,3033
8206bd2f-38bf-4130-8bad-3e216cab7b8a,3034
8213708a-8c19-4e39-be91-97aac37a3ab7,3035
82162241-67ee-42e9-9ba2-3d6e05508fce,3036
821b9c1d-6fad-4830-a1c7-9e740ca73cd9,3037
82233cc0-dd03-4a49-8f92-df833eab8395,3038
823066be-82b8-4da7-8725-f890263e031a,3039
823641b9-17ba-4bdb-8134-4d69bb3a7bcc,3040
823c60b3-2f90-4a08-b592-ebdba49cf215,3041
82489c02-6d5b-4b73-adb5-707018371473,3042
82499308-c9f1-4478-bd47-fb7fcab3ddad,3043
825a498d-4bcb-4c43-9c2c-660fc1ea4ed3,3044
825e44d8-9981-406c-b1e5-470025c698d9,3045
826ebdb3-cce5-4468-8f64-da5201fedbd7,3046
8273e1cd-e660-43aa-9a8b-8ee4a4ab5250,3047
827536de-88de-4257-9b84-bb7cdc1d3d81,3048
828a7d0a-ab68-4206-9e4c-9920cf5965ff,3049
829806ae-8f75-4d92-91f6-8ea94f36d246,3050
82989f44-5b5b-47fa-bae0-a3594cce2140,3051
829aeb20-5c03-471d-b093-cb97b7c71bfc,3052
82abcdc5-6e23-4c44-8149-d661a45216ff,3053
82b0a89a-d58c-4c66-86e0-558b60199d34,3054
82bccfd3-cfcc-4d81-8fd3-8e30af590c87,3055
82c0fb76-f9f1-463f-8d13-de72dbea000c,3056
82d96611-af3a-4282-b765-45876ffd4529,3057
82eb2823-5ce6-4f64-b68b-793973300e3f,3058
82eec58a-73c7-4955-aba8-2547da63e669,3059
82f5db01-4fef-48d6-90fb-c4f01efdf1e1,3060
82f842d9-cd3f-4ed3-ad86-a94c49e3968f,3061
8303f718-a7d3-429a-b556-662d105ac74a,3062
8308f49b-bfa8-4fcc-b4ab-208c0f861488,3063
830c5e0f-a9e9-4a7c-bda4-f2b2e2123ca7,3064
8310501e-bae8-4ef0-b4b9-372c414ff6db,3065
83152c64-63a9-4c07-9459-5a10d9e66023,3066
8316c4e5-af67-4837-9eeb-be6bb6cad373,3067
8320521b-d626-443b-b96c-203b640bcf6b,3068
8334a9c6-0110-43a8-b3e3-53616861cafc,3069
833aadf5-0645-4cdd-aac3-211d61118c7f,3070
8345b072-8190-4e85-97af-2005481ed57e,3071
83472164-35db-4b87-86fd-3887a1f5fc3a,3072
8364971a-f4d9-4f84-9742-d20261071b9a,3073
8375c10c-a995-43b5-9f63-ed4440f0596e,3074
83817a87-cd68-4b71-a5f0-ed444efe127a,3075
8389b962-97c2-477d-bbaf-eb61d0d4faa9,3076
838e8ded-a3ff-4bf2-bc4f-3c88172a9c29,3077
8392570e-a554-4d0e-85f7-3367c6b64fb9,3078
83945000-e939-4a71-8757-a8d633810822,3079
83b78311-1ceb-4df8-b2dd-ca309c99eb74,3080
83c3c2e3-e130-4e14-afe7-a3600d6e2ad5,3081
83cc6eca-2697-42f1-b185-6743f02dc3fd,3082
83d6d1e6-c821-46aa-a5a6-add4b0974c9c,3083
83f9a6a5-2415-4c69-839c-003998cdd8f5,3084
83fa573e-ff1c-4658-adfd-8a701756f1fe,3085
83fe87cb-0ea9-4bd5-8a15-daa0a532f66a,3086
8408dfd7-ff60-4785-831b-fcc2b8db50b2,3087
84228dd5-3078-44d9-a33a-b332fea677cf,3088
84300c4d-b5ed-434b-a27a-0c2d64dc5c37,3089
8435578d-4f61-467a-b10a-e7a2e4e8b089,3090
844a43df-844a-4390-b4b7-4cc4f41ebc5b,3091
845fb9ab-a6ec-40c0-9b0e-4099ac911276,3092
8478a07d-735d-40f1-b039-98bc388f12ac,3093
84838a85-1fb7-4708-b7be-f35ed9b21eca,3094
849fe8f2-d4f3-4083-a945-ce487a2831ad,3095
84a45a25-f3f2-4819-a82c-4086b88f1117,3096
84ab0829-8fb4-4f80-abc4-3e3ce83f4809,3097
84ac12d1-a65d-40f0-92db-a16caacb91f3,3098
84b1cefa-4d88-400d-8058-98df25a1df3c,3099
84da861e-e288-4a82-9da7-fa7a64a04b22,3100
8515f8cb-6e5a-445c-9ddd-30962f659419,3101
853fe88b-120a-4910-8657-807ab1523d83,3102
854cd146-f5d0-4e3e-96ec-4f10cc7e7b14,3103
855f984b-56b3-4af7-90ad-bce130275540,3104
8577d3e9-a847-4c1c-94ec-5f082c6d7d3d,3105
85825ca3-1ccf-4212-8e1c-7943e2ed9345,3106
858570c2-efa3-4799-92b6-68a9bc558bac,3107
858ff5e8-5ef2-4dd1-87ad-0e4e88414372,3108
859193a7-622e-4359-b84f-a55966f41d67,3109
85af3dfd-41ee-44df-87f9-14b6391ec939,3110
85b86b39-8877-4214-8220-8d762e75ba85,3111
85ba1d34-47b8-492c-89fb-c5cc6f477330,3112
85d9d5f6-18d4-4668-95af-74dc97bfba77,3113
85fd4f81-0494-491e-b308-fdffc0b42570,3114
86011d91-9432-4658-a268-69873e11c453,3115
8610d2c4-1781-4bd1-8612-155e9ea20ac5,3116
86182c5d-1f2e-4fb9-86ca-1f7c6927c2ae,3117
862bb304-60ba-4d1a-871d-abc6e70e2cac,3118
862cec67-fe8d-41ac-bd7e-340a9fbcc6bb,3119
863779bf-18cb-4373-9d04-4e16b0352f39,3120
86381109-cc85-44e7-ab35-1f48805f2954,3121
8638e10b-411f-4579-9011-5c40a4d5d0a3,3122
86423325-69b8-4dcc-b55b-7c677cdb6ec5,3123
86464ef0-2800-47ff-86ee-50d6050c32dc,3124
865aa18b-d9eb-47fe-a0e1-5f0474417bab,3125
865e8f8c-79ae-4f9c-9a5e-a1b83f15e4b2,3126
866b4aa2-c637-4348-a9a1-caf450cebc83,3127
86705138-1574-4d84-b1fd-4b56b21b95e7,3128
86746fea-a05d-43be-a5e7-29debf7217cb,3129
867aa8bb-97f6-4ac3-bc8e-0f73f65e7583,3130
867baf61-060f-44ec-908e-38d728f6a5f8,3131
8680a19d-2b53-4b65-ba43-a265a862e558,3132
868911f3-ba5f-4012-8f69-3dbe9214c9a6,3133
868fe9d1-2a47-4a0b-a76c-79a51a2fe57e,3134
8690b9dd-1687-4234-bc3b-7ff0a5e55c6d,3135
869a94ed-2260-4072-bb58-666c8fbe3474,3136
86aa8571-64cd-4c4f-867c-abe25de94fc9,3137
86c09749-fb2b-4b61-86c5-2ebec2f67272,3138
86c408a1-9dcd-4cb5-842d-e13ad85ceba9,3139
86cdbd64-8f71-4815-a91f-2562473432b3,3140
86e0a565-f2a8-4ede-a7e9-6a703bd28329,3141
86e82c44-e9d4-48a0-a20f-b53602fde33e,3142
86e84526-8a8b-4df3-8bb1-151c4c077dd5,3143
86e8a51f-3bab-4595-bdfd-441ad1c787e7,3144
8701d717-4b93-461a-b0f3-6af1092e40ff,3145
870866af-2ccf-4db2-a3b4-6d0c3d4f5fca,3146
870acdf8-e10c-43b8-b687-e1c845ba0854,3147
871626a5-07f0-492f-a348-ae5306e8bdbf,3148
87230e6e-b8f4-45f9-bb41-92076f21b6e0,3149
872822c4-bc8a-4732-931d-7fabdd736407,3150
87312e27-83e8-4d5c-8c43-fc304dcded36,3151
87391750-3d60-48b9-b3d3-3aad74869345,3152
8745cd72-8d72-43d0-ad9e-a53e3ecf6676,3153
875dd993-fa39-4769-81ba-a83cd113d5b2,3154
8766994f-5a94-4220-b0a8-bfc9b5ed9a3b,3155
8769af49-5d4e-4053-9403-7e75605ec566,3156
876b02fc-d5c3-4851-9379-6124ea99424f,3157
876c8b01-258c-4d2e-8be7-2eaf2211b21f,3158
877435f4-0b84-4d32-acfe-8ce0267d7cfd,3159
8782b9b6-cdda-49f1-9d10-882a3bd11340,3160
87b16345-7762-4600-b439-e59797f31b5f,3161
87c7320c-4147-49c0-9166-e7368f7d7398,3162
87cab6af-221b-4a6f-9796-3ffb2977b870,3163
87d2685f-fefe-410b-892a-fc15533bfda7,3164
87d4d76c-0a12-4fee-a7ed-9648f936cdfd,3165
87d59c8f-a588-46da-9ab3-9f6e64e7cae1,3166
87e1cedb-3179-470a-b680-3203fec1f433,3167
87f6eabc-cc3e-4ccd-9c92-dc314121871a,3168
880024b2-8224-49d4-8576-306a9b257e7c,3169
8810fcf8-4927-4848-9d82-6dce8119b406,3170
88116f1d-bb15-43db-ba7e-7d37739860f9,3171
881c8805-fe3e-4f30-89fa-ceeb314abd91,3172
88458931-b36e-4674-9f98-840bf30556c9,3173
88467f0c-3294-46cc-9741-793fb73ae4e5,3174
884b7798-a6ca-4aa7-af15-7df8bc0b669e,3175
885d6a2e-8cb6-4316-a4a8-1b97bad76a28,3176
886c5543-c711-483c-8987-49b9e2727e38,3177
88760149-9712-45ab-8724-e41ec918b51f,3178
88775c79-4c56-4503-bc53-581e0883ab90,3179
8880ac5c-136f-4dda-ba8d-1ba0c371c8ef,3180
889036f8-34e5-49d0-acef-c66f547f60a8,3181
88a39015-c3ef-4b9c-a9f4-bd90a6dfd68f,3182
88a66a69-8936-41d2-818c-c96cb2c6a533,3183
88b6ead9-9c98-4ef2-8ee0-a896b322a42b,3184
88b8e7e3-b224-41a8-963f-4f10c65cd03c,3185
88bbc52c-6370-4939-b71c-2149bd4db4b2,3186
88be92ba-4faa-4eee-9744-afaee81c8d15,3187
88bede76-d56e-4be3-b7ce-9c93f43a4058,3188
88d18c99-8e03-420c-8998-71bd9224584c,3189
88dc19e4-32f9-4d65-ad2f-4b2134e65031,3190
88ec1a6a-bdc4-4cad-940e-a0f262a452b9,3191
88f2041b-dbd7-4989-9f99-5b9079b753f9,3192
88faa07f-d659-47c0-9538-7c80a8f91d5f,3193
88fed7f8-e3a2-4345-837f-25f3599ac2f7,3194
8905532a-3142-4d5d-8fbb-e1099eaf22fb,3195
89061629-68c5-45b0-88b6-a6c0604ca853,3196
8909b850-45a5-4970-ac5d-430d45cccb54,3197
891a22b3-713b-44f9-a355-ac0822687232,3198
892d8e7c-20ba-4886-bd65-0b92ee101d69,3199
894116f5-82c4-48b9-9fc3-1c0f253fc5c7,3200
894715d9-660a-4357-a6ae-dab0bfb20244,3201
8949a230-9e30-4a00-8bea-eb04ab5fc55e,3202
894bfc1a-735a-4127-916c-2abed3417f66,3203
89519abf-dd2a-4f0f-9e25-136319e5f8a8,3204
896296ec-bcb6-4cac-9d3e-200be6c47f52,3205
898d85d3-513f-410e-85b3-2c460bb7c27c,3206
8992cf32-f9a3-4081-8d02-09a337ed8c4e,3207
8993292e-c2d3-42fa-a12d-953473c8faba,3208
89a0bb4a-5acb-4a05-ab1f-7ec93d7b61af,3209
89aa1cc9-fcd1-4207-aaf0-143be28d6f0e,3210
89ae8741-7147-4163-8f55-61f89875db72,3211
89b95c65-2b81-416e-b025-c4b384461b0a,3212
89ccd01a-005e-4d85-a73d-9c4067d78b8a,3213
89d0f5a7-dd3f-4763-a3d2-ffdfb1a01a25,3214
89d4176f-b1e0-4388-9391-67429140ce5f,3215
89e93a39-4672-4d2e-975d-fb176c392baa,3216
89f88773-34ee-49ca-884b-6e99327188f2,3217
89fa8ed8-a7bf-43ce-bccc-b4bd1f049f7e,3218
8a02fb55-895d-48a4-98b7-e4ebb332a16a,3219
8a083300-ceaa-4418-86b0-308172ae5b69,3220
8a0d1943-77dc-4aa2-a988-501bedf91b72,3221
8a37b5fd-bef7-40e5-b6b2-f49a26fbaee8,3222
8a43d3cf-2c28-41eb-9302-522d4c694918,3223
8a45c3b6-e1d0-4dcb-ac89-b63ba4e80858,3224
8a4eabc2-9142-4893-9ed0-d906e9c0e44d,3225
8a5531a6-2c9f-4926-92dd-91d8986d3b2e,3226
8a5a3fa9-3dd8-4143-a019-ae5dba14fdf3,3227
8a64ee34-7c23-40ac-a17f-c32896c60e89,3228
8a71def3-b04d-4b45-8a43-5a56d1179a45,3229
8a813081-41fd-43f7-9f32-2722e0796dd8,3230
8a9dcfff-8a67-4bdb-a443-decb03604d27,3231
8a9f00e2-4bd5-4b70-b122-b6f3c8dee499,3232
8ac31e45-6a46-4354-a871-ef866d1db696,3233
8adaa28a-acc0-4dd7-9c08-f53780c09f02,3234
8adc1f1f-8aad-4d17-bacf-6f9400c08962,3235
8aea951c-d856-48eb-be30-efd45b8b4acd,3236
8af17d50-cb42-4abe-82e8-e82d7629617d,3237
8af7a00c-ce12-44f3-8168-694ded3900f6,3238
8afa10fd-56aa-494d-839e-8d4c78f1b732,3239
8b070b7d-bdf0-4973-9f2c-426726366fe1,3240
8b125705-6e98-44c6-8866-7097a4a39f2e,3241
8b1d60a7-c52e-4e07-9522-80cca113a7d6,3242
8b22ad13-3292-42f4-9e84-392f37e7bb78,3243
8b3d273b-1968-4db1-9f17-cc37deb51520,3244
8b42610c-e899-4d5d-a01d-849ffbb44827,3245
8b48b227-6cc9-4816-b8d2-cf79517e3519,3246
8b51e7d8-d73d-493e-9da7-301fe2f23ae3,3247
8b63bf6c-fbb0-4e04-80fc-04cf811f8949,3248
8b65d375-530e-4df1-8aec-02812f57560c,3249
8b687097-0f57-474b-bc16-726d99bc8f97,3250
8b6a0f9a-9b42-4a02-a066-ecba559022d6,3251
8b79b650-85ee-4dab-9dd6-94fc15c72bc0,3252
8b862688-2f1d-41c9-8868-a6b707890bb2,3253
8b8d7f2a-a0a3-4159-b1d8-4bb2a5989ec3,3254
8b9eca63-d1c1-40f6-8d8b-7219f0b99cca,3255
8ba28a08-7273-45e7-9d9f-4840373ff6b2,3256
8ba4a08c-c49b-44cf-866b-05914899c07c,3257
8ba7e972-d01e-4a8d-8ce2-5dbe4f1ba93d,3258
8bcba2d0-fe00-4bac-81c6-09e483ae545a,3259
8bdd0f7d-f84d-4a06-8fac-bdaaed9e5d4b,3260
8be28317-1a49-47b1-87d0-92aebbfb930f,3261
8be51c7a-30eb-4776-adb7-170b9a5b8659,3262
8c01652b-5e8e-4cc2-8dd5-eacfadcd9afe,3263
8c05c7a5-0ccc-49c9-9841-492ed793d2de,3264
8c06668c-6ac4-4b0c-8479-00eec6c816d0,3265
8c1d2e6c-c547-4b4e-8435-2a0e9da7f2d1,3266
8c2eb224-ae49-4948-afc9-4d5063da81aa,3267
8c30d194-90c0-43d1-9264-0e7077837726,3268
8c5aed57-57e1-47c7-8eac-8beb6dc9d6ca,3269
8c64a07f-d13f-4ee8-bbb6-8175a3ca95f8,3270
8c6a7332-5281-4f87-89bc-ccdbaae6dbf1,3271
8c6bd287-8e10-4ef1-94ed-68dc24635a63,3272
8c6cd41f-0fc3-4e8f-916a-519a91d12a3c,3273
8c7ff316-e504-4938-9ab7-3be74000672d,3274
8c85aaaf-3145-4499-83be-fc1242b45bb1,3275
8c876c8b-d038-4e1b-a0bd-74a80c5f4069,3276
8c8b3cd9-f8d7-4b57-a81c-957a9cc5c49a,3277
8ca82ee7-0899-4796-98aa-ad0a4dbbb468,3278
8cac9e59-b175-4b48-b834-ddc3a9156290,3279
8cb95461-ad5f-49e3-bcde-1d7a0fc4edf9,3280
8cbedfb8-3465-44e8-9134-429cbd2b2302,3281
8cc731eb-4691-4b9b-8602-854590f0a6e2,3282
8cd8265c-ffbd-49d0-b47c-5eb4aa420d28,3283
8cdb6d18-9726-4278-992f-f27f81395987,3284
8cdd9127-00bc-4460-a069-1406470fe545,3285
8cdda131-0e28-479b-a5b1-9e1b13564ce3,3286
8ce0a440-82bb-4135-be48-b8daafce6bb4,3287
8ce8647a-589e-4a32-ba9e-b7823cf3a5de,3288
8cf735cc-c03c-4e88-93c0-4232e67c5be3,3289
8cf77fb4-0977-449d-9c42-16b7fa05fee6,3290
8d06d290-ab56-47f6-9b74-f9fae06d772e,3291
8d0cc480-7ce7-4372-8483-a1974b5bccb3,3292
8d14d9af-a570-4c38-ba08-7429254890d1,3293
8d2749f7-870e-4880-9fbb-157989eaa117,3294
8d2a282b-d378-43b1-8fe6-9d993332047e,3295
8d35451e-7223-4f70-9353-b2346c13c8ab,3296
8d3cb731-3374-4819-b53e-7dc702c218c8,3297
8d4447df-1e2e-482f-bebd-5804b3dcf442,3298
8d475c3a-b3bd-4ef4-a7b1-79d36c1c52b3,3299
8d62ffff-1710-4c3a-a80a-88d634e8f940,3300
8d748a78-49ac-408c-9bca-3c1ffa260134,3301
8d759e12-f173-4bf5-91a5-62bb5d3abe2e,3302
8d7c1122-9b0e-4186-a7cd-67fec29ec40a,3303
8d7f1a65-e51b-4e85-87d6-417e5efa98fb,3304
8d8191a1-20bd-49e2-81ff-554d795c99dc,3305
8d8cb89c-b9e5-4ddc-8017-025be1a0625e,3306
8d9038f0-62a4-4b45-a010-c7cbf2b76f84,3307
8d9e43f9-b5f1-4be5-a532-bb9b323be7e8,3308
8da0656f-db08-4257-a855-40135eb3394a,3309
8da3d86b-8796-4826-b777-91abc3d94aac,3310
8daa0ee2-70fa-442d-b074-2bb49c3bc234,3311
8db53b93-0055-48c6-8c47-f43add967e0d,3312
8dcfd6ee-900d-4e18-9577-877147f27308,3313
8de7b00d-ac51-4971-892e-0bc238b9bb7a,3314
8e067bcd-26ee-4650-8223-c5ce9eab41ec,3315
8e1fc1f1-b979-4360-a60c-e2af227ed5ed,3316
8e27bd1b-bb79-4f73-9dc4-6367c355e013,3317
8e2a7ed5-48b3-435b-9e15-438b1d001e96,3318
8e51983e-a7ac-499f-8590-dd83424c995d,3319
8e55c57b-2e8b-4f29-b702-3e71455a2e7e,3320
8e5ac3f5-7682-4d1f-8135-ce87db984db7,3321
8e627aca-f19f-4621-9b76-0dec59371809,3322
8e72ad3c-8db6-4ec1-b2f0-83da778e32f1,3323
8e7551b8-4941-4fd3-982c-f89e8de57ab4,3324
8e8dce04-2c28-4b5e-b55d-69b1f6c0bb30,3325
8e9c4ac6-323e-4870-97da-cfbb1ddb51e3,3326
8ead2f34-9fa4-498f-a82c-d894ce5f2eaf,3327
8eb1f166-827d-4743-bd17-05693e781cb6,3328
8eb226da-d42f-4eb7-9bdf-c2d0c6a76f3c,3329
8eb79c4f-6d3a-4fb9-bb27-85b88ea7642a,3330
8ebb1144-66f1-43c9-892e-bb7d9772d2cc,3331
8ebcbf7e-cccc-4ec0-8234-27941d20d16c,3332
8ecfbe85-bb1e-4ba6-a851-42ef7f853aa0,3333
8ee7fea2-1dc6-477d-afa6-24deb95dd813,3334
8ef9bc20-4fdf-4868-8dbe-f9fd96fe193e,3335
8f06b853-323f-4742-97ff-836846c28eeb,3336
8f0f10fe-d4e5-47d0-ab15-cd657931432d,3337
8f1fade0-a78d-44a5-b76d-9650b5b4e02b,3338
8f24fc67-0911-4a12-9b5d-bc3f3649267b,3339
8f386dea-c427-40ad-8cd0-d6bc385d023b,3340
8f551652-73ac-4b74-ad4e-04fcbdd58cc3,3341
8f58525e-07cf-472a-acc7-16e7921a0288,3342
8f585859-02e5-4c6c-a5c8-1af8b2cc9cb3,3343
8f618ed3-abbd-4de9-80a2-5fe2a90aa5af,3344
8f6f5dab-d39b-4c6a-a811-44f4279b4a80,3345
8f88e9f9-eee9-43e4-9ef6-6070f32f7126,3346
8f9261a3-7c42-4f4f-881f-35306468af65,3347
8f97db56-59f4-4aba-aaec-f04dc70acaf5,3348
8fb48b44-9d3e-46fe-8ce6-6eb35985307f,3349
8fcfc363-8444-4e33-9d96-f932a87e0578,3350
8fe61132-abbb-45e2-8a7e-451e5cc807dc,3351
8fe63867-04ff-45ee-954a-6ae196b272a9,3352
8fe86231-8ca0-4cae-978c-88a5029fea2b,3353
8ff5b1eb-c282-4899-b80b-c5b678346460,3354
8ffe1d2f-13dc-478f-93c1-9bab26bc28ff,3355
900dac61-1ac2-4f78-92c1-408b46d0cc6f,3356
900fba73-eb7b-4ae2-809f-5dae65d69ae9,3357
90144ddc-3540-45d0-a9ee-ff38888a3009,3358
9025c355-0d84-4dca-82e1-656f0bbe1298,3359
902635a9-893a-4c56-b026-9f00cdb7a418,3360
903e29eb-d0f8-43bc-9b0d-20c7eb2b14c7,3361
90401a19-00f4-44fe-81a3-01e1f769167a,3362
905f1e52-babd-417f-9602-9c3b615ed69c,3363
9070897b-311f-4734-b00b-dada2c23d96d,3364
90772f6e-8a31-4f50-88f2-798fbc3b2e14,3365
907d1073-97d9-4d00-b1bb-c17c31a1cc67,3366
90843eaa-cfb8-4318-b627-9ef2e424f367,3367
90887261-a4f1-40e7-a00b-5ba257400ee4,3368
90aed8c7-8b66-4546-924a-699ca070fe8d,3369
90b64851-12cb-4c99-b66a-6f9a3891a490,3370
90ba6200-d0a8-4086-9707-637247eca7a4,3371
90c61b14-f7d9-4bdb-a718-37c226b2c835,3372
90d5e618-304d-4031-9518-1023c11d36d6,3373
90e30468-776e-48fb-8b78-c2af89c4c887,3374
90e549f3-e86a-4ca1-b79c-ecaa667a840c,3375
90eae660-94d7-4046-8c17-091d0cacca8d,3376
90fb4b75-2714-44ff-a5ae-e925191535b7,3377
90fc6313-e11f-4256-a11f-694c8d386642,3378
91037ecc-1a8d-4a8f-a363-93aeac124ab9,3379
91101ed2-9d23-4870-9002-a5c431e3f19e,3380
911b21fd-0ad2-4341-98fb-44065fd4c120,3381
913d2ea8-5f9f-4bee-86ee-603750145fa9,3382
914311fc-8ca7-454a-9742-7f665f403d0a,3383
9158a4f6-ac73-4a77-9a56-2d889714419a,3384
9158a56f-7fb4-4460-b46e-c2df7e053275,3385
916849e7-e155-4d3c-95f7-f8f357ef9ae8,3386
91759e34-99d4-4f49-bfd2-f9c655d9a96f,3387
91822983-3279-4b24-9882-9ac2efffb84f,3388
918b5cff-226e-4814-b145-665f9140454d,3389
918b9c29-4c68-44dc-8cad-8a200945ae0f,3390
919b1ebb-44be-46de-8eb8-f2c4964347d1,3391
91b07382-a615-406d-bec1-611936a9ce03,3392
91cf2091-bb0d-4c87-a049-bd5959f1af6f,3393
91d59272-4e42-4a23-b0f2-fc043e5e3a4c,3394
91df5cf8-fe0d-40c1-8839-85061f413ecc,3395
91e441b8-0710-4ac8-916e-78651044f847,3396
91e656fc-0b94-4e6d-8feb-643d19fa3b79,3397
91fc46fc-8345-4170-a4ed-0b89171d4e19,3398
91fc6de9-0634-4e47-9450-af5fc6517cbd,3399
9204e489-83c9-4dc8-a41e-6942f9f7d602,3400
9225b39d-a47f-493e-b84e-3ce692b83afb,3401
92268afe-d86d-4be1-b989-6320916316bb,3402
92407ef9-baed-43fc-a629-1dadc2ac95a4,3403
92425cec-55e9-47a7-b1ad-ea5238c406eb,3404
92876774-2485-45e0-b7b8-0395226f79bf,3405
9288f350-9e9a-4707-a6ed-37f09d92305b,3406
92966a4e-e4a4-4d6c-84c4-978f85f3d95e,3407
929e3dbd-5e93-4341-9390-ebefe5a7f1dd,3408
92acb1f8-2bed-414e-a713-c6c275081d87,3409
92b5b056-ccb4-4d5f-aa3f-fec74d1de848,3410
92b6913c-d796-4c57-9281-f10742e4a6bc,3411
92c11315-b14e-42b0-a823-761a0ef9640a,3412
92d2ca2a-123a-45c0-9814-aebfed9357da,3413
92d3e55d-bb0e-493b-aab6-aa74cd9b9372,3414
92d53678-b36e-4959-b269-fb1a89e9d8cf,3415
92d61c37-b965-4de9-9963-33d769ce23da,3416
92d7edcf-d904-4630-aa8c-62e88b26580d,3417
92db6a2a-1565-49a7-ad04-402a4b14bdea,3418
92df8f56-0ecb-4abb-8383-7a1c20b7dc6b,3419
92e40a9b-e055-4291-a088-791638b9e9fa,3420
92e82cbe-b3cf-4244-b6b3-9ca423f62f3d,3421
92ff457a-a548-47db-859b-40c05e6f5e05,3422
9309607b-0be6-4fbf-821c-16e01cdb2ca1,3423
930a604d-2159-4e7d-90d1-f468dcd9b844,3424
932434cf-f020-4b78-87b3-90e1232c637a,3425
9327f055-2b2c-4526-a303-e9748cf96807,3426
932a992b-2fdc-42a1-9031-864039ddd453,3427
93446dd5-22bf-4af3-ab59-3be9de60adbe,3428
9345b63c-54b1-4d96-b7d3-8be34288d9d0,3429
93546c64-d967-490c-b68a-88ffcb416a85,3430
936504b7-77af-4dda-a6f7-b7ad08fca278,3431
9366b98d-0dca-4f81-9d0d-fc957427748d,3432
9374762a-7f95-40ab-80cf-7e97f499dd62,3433
937bb104-b9b9-468e-802d-b2d546be1bae,3434
9383e51d-2632-42a2-98cf-39dda711aa4c,3435
93859573-265e-4e7d-a372-1e477a359551,3436
93869cd3-70f8-43fd-a2d1-d70af709226e,3437
938d24f1-f6f0-46ae-afff-e041367ec1a8,3438
93b0c410-21a5-41d7-ad96-30c3083494ed,3439
93bedabb-9215-4dae-9f0b-618967262d2a,3440
93ec11ea-3022-4ced-927a-854d5f81d417,3441
93eec2e8-0502-4d89-9653-e5ed8eb98553,3442
93eecc39-c7fd-411a-a0f4-3d6d4dc145bb,3443
93f45814-6b69-42b3-b617-79b8e03d46a1,3444
93f69ee3-04fb-4615-8c47-3f15baba4118,3445
940ed598-5e54-491a-9f1b-d2ca84b44ac2,3446
9411ea3e-ebb5-4b3f-97ca-0d4ac2f384fd,3447
9431fa1b-0b2c-42f0-af02-1a6bb1d0ecdb,3448
94414914-b9e8-4ac5-a956-6a1bbca08aa2,3449
9446b707-16b9-4350-9461-859ffdec15ec,3450
94479d8d-e246-48fa-9ed5-e8585911d86a,3451
945034ba-7d65-4896-a0a8-41a17518537b,3452
9450fee5-ba8f-493f-953c-4a5cb4faf27a,3453
9451fba0-8f75-4654-8a40-1a43b0356dbd,3454
94589eb5-5db0-412a-b5d5-ce25020d1900,3455
9462d87b-04e5-4b43-bade-0d32e4b23893,3456
948baf3f-8080-444d-8d1a-4f399a608681,3457
949e1c32-3cc9-4b4b-8143-822648e764fc,3458
94a7a141-ccb8-485d-9c07-6cff9f8e2c79,3459
94a8bf74-8948-421c-81a0-e3671dd84927,3460
94a9f9db-56c5-4503-9fe9-cb1e174869b8,3461
94b6bd1f-bd78-498f-9794-67549b4ab145,3462
94bc6971-0824-44c3-8fab-b838f0718985,3463
94c64dd8-a081-4878-914c-846d3480a7e5,3464
94cc6d3a-040e-438b-89e7-5c46e370c4e8,3465
94d0c89b-ee4d-4492-9542-f5b8a85b0d3a,3466
94d43fc6-a649-4d97-8e75-eaf430fc153c,3467
94d4a1e5-14c8-4c5f-87dd-7e045b76db0e,3468
94d694bd-b6c1-42bb-9e9f-51f93420eeaf,3469
94d7578d-946a-43ee-aba8-37632a7f3c72,3470
94ede7eb-bd6c-4b2c-be2f-428aa1bd6c04,3471
94f09d27-342e-4d99-b3e4-b065f7fe3832,3472
95228c99-2840-42c3-8819-c8883c16156e,3473
9536de08-c52a-4e3a-afa2-689aeb56510a,3474
954ae84b-360f-4af6-adfd-241f2c09c684,3475
9554dc7e-fb62-49a1-878d-e843fcb1b638,3476
955551f6-0f1c-4938-807d-261343f0bd54,3477
95582406-e685-43b2-9042-a799a974c21c,3478
955ac229-38ad-464c-946a-904f18a7ab31,3479
955bf7a2-1923-4c95-bc90-aa9dc92a1e31,3480
9571315d-131b-438a-9335-52fa1b61f045,3481
95749db9-9f33-48aa-968e-33e90d8cf444,3482
957d4929-373a-43bc-b027-e9ca7015335d,3483
957e393d-17cd-4884-a46b-1ba87139331c,3484
958451f6-3fc9-4219-a2a8-dea5bdbecd47,3485
95878bfd-267a-4c3b-9614-c33d989f1ac0,3486
9589e236-5759-477f-9144-d1743a3f0be6,3487
958d60d2-7147-415a-86e3-f51692b1ed9b,3488
9596942b-7713-42b4-9bf2-fcec33520bb7,3489
959d966f-cb56-4f59-8826-02c9af2aae5b,3490
959e6ccf-8552-4395-8866-6ed3f41852cd,3491
959fc2be-59cf-4c28-b8ff-bfb012f63069,3492
95a55ef5-ec1a-4ba1-988f-372d1d060700,3493
95aa6a23-c081-415c-9180-62d4ced89d79,3494
95ab78fa-9822-4d19-94c8-31d869174292,3495
95bbfabb-b629-4195-9d7b-a752b16ecac8,3496
95bd9c39-08fb-4d18-8e72-79b6848cfc59,3497
95c909b8-842a-402b-8570-b60bec713822,3498
95df2a15-e8a7-435a-8985-87c84f8618f5,3499
95e6dd6d-c15a-49bc-9455-6959834cca20,3500
95ebed9d-78b6-4502-ab80-74fece8d230e,3501
95f26ddb-94d7-4e7f-a848-84ff05a9e6ad,3502
95f3ad2a-0954-441a-aaf9-831a40056cb9,3503
95f5d9c6-c936-4ced-a853-3b3cc9d410af,3504
96042038-c043-4712-a2b2-d1921219aa4d,3505
96062bdc-ce35-4063-96a6-88a0bce53917,3506
9608e1ce-66ab-4494-9775-fe24e8755727,3507
960f8438-437a-424f-bfd5-f904b00e373f,3508
96125f29-c405-43ff-b93a-f8fcd8c59315,3509
961827a5-634c-4ce1-9893-faa61bc5c66c,3510
9619ad98-952d-4f1c-84b0-b6f8f4e45e43,3511
961eb538-3651-4f60-8ef3-57da9f9f450f,3512
96275ff9-335d-4cea-9309-d4a5b3a72545,3513
962ad1e5-95c6-46cd-9b40-4461a26b61ab,3514
9634b7af-3bec-40ef-9ab7-4fbd3b015a73,3515
9644e8e9-9165-4038-8a48-6b03a161ddf3,3516
964c6dbe-e902-4e9f-a4e3-691894472b88,3517
96809fd9-751a-466f-b53b-1d10854ab612,3518
96856eaf-073b-4461-8060-c69db9d2556f,3519
968966ea-a0d4-4cea-a33d-d18a754cefd3,3520
9689b53f-57b2-46bf-849f-24d908808171,3521
969443a4-ee82-4b95-8815-2c844ed0edf5,3522
96a9c6ca-b74b-45b6-bd62-603520858f94,3523
96b4ef58-906d-4d07-90ed-2bdcd60a02e0,3524
96bb28f3-706b-41ab-8c04-8d8dc67c5e0a,3525
96c7bd62-f3c6-4469-9245-23a082f52c79,3526
96db27e7-4e4a-4b5f-b84e-db4015fd1e3c,3527
96db7b12-5528-4cef-ac6e-fecb5cb8b9ac,3528
96dd1c0f-f35c-4b3b-8122-384adc7d4926,3529
96e37618-a987-4144-a799-21897104542f,3530
96e67898-2a65-4e9e-8319-8c59fcae503a,3531
96f75182-860b-4690-b29d-064d28999ab6,3532
97078eb0-652d-41a4-bb61-5888ba1167da,3533
970d8392-7b84-4cce-958b-d5fce89dd198,3534
971198d7-c2ae-4ada-a034-c08bef0856d6,3535
97153230-f0cd-441b-8b3e-9da1fcfbf32a,3536
9735d394-2028-4782-ad12-ddd7afe25825,3537
973c754d-eb82-445c-8b25-3a35c8d2d2a8,3538
973d3940-8dbc-4b25-ba7a-6eeef27e4c12,3539
974bc3c5-8319-4a26-802c-86f970beda61,3540
9754c731-4025-48fe-87ed-96ca4bffd8eb,3541
97651230-1f4d-4018-91db-9881f4eedb7d,3542
977b6777-b2c7-4e88-9bca-6afb9e20f7d4,3543
9789affa-eb84-40d1-a4ad-500911ea8d00,3544
978f93bd-e948-4af2-9df1-e3ef7ea0beea,3545
9790de00-8b38-43cf-bc8a-f103c14de4aa,3546
979440db-c1e3-4d25-b7c1-7e171f23173f,3547
979b978b-38fb-458c-8abb-47d8cf63b615,3548
979f0b46-8d7a-4feb-ae21-d2d5ced6df0b,3549
97ad7d6e-c8e4-42e8-8f42-890864e1d07d,3550
97b1bfcc-c5b7-49fa-aad5-6537df9fa51e,3551
97c3a782-5745-49a2-ad6f-e29f3663499f,3552
97ccf1a5-095e-4089-a6b2-3fb2b2ba027f,3553
97f1eda8-970b-40b9-8f41-c870355ceb6a,3554
97f56978-9c1b-4a01-b7bd-ddded05a28b1,3555
97fac5d2-8d26-4184-862b-bad537f31afb,3556
97fcc9dd-74ed-4c5d-aacf-874b378e5c98,3557
9809eee6-88ef-47a1-bfc6-3e8d36b9c0a6,3558
980cc801-679b-45e9-90d0-6edf298c7571,3559
9816c3d6-1f14-4ce4-b91f-bf9283ba8eae,3560
981e2659-25ef-43ff-a060-08a82a8e782f,3561
981f0f0c-96cd-4520-b000-9ee9ae92f50f,3562
9820a66f-2b69-4f90-bb9c-8e8c426fd765,3563
982190e4-af8b-4166-8bb6-47a5dfc1648a,3564
983a4001-82f4-481e-973e-c349e0027667,3565
98793369-aa63-405a-bb8c-94ce7d317e42,3566
98839942-353f-4c7b-b9e6-3683255110f7,3567
988d6031-8049-4014-9cfd-6056a92fb2d7,3568
9897a271-c3e4-4076-8cae-63591e0b4d35,3569
98b6431b-e68e-4716-93a9-d7ce6fdbd5c0,3570
98bed28a-9f39-4c8a-96b2-14843ab2aed2,3571
98c76d20-57a0-4277-98b3-567019c6123d,3572
9901ae32-7809-431d-b34d-608537f7c8da,3573
990dc220-f012-4fb8-8018-f8e7da7e8ff3,3574
991a9afa-97f1-44d4-a95b-7b86741e1c29,3575
9924aab0-f24b-402e-911b-cb08012cff03,3576
9926c2d2-c96c-412e-90dd-4fc8a464bbda,3577
9930cca7-7267-4696-8f23-dd4c61106961,3578
9932dab6-8dea-40ef-b70c-8f598efdc187,3579
99395080-d72c-4106-8440-1733695f5128,3580
994fd77d-3f81-4854-bd80-d846ba962119,3581
995283f0-ec6a-4dee-bfb9-6568e1bc9889,3582
9956da1d-fdd6-466a-8b30-abc4ef2dd02b,3583
996a52c7-8262-4962-b3c9-a4f964979599,3584
9996dde4-3deb-4cd1-b2a1-a254ea5b6c67,3585
999e204a-301b-4e7c-9203-055afb32673d,3586
99a2d368-35de-4e6e-8539-5df6dcdff516,3587
99a686a7-ce08-45ee-b8b1-4f827fba08dd,3588
99a6c2f1-cefb-4c4b-8ab8-0e669e6f1931,3589
99a89dd1-5196-4dd0-98f5-895ac11fc6d8,3590
99c348bb-b933-4954-99f2-91a41fd583cc,3591
99df97aa-892a-425c-b903-7c4d4b4ad95a,3592
99e02b75-9299-4374-a78b-6e81bab44520,3593
99ec7b06-68a2-4d4b-95cf-c997dab99c7e,3594
99f72a1d-53fc-4a55-b5f5-6b69c2f68cbe,3595
9a03d8a3-6125-4477-8d83-795c09c3682a,3596
9a045478-2209-4737-9109-ad6940156c61,3597
9a087176-5e56-45c8-9226-ff2b7eedecdc,3598
9a0eb1fa-fde2-4d05-b414-7f7ca4b05146,3599
9a0ed0c2-de28-4ede-886b-3e14ccd7dbce,3600
9a107df0-a427-4652-9790-9a2340f88d47,3601
9a17ed05-7442-46ce-8481-be362bad0697,3602
9a290eb7-db8f-47a7-93d1-9abbe1578434,3603
9a38496b-d00a-44e2-900d-ffef8025e41f,3604
9a3afa97-4673-4e8d-8868-8660dfcfd8e0,3605
9a3b9efb-0fda-4ed0-81ce-e546cddeb91f,3606
9a411335-de46-47b0-9a0e-c3cd22d63a71,3607
9a4b53c9-550c-4a17-bc17-8e691444ee42,3608
9a4d19f6-51f3-4498-9ad4-cf349d58bea0,3609
9a76fcb6-946b-4506-a733-e21a4ca484a8,3610
9a83f01e-0221-4126-8198-61e48b8025cc,3611
9a9a1a66-c17d-4b5b-bee4-305cb6200262,3612
9aa47468-3ef1-4a3b-bbdc-8d2dbfbd08ea,3613
9ac4d476-8bbd-4e5f-89f8-5a90cb99b4d1,3614
9ad32695-7e34-4936-b7fd-c8e9be40bce8,3615
9ad8c63d-49b8-4891-bc82-c172aaaad8b3,3616
9ad9687e-13ae-4bfe-8838-36b433c8ba18,3617
9ae0f3e8-cefa-4eb4-93dd-c4d88f71d87b,3618
9af28fcc-a5e9-4a4c-b2cb-9fe4fd6a2f38,3619
9af87e99-c8c3-4646-b512-f052b75c6412,3620
9b003ee4-58f4-440a-aab4-129ae9681648,3621
9b008151-358a-42c5-a922-d836e7f6e58c,3622
9b14b97d-efaa-4c77-b296-7ab70491bd4c,3623
9b199dae-59c8-4bf5-8f72-345de1494925,3624
9b39b5f3-cc8a-4bc7-8beb-8e8868f7da4e,3625
9b430b6f-ca8f-41c8-937e-3dba1231140e,3626
9b4564f3-2e7d-4eb1-a070-ff1cb53167cd,3627
9b4580a9-a663-45e3-b3a6-ca8011d030e6,3628
9b4e5b43-bc2a-4d24-9f11-a5ffd8e09a0d,3629
9b587167-8ee7-4a16-867d-f1dca2b3d0df,3630
9b6175d5-bf62-45bc-92c7-65ba4f044efb,3631
9b6433cb-57aa-402c-ba1a-734c6d94c3a9,3632
9b890a12-9bbf-4576-8b62-3e6c26957394,3633
9b9244c1-8676-4b6d-920d-16bbf9da2636,3634
9ba159c5-4b4e-4618-812f-038466a2964c,3635
9bae8358-4cd9-43e1-a13e-7b08d302012e,3636
9bb0f9e7-ecd2-4d6c-970c-9428333e41a2,3637
9bbca706-d1e3-4001-938b-036c1d47739a,3638
9bcc165b-1b49-4d21-8ef8-ea13425951fe,3639
9bf803c5-24ac-4d20-bddf-9645c8454bfd,3640
9c031644-0cb8-495c-aefb-b10737c5a31c,3641
9c0e2ed0-ae3b-4203-9044-f7e96d2f9742,3642
9c21bc43-d100-4510-97d8-76cf7ad7fdfa,3643
9c23db64-197a-43fc-a29d-ea0fdb2a5c54,3644
9c26e1b0-d45c-4dd6-a15b-a547ab84083b,3645
9c3b0336-87ae-40d9-8099-fd4f41242dbb,3646
9c4fa5b1-9767-483f-ade0-27cd019a5b8c,3647
9c63f51a-73b2-4132-8db3-7f110a5d9741,3648
9c6a98bb-c56c-42a8-bc20-b153b5f23993,3649
9c6b979c-e85c-47cd-98d2-3db2cb251943,3650
9c7fae7b-aee3-4da3-8701-42ca7c717dce,3651
9c885b19-e6fd-4ea6-929e-e6b6f2a5919c,3652
9c933d80-5b86-43dd-af42-ad4cb9c89d97,3653
9ca0343c-5a19-4f8a-b7a9-5dbf0baa70cd,3654
9cc7cfff-c471-445d-9630-783aef67b870,3655
9cc95ff8-d9f0-464d-9bc8-04edf7108fa5,3656
9cd115de-5563-41fd-ad1f-02564279dab0,3657
9ce006d4-ea95-4fba-ad78-0f4759bc5d3b,3658
9ce24b4d-3093-43d8-9ac4-93f321cc7e92,3659
9cecb12b-b446-499e-b2b6-931ba1db55df,3660
9cef2c47-fb3f-4ae6-a9cb-956d66947c04,3661
9cf883d8-d3e6-43eb-a065-1b998f306a9d,3662
9cf9d87c-6e58-49b8-807e-45cbc1b8b097,3663
9d0ad58d-b2ff-4395-99d7-99f5d0d5b5c3,3664
9d0ca6e6-c7a7-4bbc-b32a-76fdb7997687,3665
9d11594f-4212-4549-95cf-651caca8e310,3666
9d120af0-157f-43ca-ae57-31a17aac057f,3667
9d1243ef-c6cd-4943-86ab-42ab34195a19,3668
9d172a3a-18a0-43c8-b3c3-1de381bbe4cd,3669
9d1d1f35-9551-43cf-8f20-1b2872ce65af,3670
9d2cc795-329a-415e-8fc4-725ea2a920d4,3671
9d390d45-682e-4146-a0f4-79589cecff32,3672
9d49b6ad-cfe2-4612-9516-7ec893b8f28d,3673
9d49c536-ce22-47b7-9da6-e1fb9a14399f,3674
9d515ac5-76b5-4020-95db-d787c73abc39,3675
9d56061c-a11c-4f78-8529-5e372651cb02,3676
9d5a6716-32d7-4630-8ab2-e79b641851bf,3677
9d76e05e-5d3e-4fd9-8190-f408c1ac4482,3678
9d7ba646-d461-490b-9a47-b8ffe7250d19,3679
9d87f500-7970-4975-86bb-c08de43da028,3680
9d889d0e-6be2-43c5-8a3e-612ac248fe93,3681
9da0e0cf-3c42-431c-8525-a78a3d7893e4,3682
9da77f85-a105-4336-8e43-fed3e25b62a1,3683
9daa5336-34f1-4152-963f-0a6be5d35267,3684
9dafb45d-76de-4aed-a55b-f68dd9998bb5,3685
9db46ead-2d9a-435e-90c4-369dd6e6690e,3686
9dbe2cec-80c4-464e-a16c-23cf877105a0,3687
9dbe8bd5-96df-4d10-aaaf-86e57782e179,3688
9dc18c8b-735c-4d7b-bf7e-7a5ced1368ed,3689
9dcc26fd-c827-4186-a790-1157db429784,3690
9dd0b0fd-b222-413d-911c-77a8eb1fd34f,3691
9ddd10ca-ab37-4396-9806-ac364f1788d0,3692
9de52928-bf24-4843-a607-2ae167ff4b8a,3693
9df2803b-0ddf-4179-92e7-c3fe3d0359d0,3694
9df4419d-a640-4668-8a7a-63270f255ba2,3695
9df76326-b0f2-44e2-b1a7-7034a0ce81f2,3696
9e0f8419-5753-432b-bf70-ff390b77752e,3697
9e1215b4-63b2-414d-a1ca-56d2c56f1caf,3698
9e1bccab-350a-4d19-ab90-2d1ef924debd,3699
9e222462-73be-49a3-90e5-b322b7ce9a6a,3700
9e25cbbd-b625-4cf9-a3c5-9d397953e314,3701
9e33df6b-0b89-4e72-9bc7-ee3b871e4c16,3702
9e4f4167-df3b-418b-a198-7646000d7b38,3703
9e5de29d-8ad1-48ff-b6ae-6bc5ab313496,3704
9e7eb27f-bb9d-4ff2-a098-62468adbef4f,3705
9e7f708d-b8d4-43e4-8934-8bf12f00cc73,3706
9e8157f2-1311-4eac-bb86-67b8a49537d1,3707
9e8b2e70-666e-4ed7-80e7-28c58a58fd43,3708
9e9e0b28-26b3-4cf7-bd3b-31af58bda012,3709
9eafa960-6f3b-44db-bbc1-e2fadc646701,3710
9eb159e4-9acc-4d6c-aea4-1d113068aa66,3711
9eca7c4a-be10-4efa-a858-9c03cd83145f,3712
9ed1456c-49e7-4700-b8b0-a7aafb2eb4bd,3713
9ed2fee9-6ca9-4642-9ea7-9a9eb5f29858,3714
9ef393a1-cf65-4c3e-9c1b-dc9ddc4d596c,3715
9f01010f-e845-4cd5-8f9d-c3f9742ba6e3,3716
9f1dcd66-6c0a-4350-9f5a-2752fd623be1,3717
9f22cb6a-a5fc-4bbe-8f5d-e01bc9d6a1b8,3718
9f2a4a14-356f-4313-8492-25b3bf94d019,3719
9f2ac378-986d-43e4-8ed4-331f3a149546,3720
9f3fa7a8-319b-4dec-8bed-0c16473973b8,3721
9f40dee4-1634-475e-af3e-ff212bf8575d,3722
9f54f80a-32c3-4de3-a996-c725a17790d6,3723
9f725664-de9e-4ae2-bc3e-e4ede73429f6,3724
9f7cc0a4-103b-49d8-a5bb-db118bfba5a9,3725
9f940496-4d86-4e68-b1e3-a58783dceaee,3726
9f99707c-8f65-490c-a755-9f94ec1c5a42,3727
9faf1a31-3046-4c45-b33e-0bdf5b6a115f,3728
9fb8cf6c-08ba-426a-9cf4-d15265f590c1,3729
9fc0f687-36a6-4f02-8ef8-cbedde5aedaa,3730
9fc29e7a-ef14-42bf-b84b-15f9aedb4ec3,3731
9fc3a5df-848e-48d1-b675-944c3b15fe95,3732
9fc3d820-0717-426c-8aca-081636f75263,3733
9fc589b3-b187-42e7-93ea-b9b40a724438,3734
9fd003f8-9fb5-4bb3-acd3-4fc55697a4bb,3735
9fd0971b-8e94-4b1c-9d10-04d1e251c9f2,3736
9fe2a773-b473-4fba-a3f1-a914eabfc50f,3737
9fe391c8-4c37-4eb3-80ad-efcbd3634a5f,3738
a0045b9f-2436-4967-b472-bf043cf3e148,3739
a00bb41d-0901-4e4e-8935-686cecc788ef,3740
a00bbd64-aee4-478e-b63c-92d4fb1ef557,3741
a0103d7f-0ae7-44f9-a960-5606ea30eda6,3742
a02de2aa-61d8-49c2-9127-49d612569c31,3743
a0388b90-51e8-49c5-b165-b32fbcbf64b1,3744
a03ab0a4-c76b-4881-b588-0339cc68ffd0,3745
a04ee541-f868-4fcd-b0f0-b5d63167191e,3746
a05436ff-440f-4c6b-85c2-c1c9de9691b5,3747
a0545d3a-e41c-49a7-8dc8-f909aa339cb2,3748
a0554147-e5ef-46fc-8428-60d78d3a5791,3749
a0595153-f551-49a1-be49-6443484d460a,3750
a05dc826-5a2c-4fe1-b63f-94fd6c34eb73,3751
a05ee310-2d39-4681-ac3d-e1c55ffa5942,3752
a0605929-6baf-499c-b1f0-1fc4c6d6e05a,3753
a06b2129-5197-4426-9d7b-a4ea7a3e5123,3754
a06de3e4-6cd8-4a74-8ff5-3aa59e0533ce,3755
a07b8e77-404d-4015-b2ec-d591c441eb5d,3756
a082d4f2-1d67-4c3a-b956-de60e41c38aa,3757
a08ad357-5918-4a2a-a7db-9e65ed2955f3,3758
a091ba96-14a8-4b9c-ab1a-4d73c5711e85,3759
a09b8fd8-0941-4c2c-aa5e-9f85639e8594,3760
a09f2f11-5443-449d-a160-0aeb46e6871b,3761
a0a16558-f002-4fc2-87f3-6259dd3b8ee8,3762
a0ad3683-6942-43fa-8acb-80bcfb87a814,3763
a0b2d029-f509-448d-9d23-ac1e91014179,3764
a0bee735-2f53-4d22-8ad2-c8ee374967e0,3765
a0cb6aff-da3e-4c16-87e2-76bf3bbdcdd9,3766
a0ea7f25-5da9-4f94-a267-673cdac4e257,3767
a0f94c8e-c161-4a2d-8f33-86d515991956,3768
a1025bcf-03f1-4190-9e95-3ace8a116951,3769
a12304ea-0682-4b10-b72c-2f6f449dd30b,3770
a1232831-f4be-4e8b-85e5-890b2bac60ea,3771
a128911f-ad2d-4528-996c-91a8b343a01d,3772
a145c92f-7bef-4779-a349-4dad0f03850f,3773
a1523d64-e6bd-45e6-802f-36e7704aef23,3774
a1583018-0382-4145-9b8a-41d83bd83bdd,3775
a15da89c-d860-499d-9639-09d9ae22ed8e,3776
a162dd54-91c4-48d7-9d0c-40231cf05e4a,3777
a1795a7a-cb63-4f0b-ba8e-c9dcca04913b,3778
a17f5b85-a696-4a6a-aff1-c0a20e4409b0,3779
a192dd6a-d194-4bee-849c-6685c49ca20a,3780
a198f806-9efd-42ec-a29a-86cb7960a0b5,3781
a19b6424-fc96-455f-a086-cb7149b2dec6,3782
a19e6857-73c9-46f9-b720-aca15880c18a,3783
a19ed9ae-4b9b-4da4-95f4-7dbdf3aa2e3c,3784
a1a49fe0-6c26-4e21-9870-b02aab6482b7,3785
a1a5d392-81b8-4c0d-bd5c-d05d9523cc16,3786
a1b215dc-3e4c-4481-9bd5-a4ced40a4d68,3787
a1c180c0-b9fb-4905-8dcf-88fb41c03f64,3788
a1c52d26-d9e5-4d79-b98b-578a4e789750,3789
a1cdd4f5-bcc9-4846-b6dc-18025d216e5b,3790
a1dd0741-3f91-4338-a32f-5b9bf47ad706,3791
a1e22df3-ab05-4d6c-b052-8c1f3ec6f487,3792
a1f00b75-0876-4db3-90f7-957c9c8dca3a,3793
a1f9b694-aaf2-4ecd-b57e-14da18aa0e5e,3794
a20f0b36-8e63-45ca-88f3-9738ba909e7b,3795
a222dbb1-9fd3-49f6-8ff7-d95027f76ee1,3796
a229b339-2082-43f7-ab12-60bdac2686da,3797
a23017e1-d3f1-4035-a740-e1d164ae4607,3798
a23ad75f-47ab-4a7b-a871-91c85cf5dddc,3799
a23bdbd4-83b8-4895-a42f-2c89ee7d30e2,3800
a23c98d5-8711-4ee2-bf11-c37a7bb15328,3801
a23f4e6e-bbda-4661-81bc-1bc11284006c,3802
a24cfdb9-fd5f-4720-b262-4803441bf895,3803
a24d2a2e-8b2b-4d6c-b59f-9bfa7cb578bd,3804
a24eca98-1c34-48dd-9b10-0ace87b1863d,3805
a251946d-f576-41f3-8fc4-247b642426fa,3806
a256a06c-a623-4bc0-93f0-db6cbe72aa22,3807
a25b49cf-7267-46cc-8372-d687795e5590,3808
a25d8d89-ea46-482d-b54d-6d3f9a496d89,3809
a268306c-3aa5-4f1f-99d3-96f719213001,3810
a2726c8a-9056-422b-b3d8-c1b2873818d2,3811
a2795857-994c-4014-9aed-1a2a572fc60d,3812
a27cde21-7cd2-407f-b755-3ac03dce08d4,3813
a2a0e77f-1e7b-4655-9c93-624ae72f4bf2,3814
a2a4835f-b4b5-4bf6-bdab-27ad55a3875b,3815
a2a8b2e1-5cc7-4abf-94c5-a65fdadb7793,3816
a2addec3-a718-42ea-ab98-41d002d72ac0,3817
a2af9ad3-49c5-478a-8af8-1cc5f2cbb683,3818
a2b1c4c0-b822-4aca-9d8f-c1547b222a4d,3819
a2bb906b-2306-464e-9fb0-8e0536d3786f,3820
a2be5f59-7584-43c2-8dc0-59acb130e5bb,3821
a2c7e119-9402-40d6-a304-1d64f1f5c0cc,3822
a2cb55d0-a862-42cd-b7af-ea769e1bf297,3823
a2d6c7e5-8ebc-45bd-9665-b157381a37a9,3824
a2d7a8f7-614e-40a8-a17a-9d9c87feb82f,3825
a2e3d571-3ac4-44a5-a96d-0d926b240433,3826
a3113c27-239c-4931-bd02-8b3c7e273d5b,3827
a31990bb-3c24-4928-85b1-6ca2b56f1245,3828
a322c6d3-1999-4d41-a7c9-385b9840ad86,3829
a323a1de-6b02-4512-85f5-879410b06bc2,3830
a360eec3-cf87-487b-8e8f-92212f0d3179,3831
a38466f4-d1a4-4dcc-b115-6b190c61b316,3832
a38895c2-5c9d-4fea-8fb7-80d959162a85,3833
a388c83b-e5e0-4883-b5d0-c5031bc46d81,3834
a3a89d36-cc7b-45f8-8257-29c891fe4189,3835
a3c05ee8-c276-4e1f-99c3-8bd14de6020e,3836
a3c8bfd4-77b3-48eb-b94b-c8b2d8c42517,3837
a3c947f2-4c6b-4573-80c2-fff1d3cae79d,3838
a3cbfb9c-4cd0-4519-b88a-9f7e457dd882,3839
a3cd49ac-a6ea-463f-a544-770de85531c0,3840
a3d517ab-c9ce-46c0-97ac-3d07a304915e,3841
a3e215ce-de18-404e-80f5-ea82de48f861,3842
a3ecaeb7-b697-42c1-b504-defe4c4fa4de,3843
a3f94150-938d-41c7-aa5f-0299f1f74bbd,3844
a403b574-b798-452b-aab7-1596759f4d64,3845
a40e2539-fc1a-403d-9655-4c21ca397532,3846
a42b3920-ecc2-4003-844c-5163594bf13b,3847
a42e79bf-35eb-4476-b12e-3daded42f607,3848
a430bc48-51ef-4932-bbc2-de36db3dea68,3849
a43bf283-7527-4261-a517-5638fda47f05,3850
a445233c-e194-4688-8f80-eb6473f27a04,3851
a44c71f6-9ac6-4750-8f33-faa73b64fc45,3852
a45171b0-3999-4e20-84e8-c7db00543106,3853
a4743c7b-552a-498c-8fb7-c8349e630bc0,3854
a478f2aa-8eee-4c89-8824-54d1abe5590f,3855
a4919e64-6e54-4504-80fe-105cefde4d00,3856
a4941934-465a-41be-a287-4605d2cd5079,3857
a49bce54-244f-44e5-a1ba-53bd1f4e3a88,3858
a4a9b1ca-6360-4d7c-b1ff-1af5acfcd385,3859
a4b708cb-7f3f-4c90-bbb1-2743af3a783f,3860
a4c7521c-6210-413f-870b-4df52390027b,3861
a4c77a43-e87a-4be8-a4eb-84c783f48539,3862
a4d6fe13-fc92-49ef-87c9-71f2a9b23ebe,3863
a4dd504b-74fe-45d8-bfbd-30ae4ed91011,3864
a4eb5ab3-2582-4907-ab15-efa0bb1a591c,3865
a508ebd5-eaa7-48af-8ca0-53a6f030cb77,3866
a523d69b-0369-4291-835b-03c9c4708c83,3867
a524056d-ccc3-4858-b30c-38803c6626e3,3868
a5346ab2-a71a-471e-9163-f0a86b4e2e90,3869
a5550fad-0eac-4fb7-97c1-bd28054551da,3870
a557d401-bb51-4947-9e44-ac8585016d06,3871
a559e799-b819-45ed-825a-828d0bc65839,3872
a564dcf7-4249-434e-986d-d11e68ca8a12,3873
a5689012-c110-4e70-b2c8-b0ed0f1df337,3874
a568b630-4a5b-417c-a018-4ba55f8d15c1,3875
a57077ae-763b-4087-a27f-592f509d6b7e,3876
a5862d0d-c5e1-4b06-b98a-eee32e41798c,3877
a58f01aa-9713-4d98-9369-02f029f59a17,3878
a5916400-efb4-4eaa-8eae-0e2c625c6351,3879
a5969696-8c5a-4cc4-8469-18755876bfd5,3880
a598e7ea-e105-4666-a377-917b668a197b,3881
a5a4f0a3-77a1-43a0-818b-6c79b14c61e6,3882
a5ae7192-d62d-4e78-9547-a37c5a71a520,3883
a5db2cd4-014b-48f0-9d0b-b4bbd4687cc7,3884
a5dbc6a4-433f-46cf-a2f6-9f8d1d18a7cb,3885
a5f70ade-a487-4296-9c8d-4eeab830a5e9,3886
a619733a-a85c-4bc3-96d3-f5a46708075c,3887
a65ec86d-dc83-40f9-b1ec-12f6b4d730e3,3888
a672775f-6b64-4d62-9d3e-b31c7627df72,3889
a680f432-b596-4220-8aaf-0f5ecbf6c94d,3890
a6902b6f-335f-4805-8dd1-a7f11e6b0dc9,3891
a69a72e2-b766-40ea-82d9-a1dbe22ab460,3892
a6be84d4-d3a1-4ba9-be0b-6767d9243c78,3893
a6d13549-6908-4561-94a4-57ec85affbda,3894
a6d32fcc-ff94-442c-ad2a-63571046a373,3895
a6e1fa78-be3b-43b9-97c1-b70028a2088e,3896
a6e6f4f9-7d90-4092-8f35-c56629dd49b0,3897
a6ef4eb7-379d-4658-aa6b-46d108830f50,3898
a6f5e83b-4126-4626-9f82-2b6cc7fea6ff,3899
a72116fc-b8ae-4b9d-9c42-9db8245189e4,3900
a722b4d4-18a8-4c98-8a9c-977c20a50b0a,3901
a727bb0c-fd38-4a75-983a-5d5b6e0e0116,3902
a74cd40c-a7a6-471c-92a9-d631d20d3588,3903
a767061d-9a29-49fb-b568-8f7558c05f87,3904
a7706dfc-9374-45d6-9099-8d5a6f8c012d,3905
a7718906-05ed-4178-8d45-a2beddb54474,3906
a77943bb-0c0a-4716-9ad9-a3623e54c75f,3907
a7868b17-34dc-4db5-aeef-ff75ba34bb87,3908
a787b61e-a1a8-4543-8828-e82ad9e95081,3909
a78d10d4-ed77-436b-9cb6-baa6958e151c,3910
a7b142d7-38a2-4396-86ac-c9d9d0d33d1b,3911
a7b27b4e-c920-4058-9e93-f0e7be147101,3912
a7b8e147-e3fe-43f0-a204-4090090a977a,3913
a7d21772-56c8-4087-9df1-f00ad2731389,3914
a7d57ba1-c990-49e8-a113-aeba4a67a924,3915
a7de6a29-e2de-4088-92a3-f038cc63bbce,3916
a7dfffc6-effa-4e96-aca7-9e20222540c5,3917
a7e65500-e381-4ded-ac54-45fca0789f57,3918
a7eb4438-ddca-46a1-863b-fef60bebcd69,3919
a7eb66db-f179-478c-a21a-f274d781a5e0,3920
a7fe0440-315d-42ec-8b0a-f795a503762a,3921
a7ffe033-40f2-40ce-9141-00b3e5a2999d,3922
a811d23e-a515-4129-a6b7-69d71bd7868a,3923
a81533c8-9ebb-4054-9260-e33e55430efb,3924
a85a023e-fb13-4735-9c52-713cd1b4ba2b,3925
a85ae7e8-e4b5-4767-8d8c-78a760220f07,3926
a85bd21b-73eb-4aae-aa18-f48078a17924,3927
a868c447-6728-48db-8dec-1c64484b50a0,3928
a86e4702-dfa2-4e27-8370-a49f7f4d507e,3929
a8829637-07c6-4720-b9c4-b9454893db75,3930
a8921dcb-5c65-4029-bf36-6b255f829890,3931
a8b2a7d1-8294-4c85-a8fe-b8e0148dc91e,3932
a8b70d1c-8ce9-4faf-873a-d187baaecec9,3933
a8b95f5e-c225-42de-9c0d-5097d6c45441,3934
a8c1b449-82e7-4099-a517-21ff9fc57e14,3935
a8c406e5-7ae0-4196-acc9-041e05d992ea,3936
a8e487d4-4b26-41cb-a97b-ffaa60ec553b,3937
a8eacdf7-973e-4b28-a29d-61b295ba2329,3938
a8f3eebf-db84-4807-a97e-5c9c95c1f9b6,3939
a9055624-4530-4143-989a-2edcc1182804,3940
a9283338-4886-4e3d-994d-c74f8dbaa8a3,3941
a9356fb5-7464-46fd-91a5-a7ae2e41e0c5,3942
a958d79f-fed0-4e38-9de6-f15ed67629d6,3943
a959968e-0e8f-454f-b8c9-324249e44409,3944
a968ae9b-09d4-4efd-a77d-5e9026f96f69,3945
a96d1619-ac19-4aef-8a97-5de75448168c,3946
a97dacd1-49f3-4802-9c12-bda226ae4775,3947
a9868aba-593a-43cd-b327-ca4fdba4e8ee,3948
a9952ccf-5f71-4efb-853b-1c937064629c,3949
a9a1cb7c-0eff-44ff-ac1e-febf9047bcce,3950
a9b48ef4-e22e-48d9-bcbd-a36203783596,3951
a9b65c07-e4ee-4272-98b2-aa00da5153a1,3952
a9bab925-944a-430c-a792-b354c26834f3,3953
a9bf2e31-70b3-44ce-b54b-d22729e4e749,3954
a9c0c792-319c-4442-b5d3-6ebf32d3649d,3955
a9e65b87-e988-422a-97db-5036db53568a,3956
a9f10254-a8a4-482b-aa45-0f4a5a2a8108,3957
aa025576-99bf-41ff-a0c4-f78aa38e97db,3958
aa10ef22-8716-4723-b730-c255373dc768,3959
aa189149-1a10-4881-9c1f-b65577e2c1b9,3960
aa324627-f6e6-43fe-864c-aa616fbca1ce,3961
aa3955a9-a4d0-4d08-945c-c7c15daa0b6c,3962
aa39b8f4-9559-4271-85ff-9dac93042f18,3963
aa40f2f5-fd09-41ac-9324-e3339a6b3c5d,3964
aa49b98d-0c76-4118-ad4a-bb5b4a43d981,3965
aa53004b-f5e7-4bfd-902c-5f161adb31bd,3966
aa54159f-4440-4927-9dac-483e74c9049d,3967
aa5c16ca-10a0-4446-b93d-610650a1baeb,3968
aa64d708-831a-495b-a494-04aa8b01d8b0,3969
aa6ca100-0504-44f4-8a92-0913eed1ddae,3970
aa73cc48-853b-4905-942d-fdca550d581b,3971
aa7dede7-07c4-45f9-8f2c-51f144eb85a3,3972
aa808813-a352-4d5a-9e50-9bbceae8d98a,3973
aa878363-20f5-4d42-b133-06d16e5f37bf,3974
aa9073d9-8307-4d93-a889-6643e44786bb,3975
aaa0dab5-f624-40df-8f69-06f2c4cd0230,3976
aabf1eb4-0838-4aa7-8585-8a03be1ac8c8,3977
aabf7532-0416-465d-b1b0-24357576b4be,3978
aacb0f22-4d09-486a-aeee-63d784e5a2a0,3979
aad72194-17d3-4f26-b07d-81e07c2444f2,3980
aadc297c-91ca-41f2-bdf7-caac185cf13e,3981
aae1a22d-ff57-48ee-b613-5167d48f0c2e,3982
aae2a936-e6de-4260-be82-ea75508b4cfb,3983
ab11e679-48c7-4b1a-a3e2-d445b3c2af95,3984
ab11f0e9-741f-4e77-afd1-e0ec32b45778,3985
ab13b7c1-aee6-4a42-8e8d-b917d65d49ce,3986
ab1417bb-3dc6-46aa-a1b8-aaaf864c70cd,3987
ab272f1a-7595-4e78-b293-b36619cdb9f3,3988
ab2b3ad7-edca-4228-92ad-9a4701bb4284,3989
ab2f8ec3-e85f-4352-ac27-688f27724497,3990
ab361d82-6fe2-4e11-90ff-c43024bbb7cb,3991
ab3f5771-86b7-459c-a2c1-23fb83118847,3992
ab4a687f-9b8c-4a50-9035-cc26d8d7e2c8,3993
ab5d456c-4d6e-4429-ace0-51ff5dd8a33a,3994
ab767c0d-6193-4bce-9f8a-2eb858a86a8d,3995
ab797b32-7e44-4719-bc44-1557fb1ac1f5,3996
ab879a96-d2a0-4dd5-b9a9-ee2169481145,3997
ab891515-31ba-4403-bd14-8f61f9e6d4ae,3998
abb1f6c6-85a2-40ed-a776-d7a964ad6124,3999
abb8a12f-6d62-442a-804a-acae68bd824c,4000
abe83c63-e0fc-49f4-8945-2f5956465709,4001
abeb83ab-6fd5-42d9-b681-dd6004597f56,4002
abebcff3-361c-4575-919c-3317410035f1,4003
abfedcf3-dac8-4ac2-bd89-5137356d5a85,4004
ac040d7f-afae-4ec0-9891-00841054e4bc,4005
ac181cf0-d8c7-4420-a4ec-c1ce129f53c2,4006
ac1858e1-dbfd-48f8-a1a3-ccc6d470d4bf,4007
ac2cb1d1-f0ee-47d0-8c1c-b6793400c2aa,4008
ac4199a4-e02d-438d-8800-9369f8896973,4009
ac5736ca-507f-432e-897a-c59d91d6af03,4010
ac5d55c3-79e9-493c-8dfd-78d10e0e2087,4011
ac64bbc5-e991-4a5d-a972-a811e1b1c054,4012
ac6a4e2c-8c1e-46d1-80ff-25e78eb6adaa,4013
ac6e029d-62ec-4f38-b487-cfc9db92911f,4014
ac7994df-9413-448a-97c6-62f473330a65,4015
ac8c2f93-8b72-4150-9562-5a4d59a2982a,4016
acb77876-9d11-4461-a273-2b0a8e3c33a8,4017
acc41fea-1b2a-4c4c-b651-116a46486397,4018
accb63c8-6723-4fab-a074-6c4600e594d4,4019
accdcfbc-270a-4078-9885-af1acfeeffd9,4020
acd1e686-5cc8-4000-8010-6fe71dd63add,4021
ace2d6f1-0143-4b83-9bf0-d01e254c831a,4022
ace56c16-fdf7-4e5f-a8c7-56b019ed264c,4023
ace71cc8-9dc6-40b1-8130-6f4363ef59ce,4024
acee9999-ab9c-4f72-bb1a-3f664c14b259,4025
acf15481-1291-432c-ad76-be114b005a06,4026
acf7c6e6-1581-4f32-80ee-9661c2abb920,4027
ad025745-8eff-4d1b-b86b-99ecbcb24d85,4028
ad084f49-d1ce-4a23-b937-71210c66fbfd,4029
ad2f5704-18cb-4cc8-a779-d3076ce598b7,4030
ad34b6cf-e821-4531-830a-d7f562cbe4a8,4031
ad352d6b-a63e-459e-ba57-7e059925dbc5,4032
ad38c015-d98c-4e34-84bd-f653afd70418,4033
ad4da41d-687b-45e5-b890-e05a28afeb3a,4034
ad59a650-28af-4602-a077-5084d1d2aaa7,4035
ad6a6499-d486-44cf-a2c9-2ebdba7761c5,4036
ad782558-41cd-4bc2-a856-0b19e8cb040d,4037
ad7d1654-daab-4e33-911f-4b0662adc70d,4038
ad8287c2-4b4d-4fb5-9a55-1a526a314231,4039
ad8a02a8-985e-448e-8292-0dec55d342b1,4040
ad9601f4-118c-4d3b-88f7-4f2d6e1f007a,4041
ad964565-579c-4d34-9339-94d269a48115,4042
ada2aa49-bb1a-43d7-b288-0f0cfd55cb3e,4043
ada693ba-ae68-49b4-9b81-872b087852e7,4044
ada69ad8-9fa2-4963-b8b3-98914ce42755,4045
adba8ead-615e-4de0-bfd9-984b3d4fe9c4,4046
adbc6f97-c49e-43f9-9471-7a3c614a1f05,4047
adc9e7aa-e733-4ef4-b3e3-b8c0d3dc9398,4048
adcc8b90-3e80-4e92-816e-bcdb775e3206,4049
add99ec4-b71e-4fc4-bbf1-ee750b939a6f,4050
aded9adc-dd6d-40ea-bcd8-b19efef2d5e3,4051
adeec8de-99de-43a4-a2f3-30371fad54fb,4052
adf54020-d654-42ac-9748-39b8a6931091,4053
ae0b972f-00bc-4cbb-99c5-ea3ce26ca8d7,4054
ae0f6a6e-1978-45c3-9884-cd995b65588a,4055
ae213731-8791-4990-bff5-dfee776cdbe3,4056
ae267767-a61e-471d-82cb-c56ea41214fa,4057
ae2cfe5c-6fd7-44d0-b5c8-0ae7ef15ba72,4058
ae3750c9-5662-450f-8783-6196471e962b,4059
ae410c13-bbde-4684-b635-23d640074d04,4060
ae46db46-caa8-4300-8b65-171296e3a4bc,4061
ae4c9a54-9708-4688-a4b0-74940ae9883c,4062
ae50e92f-992f-4936-b372-247332cc8b40,4063
ae61a4e4-ebdc-4538-84c5-e8374fa067f6,4064
ae67d9d0-79d3-465c-b39d-4e563371f932,4065
ae72c226-1737-4a67-94f5-025ec58e56a2,4066
ae733de2-d860-4942-ab0d-98c2f123445c,4067
ae7c43a9-7499-427f-98b8-fa8cd852bb15,4068
ae8b81dc-a393-4791-a918-3d8eb833c850,4069
ae9222ee-609e-47d6-863e-80c35a74f4a0,4070
ae9a26a7-8dab-4882-ad7e-c2505342c233,4071
aea28236-e4e8-4167-a8d9-a84992c5f6d9,4072
aebffd2c-db1b-41bd-96d6-d130dd418a09,4073
aec91334-07f0-48c5-8bdf-e1397bcb7cf5,4074
aedc1aeb-a981-4119-968a-e44271850a2e,4075
aeeb8235-711e-4998-9b40-342f74b296bd,4076
aef1c8db-1370-4594-802d-acbbf4424e10,4077
aefac828-6059-4693-b714-e22ca0ae093c,4078
aefea183-ec93-4604-8bf5-50c117d7fc46,4079
af0826ad-6cb4-45ba-93b2-25477ffdf299,4080
af17a435-588d-4d55-bb43-7eb86c5a6e4b,4081
af1a9045-f8c9-4a6c-9b3c-6dad797352c2,4082
af1b854c-3e24-4316-a736-66af03677306,4083
af33a90d-fbea-4794-a113-3532321dad1b,4084
af352a55-e0f8-46db-9509-f8beb63263f8,4085
af35576c-bbab-496f-983f-54fc3b3ff976,4086
af4a83d2-e66d-409a-a078-70b32fba35e1,4087
af5096f6-5ddc-43db-9be3-63092155a43e,4088
af5398d4-1bb3-41ae-89bb-9a4991e9570e,4089
af56cbc8-622f-4e90-9262-fa8f647361e9,4090
af5c30f8-93d9-4466-974a-4b943919ca08,4091
af60f071-b645-4139-853e-5dc375f8be9d,4092
af62226c-984d-4323-8686-b2f72fd1d698,4093
af6c36a0-0969-4902-9226-80b809b1adf1,4094
af72bbb9-1510-4594-b985-8a3e274a2ed1,4095
af762d66-980b-4739-bfca-f01562522d89,4096
af796b2b-beaa-4460-9e7f-6f8f624e2072,4097
af839c3c-c691-4ac1-bb7a-0673332e65d7,4098
af8f11ab-cee3-4571-9fc4-8de554ff21d7,4099
af923b32-c6b1-4625-a862-90e45df0973e,4100
af9f55eb-ee73-432b-959f-baf6008a5b70,4101
afa1c372-8c17-4bf5-b7e0-394a2e0bfc5f,4102
afae1f2e-ca95-4827-ab45-42e5a3f4550d,4103
afbce0e5-9e2f-4cce-98d9-1caaaa8b4ece,4104
afc9bddf-d549-437d-b797-371e896bed6b,4105
afdd3953-d520-485b-b185-5da3bfb9b160,4106
afedd1ca-3f13-439b-9668-ab61ee6f4419,4107
aff7fe5a-4097-4989-a930-8c3e942ee5b5,4108
affc2841-0840-4dd3-b081-b12fbb183ccb,4109
b0028af7-8f0e-43b9-bb8f-fc1c40075ac0,4110
b00688a4-fb21-49c8-a9d5-4e13869d765c,4111
b017f79a-23c3-4fb8-aa51-4ef9361dbe8d,4112
b018780c-d8e0-48c2-9704-a33c0ccdcd3b,4113
b0268cfd-2c73-45ff-b2a3-59402b34d3c2,4114
b02f2452-033b-42e7-bbc7-52a05ef3f2dd,4115
b0493375-349e-4d8a-89de-a8e0dcaa2aef,4116
b04e8ed7-14aa-4e12-8c1c-90f0c8462a08,4117
b060bca4-0a44-4cb6-a93c-9f20c14706d2,4118
b0675892-6a19-457f-9eb5-240668fafcf3,4119
b0743994-499a-427a-a41e-b5e0ae86a764,4120
b07681d0-bdf2-42a6-ad94-989068ea34bf,4121
b079e773-20b0-4343-96ff-b6752c23ced6,4122
b07f3d76-db8a-4dbf-8b06-968b7a2f6e0f,4123
b0877a1e-c849-4e38-b227-95d117f427b6,4124
b08e0b87-117d-4dc0-8dbe-c5badb855a7d,4125
b09bd261-2704-49d1-942e-48500b6751d7,4126
b0b840e6-14be-484c-a70d-3abf5fa51fb2,4127
b0b8fc73-a5f3-4b12-9c93-82ad0f98f8bc,4128
b0bf3bd6-eb5b-441b-b09c-edf5c04a0561,4129
b0d08003-9887-473c-a357-83064fdf5c42,4130
b0e8a1d4-2229-40c2-ab06-2a7630ff0e7e,4131
b0f334d5-c806-43f1-9e64-8668349958f4,4132
b0fa7ddf-7b23-46a9-90cb-c32fd83f973d,4133
b0fab443-f464-4bdc-a90d-426746e557a0,4134
b0fdb98b-d7f9-4b30-94d9-2df2a10f24cb,4135
b10dc62b-81fa-481d-8e74-01312e64d548,4136
b11d4b61-1c0a-455c-965f-7ad94002142d,4137
b120932c-9f64-4e61-abdf-cde085ca4c5e,4138
b123003a-7929-40d9-a5ea-c63163d0b308,4139
b12c1b67-456c-4293-af08-85b8d643ce7d,4140
b13e996b-07a9-4455-a37e-90c2ab799f87,4141
b16bcaa2-447c-4119-b423-08cb87bef7d5,4142
b181736a-6218-47c6-8c16-175f0e463cd5,4143
b18e3d9b-8b61-4210-a4ff-f6e523c5aae2,4144
b19b4070-a7c8-4182-8749-548c2aab19f3,4145
b1a750dc-3017-4316-a0d7-3b121a275b84,4146
b1a811b0-0045-4088-8968-f0adceaa300e,4147
b1ace349-1e5a-41fb-8aca-7b8a5fcd9645,4148
b1bbc9e4-4b83-46e4-a7bb-d2edbb71f7b0,4149
b1c0589c-9af8-4058-b166-577a2c77c489,4150
b1d0ca9e-469b-4ff5-9ba0-c450c35b14f1,4151
b1f5e2ec-5a8e-4b57-87b9-a7f568d0bd30,4152
b20706ca-f6dd-4c8c-b373-18397e3a0222,4153
b221fc4d-0260-4db8-a651-9edeb14fbfbc,4154
b23135d3-befb-409d-8389-1fdb149f62a7,4155
b23f5934-e949-4704-8ec4-90fb4430eff4,4156
b2479bb3-a1fa-4f76-be3b-a84a30d416ed,4157
b24ddbe6-600b-4113-9c78-99a21ab0d6f3,4158
b26c27de-092b-459b-90c8-19ba5a61ce3b,4159
b27776ff-c98a-4d80-ad8d-4859f759fb26,4160
b27b7b61-9dda-4179-acf0-f71423afd091,4161
b27d037b-9523-459b-8c0c-e337c9ca0b6f,4162
b2be242c-ceb1-42a1-8762-4653910c21ee,4163
b2c0c3bf-7b70-4921-a779-54b6fd745ed4,4164
b2c3db91-b272-4023-ba19-1d7a07b81137,4165
b2cb7d7e-0f4b-44fd-a11b-868348cf7f1c,4166
b2ec3460-2468-4d39-8efe-b4786dc40f46,4167
b3006a68-134a-4ee2-9d24-7532b655b03b,4168
b3060ccc-fddb-42dd-a3b2-f05826921828,4169
b31080c6-ca15-49a3-9bc4-97baa2632fa4,4170
b314f66b-a61b-4b58-90db-2c705ce376d7,4171
b31b4130-0c31-4813-adec-23055e1d33f4,4172
b332e47f-0802-40a7-8728-acf9b0447385,4173
b3498441-6047-4a5b-860a-0986d4937e0e,4174
b34e9d66-a1d6-4e4f-90e3-886edb20641b,4175
b3510caa-909b-48aa-a50d-48800283c841,4176
b36307c6-9be2-40fb-a2c2-f25262d9f72e,4177
b3747311-1737-4dad-afe5-dcd11281add7,4178
b385205c-0e77-4d35-83bb-4f1dfcd60476,4179
b38b0865-71bb-4877-9b68-2adda44c5056,4180
b398ece2-f290-498d-8545-4c93ca826024,4181
b3b82e46-3c22-46d1-9dd8-c3fd38a325d5,4182
b3c94e6f-cd74-4a1f-9145-aae40eed6b3e,4183
b3d48a66-aa29-4401-b778-2fda0edae350,4184
b3e470c2-7141-4a86-b9d4-9caa21ca20f2,4185
b3f147be-d44d-4692-90d6-6d1c1ff9589d,4186
b3f48b5a-0bb7-447b-9c2d-e952c95d7f20,4187
b407f8cc-8de2-49be-a8a8-1100d3f288e9,4188
b40a127d-fb0b-42e2-86c9-b2a5341b54e7,4189
b40ba3c2-f13f-42d4-85c7-d1ec3463b8ca,4190
b41ddf7d-c6ef-48c6-8397-7706b5dae05f,4191
b41e3755-8bff-4c4d-8ebc-d37bc9f0d6b9,4192
b424e9fd-402c-4204-a271-5846cca22a31,4193
b424f071-80a4-4484-a40a-013b01b25861,4194
b44ccd90-b741-40a9-a1f2-bb5bbef0d7fc,4195
b4594f2e-3dd2-459d-b80a-def632f9bc23,4196
b46c4149-5485-428e-9182-edc053e73649,4197
b470bae8-b8e6-458a-aa6e-528a8d8d5013,4198
b4765031-84be-48e7-9a66-1fd33895c669,4199
b481a0d8-43d3-4659-bd9b-8d659902c764,4200
b48c4b98-09dd-4283-afa5-2500378a2092,4201
b49e45bd-7999-49a7-8d82-8ddb7547c3f2,4202
b4aaf794-2d4f-4712-be3d-5c1b0cc102c9,4203
b4abb406-3cb5-4bf4-98bf-16b717b08de7,4204
b4acb6c5-66b9-4d6f-aec4-1db43de5ebc7,4205
b4b18b7c-137c-4325-ba1b-6eed0b735104,4206
b4b3871c-edb4-4296-a853-368dc2716879,4207
b4ba4473-f771-4c86-8ec3-1012faeb6842,4208
b4c7b49f-7220-4e7b-984c-c16e46d41348,4209
b4f396fc-e010-4418-8422-cc8f45ba188f,4210
b4f539f4-04d1-49ef-a676-48cac9b211b8,4211
b4fc5d91-d500-4e64-a80a-25ba3a9299fc,4212
b504c1bb-4d21-4ed1-bbb4-47ce58e80680,4213
b50d5d69-fcd3-44f8-b139-bc76301c5047,4214
b50f2474-1e14-4351-b228-c577c8dd36d3,4215
b51433ef-fec9-4e6d-b59d-4d50a44a25bf,4216
b5456c6e-2068-44ed-a947-25ecd9373d43,4217
b55b779a-3ed7-4912-89b2-4d0ae993ea02,4218
b55e308a-14ef-49a5-b30b-3d711f26fa59,4219
b5648193-d52e-4993-9c4a-a994283e6d4b,4220
b5776bf5-72f6-4aff-b41e-09405177fecc,4221
b58c55b3-6da1-4749-97aa-34369d543047,4222
b5a649c7-bc35-43e2-9ff2-6e0b559db013,4223
b5a9d698-f8e2-40fe-849f-6e1d4a370750,4224
b5aad404-2fea-48a2-a53e-116ffb923ef4,4225
b5ae4cce-3c69-441c-bead-fee4e4c08c44,4226
b5ae94ef-12e1-453f-9987-60a72a129202,4227
b5b81008-434a-47da-9eea-da7da8c0f42d,4228
b5b92255-d694-4e0a-9d89-6389046855d7,4229
b5be6d4a-964b-48a6-8cc3-89b3053b8d70,4230
b5c580a4-f3e7-4f74-8085-8a85142fb16c,4231
b5c943a2-b644-4582-9d1f-77b62b9ddd01,4232
b5e171c9-a940-4e7e-9bad-10e768911733,4233
b5f6a169-ceed-4524-b1b5-922f4c48802b,4234
b6140078-0e23-45d8-84be-cff415ac53cb,4235
b61441ac-f092-4085-9d9d-81a3fba20566,4236
b62059aa-6dea-4cbb-a306-e74c441a39ee,4237
b62ad9a6-cb8d-4b90-a542-034f40df875b,4238
b64715e3-4fb4-4a8d-a23a-8aac3ddf1d12,4239
b648ae32-f742-42c2-842e-6be0f306becc,4240
b671aec5-18b8-4117-b519-45d1b7bc8a3d,4241
b67e3d16-8af1-4394-bfa8-3fcdfff63672,4242
b681f31b-ee9d-4152-bdb2-48263358a607,4243
b694d221-fd8c-4013-b3a4-c4f0542daa2f,4244
b698c2b7-6948-4204-8ea4-3c7e5c8a077f,4245
b6990c39-2545-46c6-be26-8e8b17dcbf67,4246
b69928ff-407e-4436-82d9-b250f2a5c213,4247
b699786a-2472-45c5-a36a-9bfe24d30222,4248
b6a86f5f-1197-42fd-8fcd-552196a154cb,4249
b6a9dd98-8ffa-4fe0-b6cd-e3b0052183ed,4250
b6b42d0f-55a9-4df3-91df-72c608a69e1a,4251
b6b8b5cb-f57c-47cd-87a1-198359b57c46,4252
b6bb70c6-f9ef-4acd-8948-c2078addc190,4253
b6c72f96-ea50-4b89-906c-2af3b5354872,4254
b6cb77d1-2053-44f3-81a6-fd30ab705334,4255
b6d1ebe9-2c8b-4c2f-9f0a-fd2c3cab0bb0,4256
b6e87219-7b04-4065-b56b-a66f341acc90,4257
b6fab30f-d0b5-4ee8-bdd6-a5bfcd53415a,4258
b6fae256-26f6-4f5a-b0c9-63c6f656294b,4259
b6fcca34-abca-4a42-8d71-7ee8d7c278b9,4260
b7066ead-17c0-4c8f-add9-1bd4420c6179,4261
b712dc91-8d5f-4d81-8fdd-5b5402102b64,4262
b725a99b-2cfb-4192-a176-45504680e0ce,4263
b72a90dc-14da-41d9-a88b-abc4bd7933e9,4264
b736573f-d098-4a46-b52a-f3285aa9412d,4265
b74414f7-3f45-4076-bf2f-1e98639c4cd1,4266
b7586ebd-f9ac-45a1-b1a6-2a7e444a7b20,4267
b78ae137-8792-4e97-a0fd-b0422859f007,4268
b7939af4-45c9-4cfc-8abd-aba5785ec0ec,4269
b7987248-838e-459e-90ad-b512c58c7a69,4270
b7b7cb3a-3154-477a-a56b-46d20e3ed2b8,4271
b7cbca15-2781-4460-94df-1c4a0ab20bbe,4272
b7da4d53-0b1a-4f56-94ec-3f0eab8aebf3,4273
b7e8989c-389a-4326-8ea4-f6b86c68dffd,4274
b8092c3a-66fd-43a2-b21a-31435a3eeedb,4275
b80a13f3-dcee-40e5-98e3-eb4ccb3795c0,4276
b816329d-0415-4822-9074-985434d48174,4277
b825b0dd-5397-4de3-b8ad-5142b8189239,4278
b8274679-6ff4-40ce-8e83-34de4db53344,4279
b833a95e-5588-4f82-a5f7-3f5f84ebe54c,4280
b83b525a-069d-4c7a-935e-eda896f468d9,4281
b83b950d-d40c-42a7-9b50-ad12727d9059,4282
b845fbad-6df0-4c79-bb85-b8094ba91e34,4283
b856f908-13e7-49a8-8c74-fc55729ca970,4284
b8696a8c-577f-4200-9d14-e0ca3cd33bf2,4285
b86cd370-5d74-467c-a443-01123e794427,4286
b87aae3e-4133-4564-87ea-2f8e230849be,4287
b87b1bce-5a3b-4cf9-98d5-008acdbf9252,4288
b8829d86-8be4-4918-85f1-ed71897a0f49,4289
b88fad28-e28c-47ba-95de-4082ee1d4c9c,4290
b89048cc-4ab1-414b-911e-e780d7ed2b3c,4291
b895bce1-e79c-4b2b-a185-4cff09eed373,4292
b8c2a8a8-8575-44a1-9215-d6ed582eae45,4293
b8c6210a-088d-4314-91cd-87c086204977,4294
b8cf06eb-9d38-4925-8ccf-1bc34fc1e2ca,4295
b8dbb8b3-127a-40b6-a0ce-e649110c0dce,4296
b8dc0523-a74e-4223-a81c-e43618998b2a,4297
b8e42843-8398-4dca-af5b-affa078cff3c,4298
b8e64941-0201-4733-b2a1-d99d68cbb626,4299
b8e8ee73-2988-4a28-9756-09860a1a7025,4300
b8f5e215-c240-41f3-8a92-e5f3f8cb67fd,4301
b9088f60-0abd-43ab-8029-359370498bce,4302
b912cd59-f7cb-4580-85da-4951321e866f,4303
b918d3a4-47b9-4d24-b961-6e0d17026b50,4304
b921548e-2ad6-48ac-ad16-81a16c82548d,4305
b921af45-850b-44b7-8a13-68e9419a2ffc,4306
b946238e-7add-4df4-91b8-8b935e431042,4307
b9544ebf-c12e-490f-9200-cfe71e848975,4308
b95dcc32-285a-49ac-bc20-e876878c9cc7,4309
b96e42fb-d31e-44e3-ad4d-55aea2e46f0f,4310
b990a776-fc9b-44ee-98e3-0fa78d711e13,4311
b9936c61-8d71-46d2-a156-c2cbc3435d12,4312
b99e0f3d-0494-45d4-ac01-ab2447eeb23c,4313
b9b586c1-28a9-4a35-948a-aea5886c5d96,4314
b9b71aae-5b79-43ec-ab5f-a3e0ee267e46,4315
b9c4570f-0083-4e67-961c-685030f7b307,4316
b9cddf5d-9eed-4a19-85eb-e49688a3f660,4317
b9d05584-4cf4-4138-b98f-818152fd0832,4318
b9fdceca-efc1-47c3-b933-0d3fb3eff83a,4319
ba034db2-151b-4b2a-84df-70d7394be86f,4320
ba063cc0-8d60-4397-a6d6-6b71e8934e13,4321
ba0aebd9-f999-44da-aeff-22992f456274,4322
ba186a74-4bab-4185-8784-80f3cda21fe9,4323
ba33888f-cfe2-4430-89aa-ba9fc128f46f,4324
ba35e1d8-cb4d-46a0-9e51-155c0db8c083,4325
ba3cf2a7-d211-460e-b333-f3b50bccc792,4326
ba3e6e8a-a2dd-416e-bb23-2eb6bc75d224,4327
ba451431-4f1c-4f40-863a-ee8c930024cd,4328
ba45fff2-8033-4db4-9add-07b4652a50fe,4329
ba5d1d4f-0acc-478f-b4f2-22f7936e6d94,4330
ba70e19e-c65a-4d64-9c9d-0abd34041a38,4331
ba796ff2-ff48-446d-b002-a05524e67c47,4332
ba8167ab-77d3-431b-adb0-c7a006c924a6,4333
ba8f03fe-219d-4c8d-9f8c-74877f0b0984,4334
ba96b453-a8c0-4945-bfeb-dc4ce2ffca5d,4335
ba9ad0e5-b8d1-452d-b0e2-fd62a6ba9cde,4336
baa33092-c264-4379-bfb1-5a719f0c7956,4337
bae4c7f1-b60e-4ea7-84fa-f5a5db05dba9,4338
baeb9c87-445c-472a-8ca2-96ee50a4e316,4339
baf84bb3-5027-4a83-a002-ecc4c3272d0e,4340
baf8c02d-351d-4173-8e6a-dcc27745ad98,4341
baf97206-a042-495f-a7c2-c7df655bb9ce,4342
bb0ea811-581d-420f-8e81-b651b3ff541f,4343
bb0ef36c-06c0-4412-ab30-b710235c2763,4344
bb128074-5a01-4862-bc56-9178ae2e9ae5,4345
bb15829f-f86b-45ab-beb3-1063e0fc0a1e,4346
bb23e38b-e06c-48db-8dd8-ddda1b3be1af,4347
bb4b45a6-c767-4a66-99f7-16d3ef2b8443,4348
bb52d492-fcd5-4662-8ded-a32ab8ce6e30,4349
bb58da26-fe29-4430-9c10-d91cacdd4d12,4350
bb65444f-b463-4159-8850-103d70bd4db2,4351
bb675edf-5488-4cad-9529-af0af4baac09,4352
bb690f2e-58d4-4f97-904d-a0b51c3072ac,4353
bb6b0e54-e550-455a-8712-2b633e439588,4354
bb7bf696-8ff0-41d0-8678-36eb204c5b5d,4355
bb7eb443-4fb9-4bcb-9377-53aa7bcf66ae,4356
bb7f9b31-7d79-4c37-843b-27fb086ab3e0,4357
bb94a3f6-27f5-4d7f-9441-35839d7cb97d,4358
bb96014a-9b2a-4b72-b3eb-2bb41d98630e,4359
bbc4b45e-aea6-49a5-9608-6e43414c49f2,4360
bbc4ccc2-2fe1-45f7-8627-26460ee69066,4361
bbdc588c-9fdf-4e0c-8343-e88c863a3a87,4362
bbdc8505-02aa-41a4-8589-b3ab2b7ca6db,4363
bbf035ea-94f4-40ce-b056-157289cdb7ff,4364
bbf5784e-f5d0-4b08-a882-5da3d39fb7ad,4365
bbf9c97f-8a42-478f-a306-0656fd18d03d,4366
bbfcfb12-56bf-4fbd-869b-7ebce8e155de,4367
bc0ddeef-1659-4c88-ab92-6e75a05be1a9,4368
bc1e4330-b14b-4e5e-ada3-3c009e74fde1,4369
bc33d5fe-876b-4b0d-8c0a-d3c6dfd57a5c,4370
bc37eaf1-2ae1-4df1-9913-a6d1aece37cc,4371
bc469f14-c5cd-4422-a6a8-ebc6dd546e6b,4372
bc4e9e35-a240-45c3-bcba-ed8aa4591c58,4373
bc5d57a5-c0d2-4ba8-8935-9de5a9377456,4374
bc6d9e46-91c3-4fdb-b6e1-44930d280bd5,4375
bc6db692-b77e-423b-b080-5e6dd16a2db6,4376
bc6ed2f0-77b8-40bd-8991-7363b662b542,4377
bc6ff893-4d80-425d-a658-e4d6a8c52e39,4378
bc7489db-0391-41a7-b0ee-bb5485863a45,4379
bc86e43e-71e0-46b4-ad7d-4ea0726ad88a,4380
bc8b1f1d-d4a8-453b-b077-b34be2f57a22,4381
bc91e3e0-7662-40dd-ba8b-25083d4a4e65,4382
bcb5ccd2-8716-4967-a925-d8ec140f1bbc,4383
bcc410cf-904a-4149-afd0-6b20b85a57b6,4384
bcdf621f-2174-4ada-9e47-d868b84428a1,4385
bce39adc-14ea-4995-a83c-e6fad72e0292,4386
bcf1acd9-56cd-4e1c-9fa5-7b85652ea862,4387
bd0149cb-7c35-4fc6-a4d0-2e5abc005549,4388
bd098807-c006-4daf-ac2b-b8b885debf96,4389
bd0b1e43-bfac-4520-99c2-90d33749d1b5,4390
bd0b79d8-6d95-4821-a31b-4acc8690beba,4391
bd22eec9-98f2-4a3b-9ff5-81182302b394,4392
bd2e3883-4107-4e9e-815c-82d3b6679d69,4393
bd37b96c-13d9-46a8-84ef-b72d5249c386,4394
bd55f305-9142-4e96-a96c-a3180ed255ec,4395
bd708ee5-de03-49e9-8a4c-e709142a8da9,4396
bd7f5a4e-de72-4b82-a42e-b4a6ebd6225a,4397
bd86128d-a939-474a-bb99-8c5b64a494d5,4398
bd91f1b2-2e9d-4244-8ced-cfc3db0e92bc,4399
bd940d93-129c-42b1-99b0-a34822154dd9,4400
bd997338-bea1-498d-a52d-870539d01e74,4401
bd9ba1c1-db75-4e66-91e8-9f0da5b45f7b,4402
bdaa2204-3310-43e2-a7aa-b9b845c95353,4403
bdaa6d43-3fb7-4d8f-be79-e9ba4a3696f3,4404
bdb59710-5acd-42fd-b7ba-337dc8d0ca24,4405
bdbb7ec7-38d9-498d-bd89-2d9541e82a8e,4406
bdc3850b-5918-49c9-8598-260b540a2c14,4407
bdc75e39-3d69-461c-825e-451946462791,4408
bdd9e9c1-3ff5-488f-b10a-76a2427881f2,4409
be0772e7-fbe2-49d2-941e-5d27709feb20,4410
be0a9b38-4c9f-4fd2-a592-f6d38db3d0a1,4411
be1e49ab-1c91-4568-80f3-87e387de7f72,4412
be22f247-5e6b-4abe-a833-d23330a7c2fd,4413
be27c945-0f70-4feb-ae7f-446153fa1553,4414
be2d0cf1-2b37-4cd4-961c-d6a46cf115aa,4415
be4348ba-b1ed-4bef-a57d-51ec713b2bb0,4416
be5eb47c-a4ae-4171-9655-2fb908f1c49b,4417
be605ba2-3512-4d75-a832-89ce59c6d02a,4418
be68e851-96a4-4e25-8a86-81eb875e528f,4419
be6c1c94-561e-4955-a074-2624cdb81a91,4420
be6fb210-f28e-4552-82e6-4a84e5729310,4421
be7afdbb-8a4a-4b54-9eed-3467e3c1d306,4422
be7c00b1-9e6a-41e2-8cf4-1bc0974f3c1d,4423
be8fa36d-3135-41ce-8050-dd1b4f88bd9b,4424
be93960f-2a6c-43aa-98a6-2ff1af8e6315,4425
be96d6d7-e43a-4869-bbcd-1ad469fea357,4426
be981cba-bb73-4297-91a7-e63d0fccc977,4427
bea72d32-15d3-4bc3-ba49-657bab9218b6,4428
beaa52f0-78aa-4ab5-af48-2bafafa83a7b,4429
beb84c2a-9c3b-4315-b202-8b18cbdec612,4430
bec1fde7-eaee-490f-bf67-24e1e5595e60,4431
bec2b576-adfc-4c6c-ac52-930f68b5838b,4432
becbb2ca-841f-44bd-bf60-38098ca3408d,4433
becebfc1-8fbc-49ad-af8f-eaa924a024f0,4434
beefaf4e-b5b1-4e7f-b7f3-f9501f324739,4435
befce394-114a-466b-abf2-402c9b4a5a20,4436
bf10b472-8d6e-46ea-9a9c-8c96bdefa149,4437
bf10ec17-eacf-4191-bb3f-ce62a49d144e,4438
bf290b63-522f-4e6c-a630-229406e497d0,4439
bf2996a0-7787-4e84-bf0a-132a0e64950a,4440
bf3ef4ba-5f7d-4edf-ad3e-a58e9e4d9593,4441
bf460202-666a-4c6b-bc8e-e52afcee8619,4442
bf476e14-cf5e-4278-93b7-9a5f5ba69b4c,4443
bf49192d-fd1e-47b9-94b4-84f59ff36c5e,4444
bf4c9d9d-3b22-4ab6-a050-4c99b69ee3d0,4445
bf4ec0c2-6e0f-4e49-9c40-cf7f2a5b3a5f,4446
bf502eb1-4908-4b0d-900d-6ca5904e3009,4447
bf581e1e-96c0-4744-9ba0-cdc06bd4d764,4448
bf5c3dcb-743c-4915-a56e-0bfc4b64d1a5,4449
bf5f3a84-d2a3-4319-b77a-a1b8ef1766a1,4450
bf7389a8-0dc0-4bec-8985-ba3985d9f3dc,4451
bf7c99c2-8888-4b08-bb96-1a417aed58ba,4452
bf7dae99-bd87-4f73-94c4-a0fc3ffe1b88,4453
bf9a630d-5a5e-4ede-8ab2-e91bbcf0e47d,4454
bfbb070c-98fa-4a4c-886b-0bed9c40f2ba,4455
bfd967b2-2633-4377-8d42-550df141b031,4456
bfe16305-b8b9-47d6-b2c0-e7cfbdb0d835,4457
bffb53e0-dd37-46ef-ad7e-7988b70c1f2d,4458
c003c8b7-c5a6-4894-846a-26ca84efde45,4459
c010adef-c3da-4c3c-a4ce-67be6e993499,4460
c01aef07-f48a-4a25-8151-19af84edc427,4461
c01b5f28-c1af-42da-a1b4-20dbb02d12fd,4462
c0218994-bfb2-4ef4-bfb5-aaf9d56bad43,4463
c02368fe-267e-47d3-a59d-d5778f38711b,4464
c02a86a8-fd37-4ba7-9d9c-ddbc71a68f4a,4465
c02ab501-b5e2-4c9b-b508-3cd146e257c8,4466
c06a8300-b5f7-4983-af6a-75836efcf1f5,4467
c07ca6f9-68db-4963-b108-af25ddc66c77,4468
c08778e8-43d3-41f2-b81b-b1b33749fef7,4469
c0ea669d-4c6c-47f5-a6af-55f731ea9ba0,4470
c1046c12-1fec-4aa1-8e7d-67fc9f80fb23,4471
c10579ce-241b-434e-883b-f27288bd8c7d,4472
c106deeb-cb66-4eed-b0a8-f51eea183574,4473
c121ef91-9aee-4794-b776-ddc86ee32c5a,4474
c12a47f4-f5ac-489e-8206-d276332d8c08,4475
c12d505f-024b-44ab-94a5-e063bdb2f544,4476
c13a1a5b-9d4c-4f22-ae18-acc4d5b3aa0f,4477
c13bec75-e3f0-4fd1-bc2a-cf2a251c0ac7,4478
c141c98b-a3c8-4864-9988-16030fe67fdc,4479
c159dcda-8cbd-43f5-ba5d-9e83223da5af,4480
c166e876-3834-439c-ae37-0ad6ff19a5fc,4481
c167a436-a989-4c51-9a4d-6d1dfa86d7c9,4482
c16a88b5-19dd-46f6-8223-1951c161166e,4483
c16cb260-f624-4546-8e53-adee4edc7018,4484
c16df53c-fefa-416b-8fd3-7c11239dc13a,4485
c174be7d-87fc-45e9-a653-25884c426ad4,4486
c1863816-63a3-4103-bb6f-44ab7ca40c45,4487
c191bdd4-a882-4aa5-8b35-f493606d3352,4488
c1ca4ada-9919-48d0-91fc-af5fff8e6e74,4489
c1d05ff4-a824-481c-b3a7-fe320f076994,4490
c1f14d88-c293-45a6-85aa-db507aabe720,4491
c1f9962d-be5f-4fe6-ac15-eacde161ce27,4492
c1fd1b7d-731f-45ca-859b-74d2880f7eaf,4493
c2449f3a-4215-4951-8c38-5e32215767f4,4494
c24b9392-1a36-47b2-83e0-0999a32a6290,4495
c26c1a07-ba68-489f-bc0b-828db38e053a,4496
c26e3c10-5bfe-48d7-8eb9-0c2a85e406c8,4497
c281c7f0-9fa1-4361-966c-39378f23f96b,4498
c2825053-23ee-4b0a-a037-8c651e85ef05,4499
c2940725-cdba-473c-88b9-fe9a59091d49,4500
c29f198e-f6fe-4bc7-b85c-c33139581efb,4501
c2b721de-a8f8-4cd3-87c7-6af2336403b1,4502
c2c7e753-d886-4efa-999a-cf2594bad09f,4503
c2cd8235-8e22-4edd-9dd4-40c93e8076eb,4504
c2e60a44-0429-4938-8290-8a23a2636f0f,4505
c2ecb74f-f5e1-45fc-84ec-67ac249a9840,4506
c2ed8f5d-fdb5-4c1d-9693-5fcc5e381712,4507
c2eff99b-d9f8-4796-a4d1-83f1a12f95c8,4508
c2f28e26-0965-499e-9908-7e37ff3a23d7,4509
c2fe9b41-8130-43f5-ac0a-117308933315,4510
c30d262d-7ff5-4848-8e29-8f347e870d2c,4511
c30dd071-b732-449c-905b-b4179d9c3c55,4512
c3140875-e942-4d4b-bb03-5eaa2150062b,4513
c31b5beb-9e20-488f-bf7c-d3c88133b09e,4514
c32f3af7-4c14-402b-a74b-d53abd496384,4515
c32fd31e-df3b-472a-9817-917f335c07b0,4516
c3368e91-240e-42b9-a006-4e57ff43bde7,4517
c336d6fb-a3cb-4ab6-84fe-e73507120af4,4518
c33cea85-55a8-4ca3-ade6-559f7d53002b,4519
c341a397-7bed-4edd-8755-1074a057e221,4520
c34cc10c-34be-4eb1-bccf-fd484862461f,4521
c35803ad-4b61-4291-919d-0c923777ae41,4522
c369b228-a3af-4a46-9d69-f0b2326e04cf,4523
c3713255-2bd9-455b-afa9-b2de7e84daa3,4524
c3721c46-c9e8-4042-b854-16d562cf08d2,4525
c37328cb-1145-4718-b170-f08b495ac9f2,4526
c374511d-5066-4fef-995b-f936f52a98a5,4527
c395d26c-64be-4fa3-aaa3-c866e4221b51,4528
c3a71ff1-98fd-484b-b7da-f633ae9f016d,4529
c3b370dc-7c1d-48c1-836e-468541968532,4530
c3bbf433-d7fa-45c4-a73c-01e1bc0f79e1,4531
c3cbc2b0-5bbd-4ac8-878b-7d2e6fe270c8,4532
c3d0d663-c0fe-48d9-b935-86afd46a5c23,4533
c3eab33e-61cc-4d1f-9fe4-7c21619640b4,4534
c3f112b3-49e7-4a66-b32d-790d92d572c6,4535
c3f70e69-f0b7-4e45-8654-f43a5d3dadf0,4536
c3fe4237-ed39-447d-baca-a700e6fb0cfb,4537
c3fffa34-bd69-44e1-b2ee-1ffa6e47dd2f,4538
c401e9a1-a352-48bd-9d6c-0a4528e2f004,4539
c409dfa0-6dc2-4cc8-921d-0da6264b005e,4540
c40cbd25-b274-4b9d-ad36-8f0aafd44b52,4541
c40cc6c1-7935-4f50-ab52-2744b149196b,4542
c419ee2e-22ac-44bc-8a2b-fb806b53cf11,4543
c4202bfa-45fc-4300-a2c7-8dc508397291,4544
c42723f5-0063-49ca-827f-7d8a8e8772bf,4545
c42f81f2-3806-44e4-aabe-ea4b4ff65139,4546
c432f38a-6471-4a0b-8121-d436bbce51a0,4547
c433862a-8b9c-4d29-a928-d351e8cdb167,4548
c438fd5f-3373-4a6c-aae7-62f58a5e6b91,4549
c43d1931-b78e-4a7f-ba76-4bfa00f49704,4550
c460e962-6dff-4465-bb1a-e667de07b2dc,4551
c4787e3a-05dd-4c71-864f-67c846202274,4552
c4955ffd-c791-4e0e-bcb0-5e48b086a0bf,4553
c4bbedff-5224-48b1-9591-d785dab94008,4554
c4c4aecc-900b-4aee-b359-4d4c84873817,4555
c4c8fc63-2ae2-4a29-bdff-920730e0d839,4556
c4e14ec0-6ad0-4c1d-a397-3b1bbd2695b1,4557
c4e90535-bca6-4844-a058-59a09db6be76,4558
c4eb2ee6-00f0-4981-ba1b-f6730eddc001,4559
c51fe3e8-507d-4b1b-8d75-740c768a1fdd,4560
c5236ec6-3f46-40c8-88bc-f8d231d7a5d2,4561
c5259d47-3575-42ca-97bb-2697b6bd4237,4562
c528deeb-29c6-40b6-9d47-0f825ae60182,4563
c52f3116-7ece-41ee-8795-d4e673fc05db,4564
c542ffd9-f708-4c71-9584-f429817f63a2,4565
c564059d-664e-4e44-b25d-6e6b0c72479e,4566
c56cc041-08bd-4d02-abbd-baa0c2e8b131,4567
c57dead6-fdf1-4c87-bf74-54ae603c8df3,4568
c581d6f8-4a58-4d5f-9cbd-661144bf04af,4569
c59186cb-7f09-44b5-8689-be18f828553a,4570
c5984c2c-2102-4683-a297-7dc00219f487,4571
c5b7a295-f0d3-4870-9642-c09a62a770d6,4572
c5c96774-0ee0-43d9-a0fc-4222c830525f,4573
c5cfe394-a40c-4598-8648-7c8c9a5735ba,4574
c5d5fb98-2d37-417a-a8ad-4ed8ac9adae9,4575
c5d6d3b4-7b51-4188-ab89-7e954b016db0,4576
c5d83272-4385-4a72-9dc3-bde7dd00a5dd,4577
c5edc4dc-34c0-44f1-a4c1-e06467ebde9b,4578
c5fdc523-c9da-4812-b444-a18d4933e7e3,4579
c6093301-4ee9-49d2-af8b-f682c8b2a4c9,4580
c613f347-d5a5-4df3-a3a6-76911e7c156d,4581
c61ab782-bc33-44f4-92a8-5c4088367a5e,4582
c61b8fbd-ab23-4601-8eae-e994ac702138,4583
c6281abc-1bc9-4f69-8e81-fe2f0f57c9a3,4584
c629fe2b-8d67-4e3a-b4e5-1385bf4ab34f,4585
c6340523-2f45-46f2-8bd1-80a96958902d,4586
c6374e4a-c34a-4a43-a78e-5b6029bcae64,4587
c640cf6e-5a2a-459b-af72-7cff79d6ec9c,4588
c641c653-11ba-47b3-adff-d832b13176ca,4589
c6503104-dd77-4cdb-99f9-428dfd01f42e,4590
c6645d9f-693f-4e83-84d9-8f51b754d09b,4591
c666d19e-df3d-4275-b43f-64827e4c260f,4592
c66d87c7-9638-4ba0-9854-8d97b5e2b7ca,4593
c6826fe4-fc06-45bd-8ea5-2506f5c05dea,4594
c6ad3dba-df5d-4fd7-a987-af79c5026d61,4595
c6b0bae7-ba2b-4bb7-b986-cd8375c6b170,4596
c6dc63ad-cca6-4459-b2c5-f64c8bcf9a68,4597
c6e0d656-8b0b-479f-a8e2-21cc6fac5e3e,4598
c6f18543-b2a7-444b-b1c6-7b8a79ea010a,4599
c6f6700c-7da1-402c-8ead-6298109a698f,4600
c6f6fdca-a3c6-4719-840c-d6f864606bfe,4601
c708d5af-b007-4079-8871-7d0d2d0d84fd,4602
c70eb1b8-b006-4f34-abd4-0689c97028ed,4603
c723678b-674c-4978-835b-1b689ac626f2,4604
c72ba45d-4dab-4250-8a2d-6b241f35bc1d,4605
c7426f95-01c0-43e7-b473-ed405f9f2af1,4606
c7453b14-7f68-4e80-8d70-54e8d655bc32,4607
c74b5aff-cc55-4b99-97d5-f7257a7e0ffc,4608
c74c6e26-c59a-4040-8706-8fed1f461674,4609
c74fd129-a36c-49d8-8743-e13c70dca91c,4610
c751e59a-7052-4457-8b81-7ef3c80de8cf,4611
c75edee9-ee28-4868-a579-610ef025f4c1,4612
c7647c2b-67b5-4ea8-a13b-809037cb0fb2,4613
c7663214-14a1-4ddf-a6e5-cf5a0ed94d18,4614
c769aef7-af6a-4fb9-9c47-430937e416e3,4615
c776fdd1-8017-49cf-95a2-a84cd8ea7723,4616
c7771abf-9078-4c70-b704-b956176adb47,4617
c77e456e-0474-438a-bc2d-395a13047ec1,4618
c78ebe5f-7a2a-4d30-8b67-9c412b8e041d,4619
c796299a-13c8-41aa-beee-cd9f7a063df0,4620
c7ae62d1-558c-47ab-9105-7d148c6da07f,4621
c7b70be3-63dc-42ad-9ca8-3576e12979ab,4622
c7b82e09-4d05-48ba-8c44-febbebab7968,4623
c7bbe938-72e7-47ce-b80b-337bef6c710b,4624
c7def36a-9675-42c0-88cf-6f5fdfcf6683,4625
c7ed2bb2-90ee-4835-9ccf-dd89083203db,4626
c7f4becc-2acf-4aaf-a644-aa61e23d4a5a,4627
c7f8a0ed-3fc9-407c-81ac-c48d91b092db,4628
c7fb79aa-7a83-493f-93a3-507300b4545e,4629
c801c2c7-e552-4220-bc77-3a7cf014d3c7,4630
c804fec6-ea86-4429-a3cf-d1e1df61cb95,4631
c806b598-72bf-4366-993d-0b4f30118737,4632
c80f956f-f86e-458c-8682-bd9a778a7ba8,4633
c8193411-aa91-4929-8324-85db309827ac,4634
c827387e-fad1-4ac3-85ae-b319d1035150,4635
c82bd205-927c-449f-b710-9fda559cf3b0,4636
c8394b98-9787-45e3-92f8-1ce10bf763cf,4637
c83d6821-bd50-4143-b2b9-a66e4e34870f,4638
c870347a-879c-4229-84b3-570302273314,4639
c8734c87-cef5-4833-8279-a5fd4fd90787,4640
c8913fe2-c3b3-41c5-8d67-22677942839c,4641
c8ab71c6-0fc5-4983-8629-be0d95566d99,4642
c8bc0717-229a-429f-9ddc-e65e0c296f22,4643
c8bcc6c9-0d69-450e-9568-e549b03a8e4a,4644
c8bde18e-f37b-484f-8961-76ab952e6650,4645
c8c66f41-b249-42b7-9e19-25cc2463358b,4646
c8cc4cd0-7d98-4f23-badb-ca26afadfa6e,4647
c8cd9689-54ba-423e-8266-f45629b84b59,4648
c8e713fd-216a-437f-a507-c5fcf3287e9c,4649
c8e9c0f0-8b41-4f16-a509-011cf2f0834e,4650
c8ebd184-33c2-4877-a465-e1e32edf4a8f,4651
c8efe2a9-10bf-4c66-881b-1ea998694189,4652
c8f5c58e-1775-4e7d-ba2e-5e41f56321e0,4653
c900a0cc-7d57-4ae0-b148-7aa1a28d8f48,4654
c901aa9f-947c-4935-be12-7bc17cba87aa,4655
c901dc97-ef34-4210-9944-5f90f01e3257,4656
c9024bef-73ce-47a1-ac35-f72618692185,4657
c950f886-5e11-47e7-92bf-b08bec4e5af6,4658
c9514a91-9012-4331-a4e6-a6cb9e481e12,4659
c9531e60-d1bd-4ff6-b0e1-d179dc8b362c,4660
c956bba7-9252-42e5-8b5e-5ea62011cabb,4661
c964adb8-eabe-475a-b103-7a59e07e38a8,4662
c9681d39-539e-46a7-a5a9-00bb37d3628b,4663
c96b378d-d644-4402-91cc-8f254554eeff,4664
c977ce25-319d-4c8d-b49e-abc1a2165668,4665
c9789ded-4489-4acd-86d7-78770568c212,4666
c97cc38c-8a4f-4935-aaa3-e01d4ed816bf,4667
c98cc5e9-fc1d-48e7-9618-0146e96c72f5,4668
c99b2a1a-8ab1-4837-86ee-56e6a3f567cb,4669
c9a6603c-dbb3-4167-a838-4f66456406be,4670
c9ab038f-47e0-4362-ba6b-87b264ec7181,4671
c9af351d-c6d2-4cc0-a30f-3e41e3a84f1e,4672
c9bdaadd-cf36-4a5c-af8f-2f6354c64f61,4673
c9c3cd4a-f818-45b9-b2ce-ac89921f8660,4674
c9ca4519-99fe-48a3-abe6-590b5fbffccc,4675
c9d09ef7-0d9b-4ef0-90a9-a99a4a0a94d7,4676
c9d88b36-0ba8-4517-b0e0-8f7c4404429e,4677
c9e24628-63e0-495b-accf-626016aec9b7,4678
c9e4d29a-039a-4095-9299-62e649f36ace,4679
c9e8cf04-d122-4c85-a233-c391de568d64,4680
c9e97369-2da2-4ab3-9b41-cf887c8c11f8,4681
c9eaa80b-6d90-46fa-a451-6718a26519d4,4682
ca12a41d-6e2f-4562-ab6f-ec92ed7e949f,4683
ca160646-5030-4e98-8187-bde959d0a9f8,4684
ca2947a6-1eef-47ea-aeea-c80a624353b1,4685
ca3822ab-fc30-4975-baa0-a68c0bea807e,4686
ca596787-cf5e-492b-b05c-7645750ce2eb,4687
ca5ecceb-a9d6-4257-8966-fdebc7bf0739,4688
ca64927b-42f4-4515-8a0f-5d4268ad9652,4689
ca67a9a3-d9b4-430e-8d0e-c52533b4d7c4,4690
ca73b01e-e817-4215-af76-870e474c4d66,4691
ca7ec8be-93c4-4cc7-b696-c147b489ff94,4692
ca942970-7aab-4e57-884c-23426ed62581,4693
ca96fc04-24cc-4953-b023-fcc1fdde36f6,4694
ca976044-7029-4be4-afc0-2573fcdbb69e,4695
ca99768a-a4ae-4812-9709-ac9768f01fdc,4696
ca9a0884-01ba-45de-82ec-bbf2c3474dbe,4697
ca9ac5c8-2d61-46be-8b59-086c035d4091,4698
ca9aca0f-31e6-4e4d-9cb5-6d1505c585f9,4699
caa0ead1-dc10-46be-adb5-0472a07ec865,4700
caa71ac6-943f-426f-96e9-1c7c6129fab8,4701
caac287e-73b4-41a5-bee9-11241af313bc,4702
cab16038-a986-40d1-94f6-011462918751,4703
cac27c20-3cb0-49cc-91b2-41486b7db579,4704
cac37bf0-a405-4a71-884d-f9c2b4b2d15c,4705
cac98791-2ab5-4d8b-9d3e-425be22c8716,4706
cad2ae8f-3c86-493c-982d-cd4a9b7b8ca9,4707
cad73ccb-f9b2-4a3f-8a68-504ee0c61ea1,4708
cadc920b-2ad7-4bab-96d8-6899897ae608,4709
caddb3bd-9380-4c43-b27a-c46d786594a3,4710
cae58c84-943c-45ec-a426-9afb7748cd08,4711
cb0907a4-5b3b-4448-97b2-4e36c1e6cdf6,4712
cb0bb97c-5751-42bb-b901-f6558090e761,4713
cb259ac1-505b-44fe-a903-fc94b4f70970,4714
cb2cc2a9-8c6b-4ef7-95ca-a4c27fd99bc3,4715
cb33d638-3f8e-452e-a1bf-3bfdefae961f,4716
cb35a182-c473-4d4d-9e25-90cf980d09c4,4717
cb48fb82-3566-4c0f-a186-b54a7968e341,4718
cb63085b-1486-4a53-952c-f963f6ed3c12,4719
cb6acdde-d676-4584-af73-70c0db83a807,4720
cb6aee8e-831b-47ef-931a-0cbe423c8ab8,4721
cb7674ba-db61-49c6-b168-077151b1c903,4722
cb7dbe33-02a5-48c0-8041-1f1e8e942f1e,4723
cb8401cb-8dca-4620-8055-1f0eb33be974,4724
cb99250c-7f15-49cf-b60f-f900ef8305f8,4725
cb99bc93-998d-42f0-b89b-8e875a8c5d66,4726
cba0a4f1-4e56-4bcc-baa2-ada006fba5ab,4727
cba3c338-9aa2-4a7b-a2b4-27c26a2e9d1d,4728
cba69a05-ae50-442a-8cfe-93cd12dbb33c,4729
cbce196b-2ac9-468e-bf4d-2f170043f356,4730
cbcebcb5-b667-40fb-bccb-2d343f532bfd,4731
cbd9675a-3367-488e-b5cb-109b63dbc421,4732
cbe366de-0bb1-4792-ba6a-454501aaadd7,4733
cbf05700-2a42-441a-bbef-b3a7f4533a08,4734
cbf29d63-0e81-4fda-9569-edb41a635d96,4735
cbff1d85-e1dd-4ab2-a784-003381580492,4736
cc183bf5-7830-4783-bb7a-ae9f68550769,4737
cc23f602-65ce-4eef-912f-b4f51cec7dc8,4738
cc281ee0-0090-420a-a4a1-974d09aafd98,4739
cc41ab42-a738-47f1-b941-34f3f4b92688,4740
cc42872b-f9f8-43b3-9d0b-318fbf53fd34,4741
cc732a42-73f6-4fba-b3b4-e63e567ffd14,4742
cc7da5df-39b7-4dc2-bf46-f66a8d58030c,4743
cc7ee394-f84a-462f-8c46-81aa58b4accf,4744
cc93b939-8ed2-41b6-8cd6-8277407ddb00,4745
cc9592ac-33b2-4c9a-b3eb-ba73a2a1c54b,4746
cc9a573d-7254-4015-bd2d-cb0a2118dbdc,4747
cc9ec579-7a8f-4976-99ee-fcb509cdc8e1,4748
ccb2cce9-6122-4435-8fc7-fedbe6b06018,4749
ccc13e78-65b7-41c4-981a-398a134e7885,4750
ccc19af8-7abb-4171-b3aa-2667c92a26c3,4751
ccc50de3-2621-4288-a1b9-752c08666ae0,4752
cccd64e0-9ab9-48d2-918a-d9ccf0de7edc,4753
ccd3d297-ff3f-4259-afd8-6d2228549a5d,4754
ccd78109-cdb1-46f0-823b-2942a4b3eb6e,4755
cce5c9f8-3e97-42fe-8ba3-d23f19479385,4756
cd04a261-b448-42db-b6c3-384007b9d7f3,4757
cd0b7512-e45c-4544-ac21-8366b6a1f685,4758
cd182ab3-54f7-4d57-bc67-c015e2cfc444,4759
cd1bd51c-fd29-4111-8238-cc972c0f8155,4760
cd25beba-f105-41ae-bd6c-a1f18e96d484,4761
cd2ba0fc-2615-4281-87ec-cf788eeae94c,4762
cd2cbca5-7a17-4608-8774-9abab8ad97a5,4763
cd4744bb-c010-496a-b339-e115ec012b24,4764
cd4b4e44-6238-400b-a911-eb8a982547c4,4765
cd5d1919-a5af-43c2-8537-889b63632ef8,4766
cd6529fe-c136-4f6e-b52a-530aa8b7430a,4767
cd65a34d-41f8-46b4-8295-4744e8266a81,4768
cd6a596a-9654-4c91-b739-ad099d636df5,4769
cd6b9e4a-4632-4333-83ad-7d078b2a365d,4770
cd7726c2-9ca4-4fbf-a510-65067b5bb407,4771
cd772e44-1c7f-4329-bd48-9ab7e0dab954,4772
cd7a3a9c-a46c-4340-9ca1-e7e25deac6ba,4773
cd7ef134-4c35-4976-ac2e-f86418a318b6,4774
cd922f9f-f23c-4d2b-acc9-a2ccdaf3bfc8,4775
cd97b410-4dcd-4274-937a-a33608013009,4776
cd9a936d-daf2-44ab-8274-f339dd758633,4777
cd9b1a16-7bf3-4630-b546-690d5321eb21,4778
cda7599c-5382-4457-90e0-0a3922e5415c,4779
cdd22b0e-a59f-42ac-b4af-8db6ede8949b,4780
cdd4d5b5-e8f6-4f2c-be32-c51c41b09eb3,4781
ce27fe61-f2ac-4c70-be85-0ab8972fc8bb,4782
ce2b9cb9-8167-42f3-8c3d-e1d7999e7531,4783
ce32f453-ee44-40e2-9ef7-d594a022c7cb,4784
ce4268d2-00cf-49d1-8f3d-97bf6614962b,4785
ce579cb1-3002-41d9-9b18-117b30d827d6,4786
ce5b49db-4ff8-4a9b-922e-e628d8407907,4787
ce6a9d44-f329-4c86-9172-ba7fd4783d5d,4788
ce787d99-d738-45d3-af12-2e58ffabb124,4789
ce8be234-f715-465b-b9fc-766a842b1341,4790
ce988341-b607-4757-9dab-3bc43d0887d6,4791
ce99384d-4289-4a33-9e5c-d86ccc8a613c,4792
ceb3a7e1-45de-4d33-9b98-cd0308540b11,4793
ceb963eb-c216-4bbf-8cd7-b2423112f9a0,4794
cebedc8f-0bbf-4dce-9743-9a54a13eec8b,4795
ced2e953-590a-41fb-b19a-58373226da9e,4796
ced5330b-b98f-49e8-8c1d-673370d4e417,4797
cedd86e0-9693-4765-9d5a-c2a3e9464fd3,4798
cf015412-2511-472d-b5d3-0c38c9ae9d13,4799
cf036c99-e4da-4587-918e-266d6552697b,4800
cf06a90f-b79c-414b-9206-52a8e33611c2,4801
cf0c307a-9e7f-47eb-bbd1-885279f5e1bf,4802
cf206352-a716-4a27-a74b-d4b32416328f,4803
cf2bf7b0-17b9-40fe-9fbd-c8dfd590b960,4804
cf30ae5f-d4e7-4f4e-bf31-ec8e8034db3d,4805
cf52e626-fa13-411c-b2cc-9df9a795344c,4806
cf579082-b7dd-4805-b2a3-3f1c08227e09,4807
cf672800-8620-481b-848e-23051198e6ba,4808
cf7ca1f8-1a1b-4279-a8d4-85da42375b94,4809
cf84f327-86b9-4ab4-a328-5fbdf5aef385,4810
cf927e28-5878-42be-92ba-69b60fef35a8,4811
cf98653f-0bb6-4808-bd09-5cd480cf43a6,4812
cf9d0a53-b1dd-49b5-9f62-1c1f986226af,4813
cfb9e3de-cac7-4eec-a0a0-3557f0d722d0,4814
cfbac452-f60c-4feb-a827-5beb3f5358b4,4815
cfbc1c99-60d6-4fa9-9f05-56feba2ed1e2,4816
cfc22915-f1c8-4efd-8c31-022e0b8558d5,4817
cfc23be4-5211-43a9-b0db-8bacf206c586,4818
cfcb4ee9-fd3f-42ec-b7f0-06c2d3426058,4819
cfd5bfab-42b6-4f33-bd5b-45560606b21e,4820
cfe66f3f-95db-4d8f-af30-56c0f5f08db4,4821
cff1393f-ac12-4af8-a178-392f3648379d,4822
cff9eb36-ce4c-4f9b-a2b1-50441570c513,4823
d016b972-f481-4f7d-93d2-43a95e48d05a,4824
d025ac53-7c3a-4354-a2a3-8a56f9660275,4825
d03c654a-2dfe-4015-a9c7-80ac23b1196f,4826
d04a2c52-6e14-475e-b722-0c4c64c922be,4827
d0698db8-3452-4c75-ac88-93990d9dfc52,4828
d0806c04-b3b9-40fb-8bed-17847a4974f4,4829
d097df1d-0f1f-4a37-892b-77cb1adb5c68,4830
d0a12f6a-6e6c-41f5-9562-e2ac303b9acc,4831
d0a29508-a874-44e8-b1c3-5d1fe1e28dd8,4832
d0aeb80a-571c-47bb-b3d9-377cb1419ae6,4833
d0b6864b-fafd-4aaa-9c5d-244bdbd9a6f5,4834
d0ba47e0-05ad-4d13-8057-6cd6cfd3bec2,4835
d0bec003-0bdf-407b-97bf-0252381f67e5,4836
d0cb0dba-0cdf-4bb2-827e-9998ce10fa41,4837
d0d389e3-8698-4641-97df-5f798a840789,4838
d0de3b30-67af-4738-b270-2f68fa613ac3,4839
d0df8d9b-8d3e-4699-8b1e-573be3d7317a,4840
d0e18745-8ef3-4800-9e04-8de33f5f8d18,4841
d0e1c206-8ace-4d75-b320-7518479bac73,4842
d0e89740-a3ba-43bb-9c94-53d65f7c30e6,4843
d0ebe990-3edb-442d-bdb7-60226915454d,4844
d0ee27ad-9442-4829-8d32-826d55c47628,4845
d0ffdc11-c66d-4225-ba86-35f1fefd4591,4846
d118e6db-2bba-42d5-991c-ce7be14b70b6,4847
d11bde22-5ac7-4432-8133-09f977f23feb,4848
d122ad0b-eaa3-4943-a0e6-816bc2ab9af5,4849
d139e168-11b8-418c-b15b-e8e1cc72b1c3,4850
d14e80ac-8e8a-4df7-a30f-732da452403c,4851
d153dff5-ab32-4a6c-9bc5-70a08337af20,4852
d1616552-b4b1-4d25-8041-f48ad1175086,4853
d184682a-2f67-40ed-97f3-06f4cfbfb9f3,4854
d18a0a7c-94c7-4a83-8e6b-9b61fc23314c,4855
d192237f-482e-4b48-93a7-8fd5a17ce075,4856
d19f5781-6e3d-44b0-b276-c03350b44bab,4857
d1a349de-d7b4-423d-aca4-106f45ef8617,4858
d1a82dfd-5b55-4656-b150-282e2f9dd39b,4859
d1c84d6e-ac61-4493-9fc2-f9e04d289518,4860
d1d07407-2a93-4ed3-9e6a-6a9ead4a6c2a,4861
d1e7edba-65ee-488c-a3d4-79b85dceea02,4862
d1efde57-709f-41c2-bfa0-8fe3a10f183f,4863
d1f25e2a-7ce0-43d7-8a51-c026335c02a5,4864
d21a8165-b5a2-406b-b11b-30ee094789b2,4865
d23bab04-f224-47af-95a9-7000fe0535db,4866
d24508ca-631c-4929-91ac-7c78cbb70900,4867
d2469721-dda1-49b2-8224-d70e2ebc3ef8,4868
d250f5d3-1798-4fda-bd0e-84e4e35281b4,4869
d26d68ea-5dcb-46f7-89a5-710fec99ad45,4870
d28121b5-7284-4f41-91d1-fefc075ebe54,4871
d28b0bb5-5bdf-479c-84f7-8236652c6ea0,4872
d28e9b84-c16f-44aa-9bf4-d42b788236c2,4873
d28fff01-c710-4785-bb90-72539f068420,4874
d2944903-ad3f-4f8b-b5cd-f08e683ab38c,4875
d2b74323-ad2c-47ef-84ae-c8964806267c,4876
d2e7ca01-b8d5-45fc-b063-409d03dcaf9f,4877
d3021db1-5973-41d8-9fcd-186c203f4d9c,4878
d302c352-15d5-4f9f-944a-405374452788,4879
d308006e-d8e1-4a06-b5ac-98f7034247a2,4880
d3203257-aeac-4c0d-9ffa-8f07ea817e6b,4881
d331087d-e445-4a3b-93ee-80dea35037da,4882
d3397be5-ce53-4e65-b1e3-80e59111773d,4883
d3428f11-dc5f-45a7-9bf7-5478d7814a4a,4884
d345f2b1-2e27-47bd-87b7-2587fd0d6d1a,4885
d3570810-b872-488c-922b-e6f3087b32ea,4886
d362525a-6bcc-4fbf-a82e-6866c2c19b4e,4887
d377b1ae-d625-4613-bec5-b603ef055a4d,4888
d37c7539-46fd-4d86-bbed-b83a8bfbb329,4889
d3880507-4515-4df8-a38a-85f0189a6e62,4890
d39433c9-6e9e-47a2-9a0c-ebbbc108c8ee,4891
d39cf7d7-df26-42c6-8ae0-9fea4041b517,4892
d3a0f216-3b11-4b72-91af-addc24166d84,4893
d3aab6cf-d21a-40f2-94d8-6d26fbd17795,4894
d3b10700-4d0c-4aaa-9527-75030447f05b,4895
d3d1a644-8fbb-4ac2-bc1a-ba1d9660b856,4896
d3e38f24-25ce-476d-bfe1-cd54498b2ac9,4897
d3e42d44-5a75-4e71-974f-16b9e173608d,4898
d3e92c80-6ed9-4166-85db-547a60105d1a,4899
d40422c2-15c7-4136-9e44-58ff2d58bc26,4900
d41474ab-c17b-4818-aa14-7e4c5c5568f4,4901
d4170812-6699-4517-ad0d-1e34920f0e12,4902
d41b69f7-fd00-4b38-a1d5-ca8b4608500a,4903
d424c3c2-8f26-4840-ac48-43dab05a1ca8,4904
d4349c06-887b-4c85-8207-ce0e0b1fa010,4905
d439c7bc-15df-4200-ae3c-a38c1a81584d,4906
d43a3bb3-cce5-4ca2-a817-5be147296359,4907
d44b849f-dea4-4219-8b41-a36c5849c51a,4908
d44dbe6a-7ac0-4ac9-959f-9631c0e99057,4909
d4517333-41b4-464b-be89-136678d8afd6,4910
d484be36-f4b7-4e14-853b-252318bf3844,4911
d48f19a5-6b40-4ba3-80af-3a694dfd5ef5,4912
d490eea7-5875-4ae6-8fb3-5ce9e40cab55,4913
d49fedb1-819a-465d-a10c-3de266095314,4914
d4a23ca1-b263-43e3-8b0f-52b4d2763014,4915
d4a2b04a-45c4-4399-836c-6ab57519b77e,4916
d4a4b0b2-5b9e-409e-a4f8-eae1029df1bc,4917
d4a4f808-6c1e-4091-aa60-bfd243ed7b07,4918
d4b31a3b-dfb8-479f-a4f1-e0ca99a7dc1c,4919
d4b9e85b-6f2e-4e48-ba40-1a119f9ab8fa,4920
d4be1d34-71c7-4226-9743-5f79ae28697e,4921
d4c061b8-1e22-4cf7-b606-6989b8c05427,4922
d4c98b9d-1146-4e47-9dac-a4c656592b03,4923
d4cb086e-7f9d-4625-baec-c817ed9d2b71,4924
d4e139a4-f7a0-48bb-8cfd-90dc756663c1,4925
d4e4b561-0947-429c-8d05-b09311845a15,4926
d4e8b10e-0191-4d92-b87f-00450d232c2d,4927
d4e9a99a-8997-480f-80c5-c4ab41b07199,4928
d4ea0ed6-c5e9-4928-948c-7a22ae5fb871,4929
d4ef35f9-72ae-41cb-b592-d8cad1a68f59,4930
d4fb53e1-57ca-461f-b98d-c0065fa1fd2d,4931
d4fe6bef-911d-47a6-8f2d-67e54287adf5,4932
d50249c7-50c3-499f-8c85-8ba9cbbefb6b,4933
d5136e3a-e7fb-417b-bc8d-d0fb4d419db3,4934
d522f3f7-7f25-4b87-9036-d206d23c4393,4935
d5329a43-f0d3-4133-82d3-61e3b7bd6f6a,4936
d5454998-0847-4e89-8058-23e9d872dbd1,4937
d5555008-3d41-464a-9ab2-b46a16f8dc48,4938
d5558b55-09bd-4b02-981c-e1b992b76307,4939
d55f8415-6f1e-49b4-80d2-acf3aafeb902,4940
d560a122-9f3d-4049-a867-270cd3314e93,4941
d5889961-af6f-44d0-94df-6e82ce97c9c8,4942
d58bcf88-f2bc-4c82-9505-3152dc8de93d,4943
d58c4868-45cd-48cb-a213-b206cb7c996c,4944
d58e33ed-dc76-4a5e-88ca-7a2406c94bf9,4945
d590b3e7-2c95-47f6-a507-13641d296640,4946
d59a2528-0977-44f2-a6a0-69fd25db73c8,4947
d5a662a3-0016-43e8-95b4-173d3f717243,4948
d5aaa3b9-099e-4d08-a8b5-a9b722ae87a3,4949
d5abbb89-4813-4936-a004-a82335b14f8d,4950
d5af46c6-1959-4dc8-9a9d-236deb3593a0,4951
d5b2e5ae-7bf1-451e-a22c-7c6cd45e386b,4952
d5b443ef-c0f1-4680-b178-73c890fee929,4953
d5be6f3b-9166-4216-8ce6-54d3d50d0ceb,4954
d5ec25f7-9fc4-46d7-a8b6-8ce1e229d309,4955
d5f26505-26ca-4de2-8ceb-dfe71adf64bf,4956
d5fce98c-2c61-4ad3-9973-283a768739d7,4957
d6060f1d-6338-459f-8cb2-9985638b8df5,4958
d61e96b7-7e13-47fb-8888-da9cee17bdfc,4959
d631491c-6f5a-40bf-b602-b7b3aa121ebb,4960
d632aef3-b2bd-4f97-821e-ecd3e348e2d7,4961
d6331322-6579-4063-ae5e-5de296ae5343,4962
d634b4cd-1a11-449d-b40d-723646777479,4963
d638593a-9e5c-42fd-9509-8708d38f3429,4964
d64de395-1956-4a5e-8481-605a59273ef8,4965
d6537bca-7858-4a2e-be56-aed9d9d97364,4966
d657b1e0-cb45-45bc-a4d0-8bb04de7bb00,4967
d65a2923-d91b-4c05-be14-ab8555d96235,4968
d683a3bc-c7db-4b36-a63a-41064064f344,4969
d698d8cb-935e-41dd-8616-2a2fbda6aa00,4970
d69d9182-5095-4bae-8fa3-917e26c3baf2,4971
d6a30286-f918-4d4c-91fd-7fcb4aaaee39,4972
d6a9b4e2-90ac-43ab-bb50-ce2e0355d294,4973
d6aaaa82-4a21-418d-b5a7-bb1eee1d8eda,4974
d6aac666-2b86-4733-b34e-9943c4506ef4,4975
d6ab18a2-cb7b-4bf2-abcb-d6e6ba0f5aa2,4976
d6ade72b-7462-45ab-858b-5c85a2f1ade2,4977
d6b064e9-d088-4bc1-afcd-be96f347db07,4978
d6b52d49-e76f-4d87-9dcd-42e85954cccc,4979
d6b7ba6f-132d-4700-8454-029ebcf683bd,4980
d6ca4319-4604-4103-a581-d839be4bfd93,4981
d6e6c4a5-c5f4-428f-86ad-fb4776756614,4982
d6e70ae5-801a-4457-be4e-4a9d1271734c,4983
d7016fbf-c6b2-408b-a296-dc99251095b8,4984
d7111041-5fc3-426e-ae46-bb7fa3081f76,4985
d716dde7-1649-4a20-abd0-acf4b32fe726,4986
d7251c98-ec66-42b0-b9ca-d27ee58f0f74,4987
d728861f-8d75-4010-9bfd-d0f56365e2c9,4988
d73251fd-bca1-4dbd-a6cb-7dc9a1d2bfee,4989
d733bb86-9167-4a58-946b-b40fafb41bcb,4990
d7342216-5931-4bfb-b710-99d42c89cd6f,4991
d749c671-d9fc-4623-ad10-c32657c75720,4992
d74b8fbd-1f2b-48b5-a953-57976cfa441a,4993
d74e68b3-6f50-4f61-b523-59071424f267,4994
d75cccee-f75c-497f-b7d7-e646da7e19c2,4995
d763fe87-567e-4a2d-b110-28d74446c3a2,4996
d77e2d3f-4689-49a6-b681-5236dd082122,4997
d793b5c2-78ef-4dae-b11b-e01f0aa49114,4998
d794e307-cfba-477a-a3e7-00d128c7e2a1,4999
d796d404-0f63-4fab-bc53-18cb1f883de3,5000
d79b3c31-3d0e-4bf9-aee6-91159d5007fb,5001
d7a37dee-0fb6-4afc-b735-dc7ca27d34b9,5002
d7ada927-90c5-4366-aeb0-5d430ad64417,5003
d7b3150e-a734-4022-8f12-5010a6636bbb,5004
d7bb64c3-76a2-4dd1-8afb-8a33c0e02c0a,5005
d7c3b20d-f283-4c15-9a82-f06dbaf0956d,5006
d7c86b68-3d4b-487f-b88e-a0bcadbb3ad7,5007
d7d15b20-3102-4aa6-9a81-43ac224c604e,5008
d7d2b8a7-226b-48fb-b7cb-e517933ae70b,5009
d7d6b291-621e-4603-88aa-6c7f30950f6c,5010
d7e23262-880d-49ca-ab6a-b37d51df82d3,5011
d7fbf192-5fb4-428e-91e1-50ea56c9b408,5012
d8141e2d-33db-469f-a64c-53a7d67d1c24,5013
d81deb67-ef98-4736-8523-8f0485086c1d,5014
d823c6df-8b0f-4c28-b504-5b012ec0ab05,5015
d84a3a5f-d591-4d0a-bc63-aee901213df9,5016
d84f2f51-1366-4744-b502-0664ee9deb3b,5017
d8538cb8-103f-4b21-993d-35e2459f9b67,5018
d853f2bd-9512-491e-a5ff-b5b11b87a772,5019
d85e5dc4-f00f-4312-89ba-061cc9bace39,5020
d86ad294-53a9-4536-ada6-bf7ce2ffabca,5021
d872c5b0-82b7-4fd1-979b-f150196753fc,5022
d87c4e84-78b3-4162-8302-0b26619788a6,5023
d8846e5b-c20f-461d-bc5b-eaac7d24717d,5024
d896bcd6-f757-4385-a002-a081e1513677,5025
d8a3a275-e27a-4041-b83b-ac10edf8c0c4,5026
d8aa3403-78c0-46d1-a23a-24e0322dfddb,5027
d8c01b86-21bd-4fa8-86fe-d3a48043fbcc,5028
d8cc543a-36c6-4370-9602-1d2620ab060e,5029
d8d3d777-9241-4a42-8dcf-2532fbca13c2,5030
d8e4d935-0ea6-4f7b-b713-4406884ebd85,5031
d8ec8b93-da0f-4fff-a126-621f644bcdfb,5032
d90b606d-99f2-4a42-8b58-f853848be8c7,5033
d9129605-1fa0-483a-a347-64b752bbeefc,5034
d9131544-6534-4942-8720-0a6eec31c6bb,5035
d913c42d-934f-420a-9531-0e8594be453c,5036
d91c2cd0-d334-446c-b0a0-f2066034a7ef,5037
d9230e56-911e-4576-a4b5-48f16f8690ae,5038
d936f46a-d3e3-472a-994a-06ceb9055d33,5039
d9370ba9-d551-44fd-96d9-646c43c44929,5040
d949b499-89a5-4433-80e1-170f1f879e7e,5041
d95504e1-0366-4eff-adbe-98d6625accbe,5042
d956069f-1040-47a8-b68b-d0ba13adb152,5043
d95aa3f4-6438-4e9c-b8df-f775a4143220,5044
d95dbf9c-346c-492d-b694-5b2b9ddc2a13,5045
d960b379-004b-4e84-ac99-d4d1377d7c2d,5046
d97310b7-8a90-45d0-b7ce-9ceee7b6dd67,5047
d9861b98-555a-4a1f-8a2c-950a54e9ad46,5048
d99414bb-668f-423a-91f3-a2d158606b18,5049
d9951dba-b603-41eb-9f8e-1ac681754dcf,5050
d9a2970c-142f-492d-90b7-4372f392c497,5051
d9b3d3b7-3045-4fed-a86d-a5e30e739402,5052
d9b43dd5-41c7-4d8d-b551-0cbf6e5dd04a,5053
d9bf1fe8-8fdb-4b5b-973c-32f9b6177f6d,5054
d9d04e3b-b99b-4437-8962-df11f21cbc5a,5055
d9d80eb3-6a12-47b7-9c9b-b6d8dc72c729,5056
d9e33ff6-9920-441d-a876-5770bfe17051,5057
d9fa0b3d-8dd7-4a81-a160-f3944e39e9f4,5058
d9fa90fc-47f1-414a-9ae2-703e04b6558c,5059
da00ad93-acf7-4ec9-baa0-f837a680c5e1,5060
da03517a-ccec-4341-bfaa-2ed426105851,5061
da0a86c5-d6e4-4c63-bae1-6dbf4e3f1e40,5062
da1b4cbb-38dc-46e3-8a56-045710edb1cc,5063
da1df111-4a1e-4ae4-91b3-80d826fb76b9,5064
da21b8a0-d422-4185-8aa1-3aaf8c2f7ede,5065
da22440c-d229-44c5-a53e-aac6a8684aea,5066
da2a9473-f9b1-4dde-8fb0-ad41de58ba04,5067
da386dfe-0586-43c7-9a98-2aa005d17f46,5068
da3fb719-8ee2-49aa-828b-05e13c53d8f9,5069
da445471-89a3-4049-ab22-f6cc0768accc,5070
da544c35-5b8b-4d14-b9de-cb27bf718223,5071
da546b7f-ca2a-43d0-99ab-74bbdf613d52,5072
da56bf41-b955-46d4-92fa-59e947697efa,5073
da59dc2c-ddc7-4e1e-b3df-296928b18f81,5074
da75044d-6bce-48a4-8e19-5adf65ff02a2,5075
da79f152-4d43-43dc-b82c-da18c53649ed,5076
da7b77e8-98fe-4699-ac85-a06a61141124,5077
da8bb391-d58f-4646-850a-f8f60b29c37c,5078
da980301-d9e1-4c9d-bde2-4f1fd51c79b6,5079
da9be1eb-2655-443d-bc89-6823e8f9906c,5080
da9dbeec-c6e7-4dc1-a0ea-03aa2718c685,5081
daa7fecc-e207-437f-b06a-f3f2a69a5152,5082
daaae9e2-68df-4f45-8ec5-290c365873cc,5083
daba9af6-80f7-431f-9b79-9c8602e3855a,5084
dac0bebe-9cb4-42a1-8bc4-70829d18ad8a,5085
dac4c520-e09f-4c49-9b3a-efe7b32fbd8e,5086
dacb3078-392e-4bed-bb83-8bc780291b86,5087
dad5faa3-7c0b-4dd9-bb43-8128b09722ea,5088
dadc77d3-eb81-4ea1-bb83-c7dfc7cf9c90,5089
dae5ae7d-12c8-4e47-ad18-f51facc9f444,5090
daf3b836-c75e-4208-97f4-8be55bad7a66,5091
daf5dfc5-e661-4ed5-b4c2-8c075deea960,5092
db0200e4-af0b-4638-8ed4-c3b1a81f61fb,5093
db0d704b-44d4-4d10-9409-81f1a7389fd3,5094
db12c87b-99ae-44e8-9a49-84bcd5868bff,5095
db12f803-0d58-4852-b9b1-2a5993cce0a2,5096
db139b56-15e9-4708-813c-10b67d6f42ca,5097
db1d3228-d92b-4c52-bfcf-e66feee0ab03,5098
db259bf6-d565-41fc-8245-732660b5b260,5099
db3fb168-74ce-430a-b39d-444749913bf8,5100
db4e2409-0405-433d-ae02-e293f073d65b,5101
db584208-19da-45b5-a733-69eda567e16e,5102
db5fb926-e03a-4212-a95d-983de1ce3009,5103
db69ac0d-eb29-4bf1-a026-a7076e96f802,5104
db70765f-8013-4493-952f-03ddc41342c5,5105
db77e607-86c3-482d-86c9-1981ce382aea,5106
db7ec956-52b3-4ba8-8618-f662e399b0a6,5107
db838d77-ec46-4aa3-a8d9-99dcadba5828,5108
db8a29c0-6f97-4362-a84d-f849f5cb486a,5109
db9ae478-ab33-433a-9470-64c80caba3ef,5110
dbbcc0cb-1594-462d-b729-32275d2b7cbb,5111
dbd0aeaf-7232-468b-bc8b-18ef9b978b6b,5112
dbd2f097-b967-4d01-a60f-7e7a2aeaf4a7,5113
dbef7e31-610d-49fa-a6d2-a9abebe53e8c,5114
dbf9b5a3-efdb-49d9-9b36-2700e06cb7e7,5115
dc027ebf-1936-49e6-93fb-281c073ab2ac,5116
dc058e2f-e6ae-4e39-ab72-60e50168132d,5117
dc3185ce-d86f-416a-81be-45717b1e8319,5118
dc391ae0-95b1-4eec-9a87-fa218358e3b4,5119
dc3f70ab-805a-4e3c-be05-1fcbaa670b55,5120
dc47bf67-5d67-4735-ab30-15b7e5dd13b2,5121
dc5b8fb6-662a-4214-a507-920d622996fb,5122
dc5fb248-cfdf-4d13-9d3b-f1de3c36f92b,5123
dc6cc8d0-dcd8-493e-be50-4e8a79a64f3d,5124
dc8dc3b5-2086-498a-9dcf-64637846f6b2,5125
dc92f7b2-ab50-4de2-8a48-dd8fd2d9f762,5126
dc9990e4-5954-4b38-a071-a8ead162c297,5127
dca34d7d-d7f5-44f2-9294-81d7f92a39e2,5128
dca6ef91-0f28-4fbb-9cb4-24136781beb8,5129
dca8c136-834e-4ab7-85db-47df7293d673,5130
dca9740f-fa79-41bc-87ff-df94d308450f,5131
dccf247f-7e77-44a3-8afa-42b8ba3f8c88,5132
dcd6c69d-97be-485e-9bcd-cd2e6c881094,5133
dce3b542-e5a3-4757-a227-3e4ca4cf0928,5134
dce47b5d-b49b-4cce-80bd-236231e8f631,5135
dcea4465-880c-499e-8292-b0d6b5e00dce,5136
dced0bab-e1ed-4f44-9be3-69c90bef8255,5137
dcfc1c11-f5ab-4bcc-8d0b-7075e57a9317,5138
dd062ed5-7e8f-49d2-bd97-1051b3450cf2,5139
dd078a86-011f-44dd-aa97-a6cbe61f546e,5140
dd0b751e-cd3c-4726-8abe-166f2c4af474,5141
dd181d6a-3707-4f07-ba88-75ecf4cfb8c7,5142
dd18a97c-edea-4a72-9c58-de17186801b9,5143
dd248058-cf8d-41cb-ac77-a289cdade20a,5144
dd305e82-499d-47d3-9eb8-44656eac1749,5145
dd334b50-756f-4829-b527-e787c6af9100,5146
dd3eda37-2c33-405b-9485-467bddcafffd,5147
dd4433df-2944-415d-8cfd-92b6a16f750e,5148
dd6f5d9f-f332-4ece-ba23-c3d6ed20c816,5149
dd77d9d6-fa57-419b-b109-3fa35815fd24,5150
dd7e8208-9d57-49c6-9db0-1888dbc06f5f,5151
dd8b917c-2538-4058-b25f-1f9cb82bfa0b,5152
dd918190-e96b-48b3-af8f-1a60d2fa8768,5153
dd9785fc-04de-4851-82a4-33d26b2186d7,5154
dda73414-3c7b-40ba-a033-63c4e6cecd71,5155
ddb41aa7-5935-453b-bfef-ebcbc14db87a,5156
ddb9e9d9-4b04-4ece-a5bc-10df83ce7e11,5157
ddbb38e6-173f-4274-a8d0-ba80cae2ae9b,5158
ddbf0d66-b738-49b4-b113-474f64f7f4cb,5159
ddcf1546-8f0c-4c3f-ae3c-13a2b7cfe368,5160
ddd3d1cc-4c1e-4f5e-a0e7-a4bcfbbc265f,5161
ddd87911-fe19-49a4-8992-55982007dcd3,5162
ddd9ce6b-5dd4-4678-ae78-7cac3fb1f83a,5163
dddff80c-8e87-434f-91dd-9e4ee0df9afc,5164
dde3a0fd-571e-479e-803c-292497c75e20,5165
dde85c45-6f1a-46a8-8a30-1950020d17c2,5166
ddec0828-136e-45bd-b804-0a2fbcfadb8a,5167
ddf50e65-67ab-430a-a312-3a7ae3a882fe,5168
ddf8759e-deec-4f47-a19b-d14742ec2312,5169
ddfe537c-388b-4a6a-988c-8686285e8380,5170
ddff0e7f-7896-442c-9dc5-c8d274a2a714,5171
de08c03b-63f8-4073-ad0e-e159f076c785,5172
de117c55-b8bc-472c-b640-0a45a2311be4,5173
de1576eb-d95a-4cc3-a19a-7df75be1b4ff,5174
de18fe9d-70ff-4422-be25-670f9768ce99,5175
de1cc46a-52c3-4e70-af8c-dfc7ce15fbde,5176
de26373b-8004-4920-8623-4e7d1f46e0b3,5177
de29bf25-a7f3-40c2-a975-4fc77aa24997,5178
de2a8a34-2f96-4210-ba42-67dc50b5507c,5179
de2d82ac-56b0-47a7-9174-91023609bae1,5180
de2f9b53-1282-4a52-be6b-115fc418e879,5181
de300026-56b1-40f7-b1a3-c215d8ff47b0,5182
de30ea9a-2912-48bc-8d66-996428634f3f,5183
de487eb9-ec9f-4dae-a8d2-24490806bc96,5184
de4e2996-09d7-4ae3-9952-729612b5a41d,5185
de533e63-9e9c-47a4-a0f5-b2898c581105,5186
de67db36-0333-4694-bb5c-6481744f70fe,5187
de6f1670-ee44-436b-a9f2-69eb4aef3f27,5188
de7546f1-d3b1-4b99-a4a4-98b6cbf1976a,5189
de7b086e-3291-4d4b-ab62-1138f3b44000,5190
de8b140b-7a6e-431a-90fc-2896064f2cd7,5191
dea56529-da0a-4c2e-9a12-864a30755759,5192
deb171b7-35c6-4677-bf0e-04d7f7c470c7,5193
dec2664d-6e6a-4692-b033-fac9d937ad22,5194
dec58193-b26d-4676-b6ef-47653521683a,5195
ded1a1b1-e989-4f2a-90f6-110d787ab0d1,5196
ded1f473-fd33-43d7-b192-8d7b4949dc33,5197
ded4f95f-ee5e-4728-b015-a94b3aa21b32,5198
ded5b9c0-83f9-4fbe-838e-c5692262e738,5199
dedcfca6-5331-4d94-80e7-604946f107de,5200
dee5a4c2-19f4-4be0-96a8-87e183270163,5201
def5f9eb-1afd-4e93-8324-be894fb9f983,5202
def8d520-ef46-4ce7-a4d5-57ee2d23dbae,5203
df04f130-1086-4e1e-9df8-3df784ee1d7f,5204
df0a9c11-4f87-4145-b856-30e9e6dcc878,5205
df13413f-e6d1-48a7-8a0a-5a2ddddc5247,5206
df19b2bd-ba7a-44de-8729-69ac5897e320,5207
df1dde3d-8199-45e1-96fd-6962a9e5938e,5208
df2855a2-d301-43cd-ab6c-6ea7392f465c,5209
df38cfbb-c710-4017-a976-cc14e4104a28,5210
df410b01-221e-4a29-b300-1ddffbe83580,5211
df4af16a-b787-4b25-ba2c-85123d7ff7be,5212
df5b8fd6-6314-483c-9629-5ac38b9e775c,5213
df63a217-c4c5-42e0-bd40-e05217fd20c7,5214
df648c24-7cd1-4859-8a94-05f386c17642,5215
df86f8ea-4086-4f2d-9b87-2ca50654cfeb,5216
df8ec248-aa5f-4a8d-80c2-4dc574dc553e,5217
dfa602b4-1f8b-4054-8cc8-77b469600675,5218
dfb48ffe-6f37-44ff-a59b-31f78e5fde8d,5219
dfb63f8e-09b7-4232-8515-482250826d90,5220
dfbb1c81-a4a3-4ac5-8ef8-81930852dfbe,5221
dfc83f4c-453f-48b4-88d9-1ba4a247490f,5222
dfcacee1-50a4-490b-94c3-ed0838a7bd12,5223
dfde5890-8886-447c-9076-a113882fa77d,5224
dfe5dcb5-b14b-4e16-b45a-8aa284f3b829,5225
dfe99dcb-afe5-4144-8d83-98a639f6c6a4,5226
dfeb198e-f715-4e3b-b45f-0e17d87ce0b9,5227
dff58114-09d2-4aa3-9580-c0c42c71b5cf,5228
dff8a532-84a4-4650-8a42-2713bf93df61,5229
e0126ff0-af3c-464e-886c-574e0a2e212e,5230
e015e593-355e-4f2d-ad80-450e167c91b4,5231
e01c0c66-9499-4d93-8274-3aaeeb705dad,5232
e022e864-9f9b-4d06-aa4b-073c4d98c4fe,5233
e02c073f-be55-4280-98e9-27b8f0d0ade9,5234
e03cabba-13b2-4dd2-934a-a9db0ec121fb,5235
e03fc8fe-7b5b-45b7-b29a-a8a9944121de,5236
e04c5b8f-5c8e-47ad-b071-460de6c8fd5c,5237
e04e929a-1b39-4a55-b17d-9cdcc44161a8,5238
e0581629-2cff-4404-95ac-8218d2a65b0f,5239
e06aa65b-2308-44ae-b36d-7c74fd63f20d,5240
e07b771a-9244-4a44-8f5a-79830a0b4956,5241
e07b8f8c-c11f-41b7-89c4-683bdd41ea4e,5242
e0903779-be60-4eb3-a307-fc75f44ba585,5243
e0a977e0-0d66-4fe3-b98d-27c71da9ef46,5244
e0ac64f5-9649-444f-8771-0b1c814b26bb,5245
e0dd3a59-49cd-411d-a3aa-1d1e0b6e2955,5246
e0e6a7b1-fc15-41f5-870f-8036c81363c5,5247
e0ee4fda-b06e-4510-87c5-ce6a756cda1a,5248
e0ef8c44-dcc9-4b8c-9dc8-f01f22cafbc5,5249
e0f3d63a-a29f-48d9-bdd2-7cf5babeb0d8,5250
e0f8d3f8-a44e-4dd7-8e34-150c07fbf18b,5251
e11004df-cbf1-4a23-87d8-eda25582a7d6,5252
e1342898-7fcf-42c0-9ddf-1b380a8eec3d,5253
e14008eb-e115-490e-91e4-b427673dd271,5254
e144ba13-5b7e-42a1-aa5b-0ad7b72b7491,5255
e14cc193-1d98-4e02-a91e-4a16d24f9877,5256
e180ec76-ff20-4c62-968d-c359e042e5e4,5257
e18971af-0147-488d-b91c-a44c59d8d9a4,5258
e1a7e957-494d-49e5-8271-c26b55ff0e6f,5259
e1bab826-08c0-44f9-acdc-4c418deeee03,5260
e1bc4a13-9a9b-4579-940c-8f11700881d5,5261
e1bce66d-8650-4cda-86ef-a457b922bcf0,5262
e1beef51-8a0c-42e0-93c9-88a3fc0497dc,5263
e1c1b39b-8afd-4ef9-a0ba-689a72fc7232,5264
e1c61705-55b1-4580-ba5e-fa1858eaa733,5265
e1d97866-f6b3-4ace-8621-ab3ff73a2970,5266
e1da2763-e95b-4f18-82f0-694706ff3bc7,5267
e1e4bf72-4f5c-48d2-b4d7-6c5842825f91,5268
e1ea0f1e-4958-4596-bdbc-54d6dfc8bc95,5269
e1ef585a-95c9-471e-91f7-91fea4d1ee7e,5270
e1f10859-d7ef-4751-8fcc-f37176be719d,5271
e1f5e4c2-f703-4c43-b802-cf6f841e8e9c,5272
e20b29be-fcb6-4bb6-bb53-e3ab76880b54,5273
e20b2a79-bf0d-4325-8f52-909a83e9b648,5274
e20c63a5-5c46-4020-8734-5b66e571ae16,5275
e211dcb1-9188-4f98-b2e6-e2e757168d80,5276
e221fbad-2a4f-4d00-8a89-15eb51b66f8b,5277
e23b4e64-9a3b-48a5-9882-9a7c8e39ee3f,5278
e2434323-8a35-44b4-b182-9587b6556665,5279
e24b5ab2-7b9d-4496-9bb2-c686b52153ef,5280
e25cb064-cb13-4c88-ba13-1fd2c0334985,5281
e26b1345-9205-4f43-b936-a06f7fc38bbd,5282
e292e96f-e722-4246-a2e2-7741aaf28056,5283
e2a37345-2c50-47ca-bd19-7389ca915f82,5284
e2b62466-9e79-4d45-947a-1d643f3a29ac,5285
e2e28c9e-5040-40d8-8df3-245a2619e655,5286
e2f6c64c-a541-45ea-a51b-6c37a351484d,5287
e2f8add4-9ddf-4933-8ab4-1ea8463b7e6f,5288
e2ffc043-6cf2-4e3f-9c25-ac6ad7b4c443,5289
e307e00e-8693-4e8a-b22c-026b91e31a8a,5290
e30da11c-510b-4404-b230-a22cceaf96a4,5291
e31201e4-8b13-4ee7-98f8-2e8473a00817,5292
e31564ef-9ce6-45db-ad1b-e9f95dd74d4a,5293
e32a5229-f6c4-4c8b-be7a-bc26d53c20b3,5294
e32fa10a-02dc-4c77-888e-984df6966b83,5295
e342affe-8545-4986-89d6-2f855f598125,5296
e3481342-1e98-46a4-bd67-7fd2a1175ab6,5297
e3666236-b9e2-46f3-9179-279ab87c2e9c,5298
e38aec0e-52c7-430c-a3fd-713ffe6826ad,5299
e39eafd3-77a9-4489-a354-4564ca0a6d15,5300
e3a751f4-791f-4657-b378-8132970be029,5301
e3b4cc7e-fa91-45c4-b3d9-924e2fb07070,5302
e3c20f92-8c50-4b67-b097-d06327cd34d3,5303
e3d3da3b-d472-43ea-a185-b6f0cee75dbd,5304
e3e84a00-892b-4c2f-b931-a4d8ebf1685b,5305
e3eed440-35c5-4c00-bfd3-e944f3d99096,5306
e3fcf90e-1095-480e-a91b-45132ecf2e09,5307
e405c0cc-2c9d-43e8-9477-3d5599c5ef21,5308
e418cbcb-0d12-48cb-b250-f317360ed338,5309
e41b9e2f-f3f7-43ed-a241-ca531a340711,5310
e41e51df-4a4a-41d3-9afc-304d01009039,5311
e4225041-fa83-410c-862c-cb4c0411cb54,5312
e4278c3a-c116-4e1c-be28-09cc6362c105,5313
e42f5eb0-2a4e-4e5f-b6af-882c3101ee5a,5314
e43887c7-5680-4023-bd67-a90309e8ac59,5315
e4483d2a-8c34-4b19-b3c9-334c4322a9d0,5316
e44a4e4d-3654-41db-8e28-f404e388838b,5317
e44fc19a-e344-450d-81bd-49e89738034a,5318
e472e36d-8f9c-40dd-9c84-cca4fafa12e0,5319
e473073c-7fbd-4e36-8650-4d0e48fb213a,5320
e47866dc-6b72-4022-a675-00408bb317f4,5321
e48141e6-edfc-4800-bf1b-06141f45d288,5322
e492fac9-62ef-40b7-bc1a-bbc4f2d17294,5323
e49c821b-9a37-4997-b320-08df3695ebde,5324
e4a7c922-4912-4ff7-89cb-731a3c122adf,5325
e4c25897-054b-4b7c-bbdd-9d7c4c6e1af6,5326
e4c728a8-c780-4660-b4ad-b801bffcd2c3,5327
e4d06c50-b3ef-4bf9-bec4-56101ee0bf0f,5328
e4d3e679-f238-47c2-86bb-5ceb05847ec7,5329
e4dd6f12-8b87-40c0-b47b-016cf5e91280,5330
e4e6f6a9-eaf2-4f2b-a574-98f80beeef26,5331
e4ed8c14-740d-4b52-ad35-4d9ff9e34ea3,5332
e4f9dcfb-eb9f-45a0-aa05-edde168421a5,5333
e5071793-3c1a-40f5-8058-ffc27b33d3d9,5334
e509bf52-5d14-4f5f-8660-d3acf3787a90,5335
e50d4a50-0fae-43c8-a389-d429e1b9c8c0,5336
e50f1f87-dbe7-4595-84ba-4149b6defd40,5337
e526c521-df79-4f8c-ac3c-06a2775f37ae,5338
e52ba953-663e-48c2-aa25-ba860885ff6a,5339
e5385e59-170c-4965-b05f-710931820108,5340
e54273f1-8472-4b24-92d7-3e12c690ae48,5341
e54bc06e-1eb4-4e30-8c06-362225eb6967,5342
e55127dd-10b2-40a6-b2a1-ce565bce1e49,5343
e5572c2b-fbc9-446a-86a6-e6c65425462f,5344
e5738033-57fe-4d9f-854a-1cdb70ce291a,5345
e5775c45-0603-46f9-a34b-2583b76d179c,5346
e582959b-e499-498d-99a4-2aaa8ee094f4,5347
e58dd2ed-4ea8-4d00-9c9d-212cf24522ee,5348
e5b84d8a-3ece-46ba-8c40-d5f91cfb10e0,5349
e5c2fdb9-d37d-47ee-80a2-5f95a4aed821,5350
e5d189fe-7a73-48e7-8554-5ef55b775ef2,5351
e5e42a84-b65a-4a91-bb9a-c3cdb51c868e,5352
e5f9a0ad-7aba-4a40-b863-14127e8ad227,5353
e5f9be93-a6b0-4af9-968c-6f9d5b1a19e4,5354
e5fe62bc-1bf7-4b77-89e1-e05c32cf8cf6,5355
e5ff2ad9-e7cc-475f-8e12-03e542118e0c,5356
e6347fa8-73f8-4b22-a569-c933f950d48a,5357
e63c1297-2b5f-4bba-9414-eb0755c46c6e,5358
e645637d-fd1a-4a3c-ab03-9cc42652d0bc,5359
e65154a1-806e-4dcc-b0c7-dfbda3aa0f95,5360
e6537458-d867-43c0-a581-d6df4eb2d6c4,5361
e653dd55-b857-4271-9393-97a4f5410ef0,5362
e666e828-2fa1-4924-92c9-6585cf00ab58,5363
e67066e3-6ba7-40b0-a95e-8ed45e6239ae,5364
e67d3c2a-af41-4bc4-9aae-54835e5ce554,5365
e686fe6d-013a-4e22-9d89-ecb1decc3015,5366
e68d87bd-bb9f-4bef-a300-f0987c7fd379,5367
e693f440-e5bf-4c67-8406-7e9daebf7f1f,5368
e6c264e0-5c6a-4f9a-a0ad-235e4454eec0,5369
e6c5cfda-5185-495d-a7b1-63cc316dc0c2,5370
e6d03a49-9078-465d-b863-29bba8788e65,5371
e6defaea-9ed2-4b55-ba90-cc6235c60bee,5372
e6e55255-88c3-4620-b093-fbc7e5d30c72,5373
e6e5bcb1-7d0c-4c0b-a085-b3cee9e1fc63,5374
e6f25b3a-acac-41de-aa8c-d44355cd25a0,5375
e703837d-2155-4550-b077-7eb39353f54d,5376
e703b3f0-7201-4e45-a6b2-6dab99cd380d,5377
e7113c62-2138-4e99-aac9-728d80d70ae8,5378
e7139cc7-79e6-4307-bec9-055157afc0ab,5379
e728b42d-e1e3-431e-b3cc-0e104b0a1fb4,5380
e72e222c-6ef1-47de-80b7-1f5eaff5532b,5381
e73868b0-49df-44f0-ae57-8a7130916ea7,5382
e747a0f8-7e7b-4f6f-8a1f-979107e7664f,5383
e74a9a5c-7330-4a9b-9f8d-f152286a0bec,5384
e7518649-482c-439c-bc70-3c7358ba8e2c,5385
e7519857-2a52-4d06-8fc4-772273351a9f,5386
e75bd393-8eee-4ce8-9d62-dc8f811045d3,5387
e76a7ec3-3bc5-433f-9e5e-63e31fa669c4,5388
e7776865-35d1-433f-b536-ad93e3db7dae,5389
e7819b0e-3c41-40a8-9b77-ca423d9a23ad,5390
e782913b-8ed5-4d14-a01c-6ab8b2a7ac3b,5391
e78330d0-09cc-4443-a539-77ed1bab3381,5392
e78bebbb-e0df-45a8-8912-524930c54844,5393
e78cd036-7008-413f-8582-8b65d6ebe1ec,5394
e7a54c80-bb45-46b1-bd1f-b579d40421f5,5395
e7bb5260-e51e-49a3-94ef-2047472a3529,5396
e7cb80cd-7b5c-422b-afa6-54601c6f7180,5397
e7d78531-9be9-4fd4-8c1f-56b87af58492,5398
e7db21db-3f3b-4fb9-9cbd-bbdd41323b21,5399
e7de0ac5-534e-4e5f-b9d9-09b6e09a6723,5400
e7e2d0ca-b65a-4e92-9bfc-391470345163,5401
e7ea8ff9-0dc8-4df0-b7ba-27c1d4338824,5402
e8077599-9913-4d2f-8f6d-dc7c1ecba8d7,5403
e81f1938-8a73-4460-b06c-4e0f7e16deba,5404
e821e46b-196a-472b-b3d1-717b74e0ad09,5405
e82c4e27-0360-403d-b96b-c841a1e241cf,5406
e839d984-d9ad-4860-80e8-4a20abf8e5f9,5407
e8531228-17da-4fe7-9bdb-a37e5410fb7e,5408
e854eb10-5c7c-4d57-9b55-8508ad4a0350,5409
e855d66b-e2a9-496a-8c96-58ed8ce8c711,5410
e85aa7dc-b435-4b9f-8c29-0ae02e2e435a,5411
e86ae379-5975-49b7-aaa7-99daa86c23bf,5412
e8768ad4-f524-45c6-bd1d-1cca59f69f20,5413
e883af2e-668d-4b4e-b737-76e2151593cd,5414
e884a8f0-28e9-453d-9ede-e490f371e9f2,5415
e88931b9-d7e7-42f5-b601-5f8beff0045a,5416
e891fd9f-f06f-45f2-b23d-fd7a52d89463,5417
e8964500-438a-4678-af96-0f44f8b1dcaf,5418
e89a0111-60be-4c7c-b7b3-0fe4101a6a42,5419
e89b6980-8a02-4fa0-836e-4bf06f9d56dd,5420
e89c7bdd-fbea-4032-b43c-5d4566e4a1c9,5421
e8a109c9-bc3b-478e-8638-34af975ff5a7,5422
e8a1c333-b82f-4edb-aabc-188c6876c99c,5423
e8b7f9a0-59cc-4f1d-945d-84d5ea9c95c0,5424
e8d40995-151b-4f80-ad93-47bf3664d392,5425
e8de15c7-ead2-42d8-a97c-df3ab06c8ca4,5426
e8e05b4d-b405-4672-bd73-dfc769b01cb9,5427
e8eb7e38-2c62-44a6-a43f-0f3e8179cdc8,5428
e90c48e6-7008-4e29-ae92-592a87a08d0a,5429
e90eccb0-c41e-4844-9921-94dd8c182a45,5430
e90fdb7f-cbe2-47b0-aeb5-c6f1582249c7,5431
e9190a31-a5ce-4b0c-863e-4b0bfea064fa,5432
e92b4399-2fb2-4067-96f7-025255b03002,5433
e930937f-dbec-4e1e-8a44-cbccc53c5d50,5434
e9419a2f-1e8d-40aa-8c89-e8fe6457c763,5435
e9521a15-64df-4874-b769-190b6c73b2ed,5436
e9764865-72fb-46e6-bce7-93456c234667,5437
e9770a4d-69d9-4da9-b67f-fcc53e48b7a1,5438
e97fe066-d983-440d-b717-5b1d9ecb793c,5439
e98490dd-d86c-4de5-93a1-22754e05fc4c,5440
e9b38890-5242-468f-b05f-72ca8410e683,5441
e9c592a6-e4be-4e14-8ba0-ed50f9ea0be1,5442
e9c831b2-5032-47d1-a9de-cf41f8e6da0c,5443
e9ca9350-9ee7-4309-9075-b590c15c7e57,5444
e9cba043-7fe5-47b8-95ea-02f474f8af35,5445
e9cd3182-88f9-40b4-8153-91877fd98af3,5446
e9cf0602-7d92-428b-9433-58208d885c5e,5447
e9d055e6-cf5f-4f85-8ce2-7f97268825b0,5448
e9da7f4c-a6cf-48b3-b9f3-e1251cdf11b8,5449
e9e128ac-8545-4c62-85ec-a68a83cba30c,5450
e9e2a88c-f97a-4edd-b059-eea878a6bba5,5451
e9ed84dd-bcaa-431e-ac57-45d89580eac2,5452
ea1ddf3d-26c0-4d80-9cef-053ae1810258,5453
ea1f05e2-3d74-47bd-a7dd-70b7a58daf58,5454
ea24072f-348f-4dd9-9bb1-f7281a000da5,5455
ea2b67aa-ebff-4c00-a457-99941bb7cb26,5456
ea2ec105-6ace-4529-8b60-8cfe84529264,5457
ea3aec3a-2205-4b94-8bba-481bef386874,5458
ea475d08-e467-4c14-bb84-6f4dfb5093bd,5459
ea51335a-0e53-4d39-97a1-07302e712214,5460
ea5a7f5b-f56a-40ee-b08c-1766e41cd5b1,5461
ea5a9f2f-0098-4fca-aca5-d7bffcfb4c32,5462
ea5d61ee-cac7-476c-961b-545fbed1e6df,5463
ea7fd790-0108-43cd-8bfe-c594ea8c2950,5464
ea93fc88-1880-4c18-8a6a-2208e0626201,5465
ea978be7-cd11-4157-8b8e-2a69540662b2,5466
ea980330-483b-4bb2-9c42-126909614024,5467
ea9f7f67-a9c9-44de-b908-add275f02c55,5468
eaa3b111-e301-4489-8a3a-11dc5376447e,5469
eaa7f74b-239d-497c-b3ab-18a6d7e891ff,5470
eaae9de7-f75e-49fe-8faf-4fe59ca853fa,5471
eab6422c-4a70-4d08-ab74-77ad9c795498,5472
eac633ef-f681-4346-901f-955bee62b91c,5473
ead712cf-0ccb-430e-807b-ce54d158b5f2,5474
eadc6881-739c-42d8-a51c-378b3724c7b0,5475
eae296b9-cb73-477d-a2b4-6229b3435a48,5476
eaf129f8-aab8-4ca8-82cc-617737b70baa,5477
eaf320d6-3126-4cdd-a19c-e7c1ceae82a4,5478
eafdd9a1-3d91-4d92-8880-72a3199b47f9,5479
eb0bc1ab-0fa3-45d4-b40d-df51a5725850,5480
eb25a74f-d023-49dd-957e-66f51d480451,5481
eb2a595c-12b0-4d4b-805b-e0573312ea23,5482
eb306587-9fb1-454c-8f32-d26bb3713ab7,5483
eb34a1ca-b66a-45d8-8bf7-265a6a09ae22,5484
eb355bd0-3229-4fc8-b7cc-e895ccad0fcf,5485
eb35bf59-ccf0-452b-a83f-8ef3add08586,5486
eb368952-3a00-4622-b3f8-0e8ec423ab87,5487
eb3a27ea-9f50-46d8-9ef0-3b0cfbd31555,5488
eb5c2f34-ac74-4aa8-9ce1-fca357946758,5489
eb5e8a95-9d3d-421e-a552-7708042be747,5490
eb63e68f-5a62-4492-a14f-bfd5b97b49c5,5491
eb65bcbb-3b88-49d3-bf46-b0e63252a9ed,5492
eb672c38-a746-4e1b-b949-274b4a1f6ca4,5493
eb68553f-cc11-44b2-ba03-a57e7bda942c,5494
eb6d55dc-6c5c-446f-a25a-15b8b6408af3,5495
eb7a19f8-792b-4a1d-9521-604807ad8656,5496
eb94132e-6b10-4ffc-85e4-f6c37513db9d,5497
eb9b1c85-872d-4797-a9b5-c5b6bf59c0e2,5498
eba192a0-4d6e-4539-b603-bfd7a2f447b3,5499
ebbe58dc-c303-4353-88ff-c7fae6407024,5500
ebc386cf-c94f-4bac-80e1-8ebe65977bab,5501
ebc981bd-5597-4a36-b1e2-966607e3a0f6,5502
ebd198d0-a685-4ae5-830a-98bcc0d8e5cf,5503
ebec4212-a976-48c9-a992-3a994e733c25,5504
ebee2660-5f4e-43a3-8513-6497c79f52c6,5505
ec03122b-935f-4750-94de-de6c3eb3201a,5506
ec0cc452-e54c-4eb2-bdcd-4cc5bb653bcb,5507
ec0f2e22-da38-47de-bf4e-c4678d7bcdce,5508
ec177fe2-b605-45ed-b707-c92ebae5de4a,5509
ec1a6b1f-8ff4-4e9c-babb-27afdf95dc84,5510
ec1bb26a-8c54-425d-9e3c-7c14d76f5856,5511
ec265c6e-5c11-4723-9443-75b6b2fc453e,5512
ec26604c-3693-4f91-96b4-daaf9bda2a9c,5513
ec288bc2-ed99-4e1f-a846-a85456637db8,5514
ec3125aa-4ffd-4c3e-9427-3c9b60a6f82e,5515
ec36fb1b-087a-41ef-912f-a3eebdbc7fb6,5516
ec41224a-43b0-47a0-8b16-3546f91df59a,5517
ec6d1890-b1b0-458b-a893-e2bed647e4d9,5518
ec8df5fb-640f-4eb2-b0ea-2c5e9a603c09,5519
ec969175-2be7-4838-aefa-a28f59ebec91,5520
ec99bc65-a7a1-4325-a4e1-601ae540fb9f,5521
eca7c22c-9050-4e7d-9b86-13b081c4154d,5522
ecaede29-2f64-4cbf-8042-94fd1c36a8c0,5523
eccf2b4b-18fd-4bab-8991-f490d1ea56f6,5524
ecd624b3-5c74-462d-913b-d6edc76de8fc,5525
ece37f91-cfc8-4bea-b89e-9fd99af9583b,5526
ece45077-a65c-4277-84db-0b55c8cd2df1,5527
ecf29326-848c-44ad-a95b-8379e1ad1bc6,5528
ed041e7e-4b1c-4a0d-8d03-20e2031294ab,5529
ed0ea685-15d7-4a91-92b6-9f1cde6d1092,5530
ed19cb8e-b4e0-4a80-8652-dd22bf51deea,5531
ed1a071c-0fa9-4ac8-9f8b-7638dc2f610a,5532
ed29c25e-859f-4454-ba8c-7fd6c9df3810,5533
ed2fe6f3-5e67-46c3-9e88-1ea100f23ee2,5534
ed3ebd53-cdb8-4184-8469-3b3b1c1aee75,5535
ed54e304-ecf6-4d5a-9662-15a59efcef84,5536
ed563ca4-1cbb-476f-93f0-3eee66fb4775,5537
ed58a58b-178f-42fc-bf97-3e12141735ff,5538
ed702d55-ba9a-4fc4-900e-594bd6379c9a,5539
ed73c988-5455-4c0b-9e92-c28f2dcb16f2,5540
ed748787-7cbf-49c9-a7e9-d0b3af8161b9,5541
ed8077d0-17f3-4874-aa94-9f41be19c4dd,5542
ed8e31c1-4e6b-4e69-aaab-b9f33ebf4a72,5543
ed927ad0-372c-4dc9-bd14-fd90c1e708fa,5544
ed9289db-3c18-46bf-93c1-c353762711e0,5545
eda01612-a845-46e1-9920-36eb19250944,5546
eda658a0-2b59-4060-98ad-dd97c5464bfc,5547
eda77a9d-61fc-4a84-b8ac-8ac8f43b50be,5548
edbad106-9e07-4d10-96d9-d1b454effbfe,5549
edd62cc3-966d-49dd-b864-ca571ba213cc,5550
ede0c7b3-4ed4-49b6-b4f3-ccecc428fc5c,5551
ede415a2-bb34-45ee-bbd3-2c2ed548d908,5552
ede6018b-f50c-42af-970f-7f50928059be,5553
edebe228-4500-46d7-808c-3ed667de2613,5554
edebfbbf-570a-41ea-af3f-5b38888c44cb,5555
edef7a80-ffac-4d27-b146-0ec8e6c1688d,5556
edf8c871-e03f-4ea1-83cb-49154be91b94,5557
ee1bc48e-f414-4d0e-b2af-598d6dd364fa,5558
ee2cbb1d-1856-4480-8fef-e3e47094e7ef,5559
ee3a78cc-c5c3-47ba-a782-682cda608c37,5560
ee40ae4c-817b-4542-9620-d98fe23edeea,5561
ee5315f9-584f-4892-a304-52466dd0b11e,5562
ee5b0a5c-8ed3-4a86-953e-61ed4cc6a982,5563
ee61d761-2153-4478-a441-8c867c8582e6,5564
ee7e0202-d2d0-48a7-b676-4071553e6e6c,5565
ee88d5f7-821c-4161-82c6-e25a30a838ce,5566
ee8e12de-6b01-4a17-867d-07b635cb1eab,5567
ee91bc33-9ddd-4114-b204-db5d701f1993,5568
ee988ac8-a715-462a-bb0f-37001901f93d,5569
ee9b253d-e148-4f8b-9bad-4624060669df,5570
eeb683fe-b1c2-4410-8ac3-660de4479113,5571
eebfb8e0-22c3-4ac3-ac9d-6a1526d1a068,5572
eed28eae-2d44-487a-a01c-524322288f0f,5573
eed8848a-184b-4877-bbbe-9ea938fc03db,5574
eee1797f-7394-466b-87ef-fc39b5264195,5575
eeed0c8b-d62e-423e-938c-2ce8b3368262,5576
eeee3080-e4cc-44d1-9d0d-05eb42cf37f4,5577
eef5a92c-8b69-4508-bfbd-84b21ec5ec3d,5578
eef851fc-63d7-4368-8ab0-33c0ad3e6a52,5579
ef0908b9-031c-4298-b5ba-2e99e6a74201,5580
ef0b0d32-964f-43de-9b3c-11a036e87823,5581
ef0bc88b-ffe3-471c-b4cf-f3b0b605f092,5582
ef0cb226-fd9d-4f7b-86c6-fbbe890c3dc8,5583
ef1c0dbc-6efe-4e69-a1ec-066aa969a845,5584
ef21bcd3-7b82-4cdf-8afb-a883faff9884,5585
ef291a8a-a518-4a6b-812c-1912ff9ffbcf,5586
ef463a8f-6120-422f-bf72-2d3046ca07cd,5587
ef5611fd-7906-48f4-9087-2faac905517f,5588
ef56e1ef-7dc4-4230-ad14-804562b6bd58,5589
ef603702-e954-41a2-8155-f279622857e2,5590
ef63a3de-0849-45f1-834c-3b5d56fea89c,5591
ef722095-c242-4622-b2b2-4e8f3d38dd0a,5592
ef730d2b-fa43-4dcd-b718-458586469d7b,5593
ef8895c6-add4-4d4a-8ff6-2c88fb286775,5594
ef9523b7-01c5-4b45-aa1e-a2e02443d5aa,5595
ef98f8a7-a139-4d49-9c8d-003311555caf,5596
ef9996c0-bafa-4130-be1f-2c16b02f7edd,5597
ef9f6293-41b4-47f2-ae05-7cdf834baa67,5598
efa8825c-f534-4afa-b92a-677efe63f22f,5599
efb414ac-a6d1-472e-a1c9-31662d6325d2,5600
efbd4306-8394-4531-a7fd-7ef13e78d095,5601
efd3fc95-1b33-42e8-9540-d07f9324cf22,5602
efd76d13-3f43-4a9d-ba17-5b35aa37d6a5,5603
efdafce9-3e6f-4fad-adca-b4d0bd719dba,5604
efe32280-11dd-4f7e-85ca-8f8d398b288e,5605
eff8f661-ca22-485c-87c7-4429b0d65a57,5606
f00c9342-61ee-4aea-9856-c1ed85a56697,5607
f00ea074-87f1-4567-a0a8-26d752b56d26,5608
f02886d8-5013-4bfb-8316-31ad2c4499b0,5609
f02bce6f-ce6b-4924-998e-cf8e3f13cffa,5610
f03543d8-be15-441c-8d72-40ab51cad60e,5611
f03c7c9f-3331-4b9c-82ff-c3a5d6fd9a84,5612
f04d37fa-b58c-44af-9253-eee737e692af,5613
f04d56db-a8d6-4855-9c8c-914d1d7550fd,5614
f054176e-ad7b-4f55-ad94-f688bd845dfa,5615
f05bb894-ee74-497d-9ce2-fbb8a60d1d59,5616
f05bea1b-3c3c-4a07-8eac-e758c9137d13,5617
f05c2d2a-25f7-4d04-82bd-33fb8938c18e,5618
f05dea5b-d1ed-4b04-ad58-df8a5a5283d3,5619
f0679b2a-a7c7-4b32-afd3-42dab0a41cc9,5620
f067df98-ef50-42c6-8bb9-1fa4fc144c16,5621
f0686916-0153-429c-9bd3-c31618d28241,5622
f06921dc-9a63-4e82-8196-f8c39a59f3d1,5623
f07c5819-7ea4-493d-87c6-6ebb58d7d6b3,5624
f08c1246-2964-47fe-8a10-979354711155,5625
f0a59b86-5204-4eef-9271-761ee2bd3178,5626
f0a7ac29-4a13-4c15-9a32-9814698f13be,5627
f0aba853-916a-46cd-ad5b-28e859c1f031,5628
f0adaafe-81f8-4175-bb53-2eaf7f125694,5629
f0af0605-d5cc-4213-8483-d8095502f52f,5630
f0b59238-f844-4401-a728-5fa203bd7c5e,5631
f0d0990a-2cc2-42e4-bdad-a969cb0c4ad8,5632
f0d2a5fe-dd22-4e3b-a097-f31f38ca51ea,5633
f0d2ddd1-d588-4c15-8765-13c858f4db70,5634
f0dff0fb-6639-4948-b5bd-6137c3c7fc5d,5635
f0e9657c-4757-4dea-9e61-6028e616dcfc,5636
f0e9f39c-5324-4cda-aaf4-27e73f7973fe,5637
f0eb70b5-0eca-4959-9ca2-1f26922735a3,5638
f10db489-3d0c-4a16-8dc3-f8a983e567d2,5639
f111ebbf-6963-4bbe-968d-8c048a4f2f12,5640
f1340056-2009-4d00-b4e8-86f74d8af767,5641
f1443b38-8029-4657-b58f-ee2eafe97f39,5642
f14f8888-8677-4bda-a1eb-e9586a3943d2,5643
f155d763-3225-400f-b918-afb2204292b3,5644
f167d1c1-7432-43dd-8252-c81f2b97bb97,5645
f16ee4b0-6df3-4fcd-9d3c-10c28f265085,5646
f173132c-7d79-4b8c-9968-ca19fff139e9,5647
f173b5d2-29d7-4476-8b1c-477e1158487b,5648
f174c9e5-10d9-4fca-91e2-76f81760b95c,5649
f17e654c-8c56-44bc-b718-a1f2a050e1cd,5650
f1924577-329b-4e7c-bef9-f5148400a199,5651
f1b2f0d0-274a-4b06-9a2c-655918edac4f,5652
f1c756ee-a82b-4c2f-a2ef-b48468e808b1,5653
f1d3f247-56b5-414e-b8a6-dfd51b965660,5654
f1d58695-cf8f-4ed3-b003-73626815612d,5655
f1e20df7-11cb-442c-96dc-08f6d80df162,5656
f1f90070-2820-4fb5-9c97-a84605806c70,5657
f203eb42-f616-4cd1-b385-afabdce51854,5658
f209baff-c465-4462-84be-a32d07803b21,5659
f21136e3-8a4a-46b0-823b-cf3f72bc6a16,5660
f212f6f6-0145-453a-ad82-cf5e4a6b3ca1,5661
f227bec4-17b3-4801-8bc2-2816c69c8473,5662
f23d678a-2066-4ad1-aecd-bd08b9567fbc,5663
f2513bc8-e5bd-4ec8-acb7-249231bff72d,5664
f2563dc3-3187-44a9-a902-20a6e07699d0,5665
f25dcb02-e229-475a-9109-f6b040ef759c,5666
f266a3e0-63fc-4e4a-a843-2a1a0e9eec61,5667
f270e07d-cfb6-465f-b653-1e6ed38054a0,5668
f272a8e0-21cf-44b7-8258-32cbe11c6867,5669
f2740610-4e30-4be3-9523-7f17d100d8fa,5670
f2882706-a089-4261-9846-a1858ee93f2e,5671
f290b8d3-2aaf-4811-b3d8-a9b5dea531f4,5672
f29fa381-bb9e-4082-802b-fb66cfc518a6,5673
f2cc7ea8-982d-4950-9fb3-69b76269afba,5674
f2e22eb7-233c-4f79-b36f-c2b0493babbd,5675
f2ee3026-4ab5-4be6-bd6d-8581befbbf0c,5676
f2ffc7ab-c36d-4a4a-a02b-3903c46c6317,5677
f305db75-c15a-47b8-8253-f8624a491d6d,5678
f31ab891-b6dc-4eb5-b21f-2850ca7d1bc4,5679
f3355cdf-79a6-4e25-849a-d8af2869594a,5680
f33953c8-5398-4a39-92fe-37e1f6a9f41d,5681
f33ad462-9a30-4497-bc31-15ab60545373,5682
f33fa801-ac42-4fab-85b4-9061d6303e54,5683
f348e139-cb4b-43f7-b3f3-d49d67731e24,5684
f34c0a3b-cd40-4819-911c-ad45456ab8d9,5685
f34e943d-f5f0-472f-adac-6383accfae0e,5686
f3512caa-4204-4b1e-bc84-228f9233d68f,5687
f353be4a-b355-4f76-a642-d638f69e0ede,5688
f3566d03-bb29-4186-9632-b1ba6471658f,5689
f3644724-c59c-477c-8550-fa974ad72518,5690
f36b3251-1cf0-4b8b-b622-51a233ea28f3,5691
f373d1b5-7b15-43f3-bc13-67e442d096e3,5692
f3844d0f-52b1-48e6-bf7e-feed56d0ecdc,5693
f3918844-0b57-4921-84ed-3dc346f479a4,5694
f39badf4-e0ec-4e5a-9677-cac8a1511d49,5695
f39d4d2d-e750-4074-b7f1-d69214b35223,5696
f3b46e51-1452-46f5-8ef8-ef9894f45996,5697
f3b872fa-e695-49fa-850a-3021a2257ef7,5698
f3c0313d-8e22-4b61-af64-de2cc288ce0b,5699
f3c4d5fc-e7b7-471c-8f8c-726fba6a1cd4,5700
f3c9dbfe-ffb2-4385-bcd9-c3a2cba73bba,5701
f3ccf481-d64f-4647-9254-41c8e521903e,5702
f3df012f-7804-46bb-87b4-da21fab246ca,5703
f3e1465f-05be-46fa-9f60-4058054d00c2,5704
f3e4639b-1620-4175-94bf-6104e8dcd671,5705
f3e4aaa2-0f18-41c4-8cae-cb91715d173e,5706
f3e8c485-f2d9-484e-8c5e-6346f88c865d,5707
f3f5384f-3b24-4b57-baee-18bd2aa4588a,5708
f3f7cb56-b211-4e24-a63a-75c4f1e0bdba,5709
f3f89d77-4889-4d5b-98cb-ec59f1ded33f,5710
f3f9947c-046c-4a3d-bf8b-3dacb1d5ca49,5711
f40535a5-7108-458a-ad2f-cf41718baa18,5712
f41c2cad-c36d-4072-824e-537d2ce0844f,5713
f4218812-9c88-4ee9-b2a5-0a1237396c5f,5714
f422ae7f-14c5-4256-aa0c-88beee8ea22a,5715
f43b3b69-7ec8-4dd1-92d3-d42bbbe9e346,5716
f4458633-d381-4955-b74b-50a07821180a,5717
f446a955-6dce-4f92-ab7b-48aef03ae40f,5718
f4493bc3-31a6-44ac-9366-3332425da574,5719
f44b8bc6-af3d-4f9b-a7a8-6061c26d4d80,5720
f4505c72-a8db-4a9a-be4e-8aa0372f1f85,5721
f4559fba-d926-40bf-b0b6-35b682fb8efe,5722
f45cd918-3091-4d35-8d37-e39a3f726262,5723
f4673c17-c91c-4f83-9eeb-afed9e09b458,5724
f46915fe-43fb-4c17-86d1-b8e4f764c383,5725
f47ffaff-899f-4946-ba9e-603322bb393b,5726
f480a650-8c89-4497-b49a-037306359c9e,5727
f481ab23-df86-48f6-80a0-cd2b8fb77d74,5728
f48bef3f-b554-459f-9dbf-ffd9664f666e,5729
f494e1ce-c62d-4804-9bcf-571459fa35ac,5730
f49cf427-d0fe-47bf-a396-356eef6cc3f2,5731
f49f051c-8c20-4834-a74d-a4164119724d,5732
f4a27ff8-7582-4cf6-853d-7b5bcf07e74c,5733
f4a64422-85b4-4995-aa51-c85a6a96622b,5734
f4b01919-bd3e-4a75-bea8-cb11405d4ae2,5735
f4babb9a-59c0-4380-8f8c-5a34689623e2,5736
f4d32390-d38a-4330-9077-87fae63d827f,5737
f4d8c8ab-9fa2-455b-bfaf-f011ec71d2eb,5738
f4e5e977-b5ea-4e64-860f-ad3f05062472,5739
f4ea771c-78c9-41b9-8da1-76a458f917c4,5740
f4f0d862-81a0-46ab-aec0-81d219f92798,5741
f4f5f82a-93f9-4795-8691-f16dc2431273,5742
f500a605-6032-4f74-871b-6d6812fed288,5743
f5092f44-712e-4fa5-9ea5-69357270bc39,5744
f50f6282-217d-4e13-a3f9-f3b5c18a9276,5745
f513992d-e4c3-4619-bd0b-3994ab5aea6f,5746
f51c6c70-8bdb-4d21-abe4-23c8551ca4b6,5747
f520c94e-e8b2-4101-9167-db6eb85be0e8,5748
f52aa677-0233-403a-94db-aa4262666099,5749
f53bc5f8-6014-4db0-9a06-bb1c172e69ea,5750
f54eb791-cedb-4e1c-bd0a-2b0ed6176af8,5751
f5508dea-2d99-49d7-8f26-5ddda41533c6,5752
f551a2fc-2000-4a1e-80f2-3f2b16e78484,5753
f555490f-a4b5-47a9-b05a-7779b5fd660a,5754
f577ecf3-8b0c-4cb1-a124-85a98f079abc,5755
f57825e5-355f-4f8c-bff9-03005ae7126c,5756
f590c081-1f59-4ac0-baad-691035631b32,5757
f597ef2e-d5dc-41eb-987a-5503b7370129,5758
f59e728e-d68f-4fb0-84ce-66d559e5419e,5759
f5a587b4-0d32-4ae8-9c4c-d3dad9c68782,5760
f5b0a8c4-de87-49ea-9007-ddde474638a7,5761
f5b0d4bf-6f50-45bd-b93e-b01876d053a9,5762
f5b4402f-8f36-495c-83c2-58a06d33629e,5763
f5be3a46-4513-46ae-810e-b21fd8600417,5764
f5c4aa91-db9e-4b6c-a99e-eae0435bb177,5765
f5cb4dc7-a86a-4377-83f6-5ba5fe25d807,5766
f5d26ca7-b5f5-425f-948d-1cf887312fed,5767
f5e6669e-26b2-441f-af98-382a8a8fee63,5768
f5e8207b-d611-4294-b3fd-6e81046fa05a,5769
f60a10ed-7459-45e8-93be-0d596d64ed17,5770
f60ed40d-70c2-4849-9343-259f4590ba2b,5771
f61362c8-029c-4036-826a-9e353cf8b7fd,5772
f613ad8d-0ddc-47e3-8201-fec46393308d,5773
f619b0e8-a89d-49f8-8758-22f634aa78b8,5774
f6217196-6687-4967-9481-b71a1e9d1d06,5775
f62a91d0-067e-4eb5-bcdf-c5617961909b,5776
f63dfb83-37b5-40bd-a330-b1286840a77b,5777
f644a211-258d-4515-83ab-0cf547db4fe9,5778
f64e2d09-b932-4060-ae30-47c6e81baff5,5779
f660a4af-272e-45a5-a6c7-fcb926642c41,5780
f663818f-2175-4f6f-b22b-3c1139022f34,5781
f675eb72-4a23-4390-a76d-603e8726a449,5782
f67b48aa-5425-4c84-8805-5ccefd39c07d,5783
f68548bc-f731-496b-86d2-b3467115e6a1,5784
f686e1d7-af65-4452-b109-55bcfa775f62,5785
f69601fa-ed13-445a-9d21-8bd81ac4da0c,5786
f6a01570-18e4-487f-b12a-1c19dc97cd29,5787
f6be82eb-19b6-4c93-8b05-dc211ba7b167,5788
f6c07d1f-3e0c-4caf-8f0e-e7b3969693ed,5789
f6dec28e-eb91-4f35-bd6b-6dc89ce0c5dc,5790
f6e17cc3-57ec-4391-afb3-f195645b2084,5791
f6e5089b-5089-4210-9bed-f7d8eb3c5715,5792
f7083010-1ddc-4970-8ef9-e35e4202baa6,5793
f70cadb7-595f-41a0-860d-cdfe1eba980b,5794
f717f3ad-8363-49f9-83ab-4edf43ebd95b,5795
f71cf80b-be07-4479-8d7a-517f4afeb6cc,5796
f72acd96-38cd-4201-bcb8-55769d17182d,5797
f733134e-ae6d-4885-89fb-603dc4d83921,5798
f7588be5-9457-4c5e-b66f-bafcc7c7ea33,5799
f76d77f9-42a9-4fe9-9f27-230e2bac2947,5800
f776e7d0-e58a-4f78-b620-505d07acba31,5801
f778dbfb-37e2-4846-92f6-0033e5c1a435,5802
f7810ccf-4e49-48f6-a923-4f636616a6da,5803
f784254b-2649-4936-873f-c908995945b9,5804
f78bbe3a-ddd6-4f84-9dfd-c043f3f8ba33,5805
f79d6fc4-ffd5-402c-a487-b96fa5273d40,5806
f7a8b46b-783e-406e-951d-9b6dd94d7cbe,5807
f7b9d131-bd78-4aaf-9a8a-ef519cba55ed,5808
f7d54640-5b2b-4e4f-bb8d-fc80789a437a,5809
f7da376f-e1b6-40c9-823a-d4532a18c93d,5810
f7dd613a-911c-4e3d-8a9c-63e752a090ba,5811
f7e92102-1330-4236-bc45-36a2d6345a87,5812
f7efaa2d-ac99-4683-b281-c9d2df709b97,5813
f800eff5-50ea-46df-a334-4c4c4d5a60b9,5814
f807660d-9782-41ce-948d-b02b75d6f4e5,5815
f8100b92-f7e3-47a9-8fb6-89bdb7e4a992,5816
f81a9b4a-4398-411a-bcfb-1902d3684dfc,5817
f82329a8-44a2-44a8-9138-57f0cfcf0c9b,5818
f823aba2-dc8d-4d8f-beef-a4114a767802,5819
f826fe01-9004-44ff-8c80-b8c5322240f5,5820
f82dc660-f1ee-4e95-9c56-d44d42f6f89d,5821
f82fe2f6-103d-44bd-ab59-c3bc4dd46780,5822
f846605a-fafc-431f-97b3-a62ee8ac3a0b,5823
f84b1963-7dd2-421e-98a7-cf7912984b55,5824
f87060f7-a358-41f5-b949-afd0f9a12cb8,5825
f879b05a-3e84-41d2-8b8a-43f802cdcef6,5826
f87d1663-7607-4fa8-8b26-da4db730f47c,5827
f87f03e9-6d63-403a-b521-e64039565296,5828
f8885566-24da-41e8-94c2-329c0883440b,5829
f89ef6bf-2ba3-40c4-a698-012047408d07,5830
f8be762a-d7f7-4c85-8fed-fd97777cef8d,5831
f8d21de0-e5dd-428a-a07f-77ba0a3c36b2,5832
f8e2dd27-a7eb-4c05-80ce-c7979f828eca,5833
f8eb1c66-ede6-4b96-a285-fce128a86e81,5834
f8ed6d8f-7871-495f-8e0d-d940872175fd,5835
f90025d9-0a6f-4159-b5c7-b3d4b1300473,5836
f907e8e1-e015-4a19-bc5c-9899815f0173,5837
f93839f5-fd26-47a2-88f4-cd1b71f218d0,5838
f93ac992-0544-453b-aedd-dfcaff727c22,5839
f9413f10-c95a-4f25-8414-67e89a1bde51,5840
f94c88f7-e0ef-4e3f-a414-7a5624b571e3,5841
f95502e8-ba2a-4302-becf-59b3e0cee8ec,5842
f98347b7-40ad-409e-abd9-9f1558588833,5843
f9c7122e-6ada-4742-8f2b-e183e25d2261,5844
f9cf6fbd-a35c-4028-bea2-e5a3feb73099,5845
f9d83a73-67a1-417a-a804-df8d4374a87a,5846
f9de6017-9ee2-451f-be50-5b5cb9e06c62,5847
f9f2ba6d-67c1-4a4a-8072-c05b8555740d,5848
f9f51bac-168e-4876-a000-910b930e54ef,5849
fa04280b-003c-4941-9491-b83a1a8d2d84,5850
fa18c8b2-2037-4d80-b759-30d396e89aa9,5851
fa232fb3-090d-44b6-bff9-013870bf935f,5852
fa2ceb87-3e93-406b-8392-c5a27d62c82d,5853
fa336c52-28e3-4959-878d-475e25668aed,5854
fa3d390b-e24d-457e-ad81-48a8355847fa,5855
fa3ffbc7-4c26-4860-9bf1-7f2036b40bde,5856
fa47ce28-a4d6-41dd-b9c3-59c0352151a2,5857
fa49b781-0909-494d-9687-544baa078668,5858
fa4f6d5d-b022-4482-ba1c-c49bf3ba7ce8,5859
fa533e33-7d5b-4564-bbf0-d9d95e1687fe,5860
fa5d2cb4-bb76-4c55-9954-2d073b70e2c7,5861
fa623122-4245-4207-be6b-7f1b8511f703,5862
fa636875-d253-4069-b78f-838f06203b73,5863
fa6939cd-5790-4d74-a221-859e69c9abca,5864
fa718012-cf24-4422-ac44-01cc397a6b9d,5865
fa7a10b4-06f8-443b-8a9c-368f1da47549,5866
fa9bd637-94ea-444c-a218-cab7fcd87515,5867
faa0be5e-41af-4da1-9ae2-71e5ef6fa651,5868
faafd614-3460-49de-8649-c6f89519cd1c,5869
fab3f769-a1a6-471e-9bf2-928a67d1565c,5870
fac249fa-5318-4e49-b74b-307fdf2e1b49,5871
fac4d5cc-6e4c-444f-9bea-fc4821d6c035,5872
fac9da00-2a86-4c44-b8db-a9f19904021b,5873
fad50904-423b-40cf-b2d8-7886d5213528,5874
faed2051-a03f-44e2-b2b6-3d00f781feae,5875
faf42757-72d8-4661-b4bc-bf657b19140a,5876
fafefc75-92d5-44ca-b97c-6211618abe0b,5877
fb0258f9-6b20-4cbe-b5ba-f67f12bb4db2,5878
fb09e58a-2464-4585-8ae9-ee39436da2ed,5879
fb0c5df3-9faa-49a3-9a5f-720a8b0fefcc,5880
fb37a575-5ee1-4925-81c5-1b7357c49c38,5881
fb4c35fe-822e-430b-adcc-32c83024c212,5882
fb5f6b0c-3931-4f8e-a340-42b4026f46c4,5883
fb611c2f-3d1a-4ff6-9636-dac8b07c375b,5884
fb67ac6d-6978-4cfc-8201-06e23440b8b1,5885
fb6b24fc-b003-498c-8af2-d28c930bfca2,5886
fb87e983-dda1-486c-9c72-83bbd5a3e388,5887
fbb89419-bb22-499c-a863-9b6f7013fd32,5888
fbbb1a57-a12b-4f9e-b4e4-a8b5382af657,5889
fbc2600b-b177-41fa-8beb-a19fbe102e6b,5890
fbc4bcd4-6b5a-43c9-8bae-872f8eab0170,5891
fbc6d3d1-c3a9-4422-8e58-5958e8d441d9,5892
fbcedeab-a945-40c8-92a9-10d08930eec2,5893
fbd3f31d-cb1f-4dc4-9c72-01650e1b7740,5894
fbe40b8b-8add-4b21-b88f-305766586eda,5895
fbf182f6-bdfa-4617-8562-07bfc54b065d,5896
fbfc05e3-16b1-4c2c-84c1-0bc6599407b6,5897
fc1ab2de-dc14-4b91-a541-6ddf92c1f75c,5898
fc29f349-25a2-413c-acc6-599d136ac9f5,5899
fc2bd7cb-a868-47cd-bbc3-7f8b1bbba23e,5900
fc2d23a2-4e02-47f9-958d-633c5d1f85dd,5901
fc30c141-0c62-422d-abe1-394a81afd844,5902
fc38b01c-7747-4c8a-9b89-6160f13792c4,5903
fc3b3296-cc74-4b4f-a7e4-8d484ebc3558,5904
fc3e1216-12d8-48cb-90f4-31ba1ff01150,5905
fc49c820-72cd-4baa-bdae-499ba6d8b3f7,5906
fc569998-5dfc-4543-b988-79aee9fc3b20,5907
fc6558bd-28fe-4505-a72f-2d8b7ad22537,5908
fc71d13a-ba8a-4df5-9f9a-32e4d5c51594,5909
fc93a8cb-c850-4bba-81e1-3fe88640fde4,5910
fcae8828-c923-4981-8fde-0ee345693164,5911
fcae8c49-a252-43d2-97f4-99b8029a5283,5912
fcb8d589-8ee7-4ffe-88e2-61572c84e640,5913
fcbad0bf-483b-4e68-9231-febddc1908c1,5914
fcc34259-c342-42a2-ac66-fa0bce64874f,5915
fcc7085b-d859-4927-9f00-f0524e712304,5916
fccc7c54-ff1e-4f15-ad03-1d2a9b4af29c,5917
fcd90f6c-dd3c-42c0-a571-673fcc32b1ad,5918
fcdd2e19-b45b-42b5-a899-916184a9fb56,5919
fcddd8f6-1148-4000-9c77-292acc5c5e62,5920
fcdfe139-1efd-431f-bd8d-ce2f550cd56a,5921
fce422f3-eca7-444d-b5a4-0cb693f4d19d,5922
fce6cf92-f9b2-4ff8-9f57-03da2332f15f,5923
fcea1d9d-728d-468a-adc9-9558b213e43e,5924
fd089a62-a4b5-4f69-aaed-6816da0d309f,5925
fd153cfb-4dff-46dc-b8c2-a82128e37cd3,5926
fd16ab04-5d31-409c-bfb6-891c5e03e540,5927
fd2105be-a51c-4143-b36d-02575522cb77,5928
fd33b4cb-5478-4740-a115-e01af441d002,5929
fd3c4fb1-ad26-4b6c-92ee-1742c357e342,5930
fd450bec-ef40-4552-9d41-1938848d2f92,5931
fd5203c6-1ae1-4a97-8d0f-13362189d458,5932
fd57f39c-b584-4249-a84f-ae0af3f3f465,5933
fd62ca8d-ee4b-4e07-8e73-cdfc132ee8d9,5934
fd74b723-5122-4efb-87ad-333ad3de8bf9,5935
fd7894d8-554f-4e58-820c-81ca88686509,5936
fd7b9ac4-d17d-40e4-973a-3631c62d1c92,5937
fd8c672d-ca42-427d-86f9-5a972d321a8b,5938
fd99542d-e759-4378-b850-afdf71f23723,5939
fda45c2e-e615-42d2-8b2d-337f82cc2e6e,5940
fda5a87d-6cb8-48af-be79-2d2ccbacff1e,5941
fda66e0b-08bd-4cd7-8aeb-f48847209717,5942
fdc3b1a1-d286-4de7-9bff-f2e5e266fe73,5943
fdc4c487-2f8d-4665-8daa-a4b4cac231b6,5944
fdc9d77d-d303-47a9-8fef-c8ed5de7ae33,5945
fdd1d865-d9ca-4c57-8487-5bb3cfb1db56,5946
fdd5ddc4-934b-4295-acae-29841f6e2f32,5947
fdd861bc-f0c1-4f97-8f98-d09620be1854,5948
fddaf004-f5db-4143-b89b-3316bf1c3b37,5949
fddced0c-3192-4b8f-af09-43539e9c455d,5950
fdfe53b1-69f9-4ed2-8d42-1ee747057c81,5951
fe03c785-92af-4089-b636-5b7836b46122,5952
fe0dd913-0ea5-4488-8aad-2ed898d92cc6,5953
fe13e524-d393-446b-8d26-6943efcb5791,5954
fe1fd8cf-b21c-478e-bae6-d5342a0f6c95,5955
fe22c65e-f6ee-46a3-a954-1a950dd7ce6e,5956
fe248835-a1db-4beb-b6ae-2eb4a2e23107,5957
fe25eb74-fee4-4a14-b623-a23803d12fd8,5958
fe2e1373-e877-4334-954a-60cb0aac0cd0,5959
fe2e7c54-8f35-4e4c-bf9e-7b156b317cfd,5960
fe2f6284-d508-4360-9ad8-9c3d1737def0,5961
fe3faf40-051c-41a6-947e-deb9f0f720d4,5962
fe458378-1045-4bd7-8d76-3d43cd7ef252,5963
fe472531-7a86-457b-bd45-1df34b50d6ff,5964
fe5278e2-d27d-4278-83db-dfc6a72da8ea,5965
fe54b5a1-3272-4e33-b7b3-3c47f59f169b,5966
fe55806c-51ac-40dd-a74e-0815d91523b0,5967
fe577521-a7cf-48fb-9243-f423508cfd90,5968
fe60f86f-b6e7-49c7-94d8-9f8082ec10a2,5969
fe62083c-36ca-43f9-a737-b08e7f4cbf4e,5970
fe70817c-4f60-4c04-b026-06b8428689cd,5971
fe7c4469-d3d3-4de1-a072-00c76c27f1b8,5972
fe9354b4-1903-4185-b22f-763853071dad,5973
fe93acc0-1271-418f-b4c8-2d869ee4c315,5974
fe93f53d-d15a-4c06-93b9-5df5f5aea3fb,5975
fe9e5742-7f13-45a3-9cb8-06c0ac61d177,5976
fe9fa22e-28b5-4f82-9613-8c67e2564bd2,5977
feac8966-e3b4-4b16-9f42-4f11f5bf95b2,5978
feb84fd9-95b1-44a8-8b79-b377e1eefa5e,5979
fec5efec-4b92-4e8e-92aa-51190dafdcb9,5980
fed60a60-7c56-4f8e-8a55-223f17de972c,5981
fedc16d2-8f9a-4fbf-8775-62e51c89f6aa,5982
fee6a38b-690b-4ad4-8054-b81e174f51c7,5983
fefd7f41-c6b6-4220-925f-3b662177bbc5,5984
ff165d6f-1fd1-4e3a-bd15-bd0d9fea65ce,5985
ff340ae5-61a6-488c-a2df-d6c148e0e0fa,5986
ff39ac12-8345-46d7-ae85-6a2e6cc0f95b,5987
ff39cf19-424e-46c7-892f-7561c259c391,5988
ff3da490-d6bc-4555-bed3-d23a988ced0b,5989
ff414a34-03bb-4aad-83be-251e74bf8cbe,5990
ff477c4b-2cb7-4556-8cfc-7aab73a0a112,5991
ff6019af-11af-408c-84fa-0295ca43525b,5992
ff609cbd-2022-43c2-b5a4-88ffbc737de8,5993
ff614fcd-7094-4e77-aedf-bfda1adcc063,5994
ff734236-6ae5-4f8e-bb0a-8e0b78c902ba,5995
ff7a3ea3-39c1-4e0e-9976-8f541adf72df,5996
ff7ec850-0bee-43ea-b4a2-ad7998fe3b18,5997
ff8e4a69-8cef-4e3e-8969-aae81a545502,5998
ffa15622-5ba1-4161-8a32-abeb93c062e7,5999
ffb23e26-c407-40fc-a56c-ff7f9329bfb8,6000
ffd37f1a-cafc-4c8a-a25e-16f6f3a5ba9a,6001
ffd60a48-8ee6-4ab5-b214-2546aec23a82,6002
ffe957b4-2fae-4f23-b95f-361715dbe604,6003
fff8aaa1-3740-407c-9f5e-64ec3feae9a5,6004
fffcb8dd-c64b-4efc-9d3f-c14bbc5af6e2,6005
